,chr,end_0,end_1,TSS,strand,dist,end_1_original,end_1_fix
0,1,959222,959223,959251,-,8,959223,959215
1,1,959224,959225,959256,-,10,959225,959215
2,1,959236,959237,959268,-,22,959237,959215
3,1,1013556,1013557,1013493,+,19,1013557,1013576
4,1,1013560,1013561,1013497,+,15,1013561,1013576
5,1,1231950,1231951,1231982,-,59,1231951,1231892
6,1,1231951,1231952,1231983,-,60,1231952,1231892
7,1,1273803,1273804,1273833,-,138,1273804,1273666
8,1,1407211,1407212,1407243,-,81,1407212,1407131
9,1,1407221,1407222,1407250,-,91,1407222,1407131
10,1,1407223,1407224,1407247,-,93,1407224,1407131
11,1,1407246,1407247,1407278,-,116,1407247,1407131
12,1,1407258,1407259,1407292,-,128,1407259,1407131
13,1,1407263,1407264,1407293,-,133,1407264,1407131
14,1,1574836,1574837,1574863,-,359,1574837,1574478
15,1,1658989,1658990,1659008,-,76,1658990,1658914
16,1,1724325,1724326,1724357,-,68,1724326,1724258
17,1,1891055,1891056,1891087,-,31,1891056,1891025
18,1,2194754,2194755,2194772,-,67,2194755,2194688
19,1,3796459,3796460,3796491,-,598,3796460,3795862
20,1,3857179,3857180,3857211,-,-148,3857180,3857328
21,1,6026420,6026421,6026336,+,24,6026421,6026445
22,1,6026444,6026445,6026373,+,0,6026445,6026445
23,1,6199542,6199543,6199582,-,-19,6199543,6199562
24,1,6199567,6199568,6199588,-,6,6199568,6199562
25,1,6199577,6199578,6199609,-,16,6199578,6199562
26,1,6701784,6701785,6701814,-,56,6701785,6701729
27,1,6701784,6701785,6701816,-,56,6701785,6701729
28,1,7771359,7771360,7771275,+,25,7771360,7771385
29,1,7771373,7771374,7771296,+,11,7771374,7771385
30,1,7771384,7771385,7771305,+,0,7771385,7771385
31,1,7961734,7961735,7961663,+,0,7961735,7961735
32,1,7961734,7961735,7961680,+,0,7961735,7961735
33,1,7961734,7961735,7961701,+,0,7961735,7961735
34,1,7961734,7961735,7961709,+,0,7961735,7961735
35,1,7961734,7961735,7961711,+,0,7961735,7961735
36,1,7961734,7961735,7961713,+,0,7961735,7961735
37,1,7961734,7961735,7961717,+,0,7961735,7961735
38,1,7961734,7961735,7961718,+,0,7961735,7961735
39,1,8878613,8878614,8878644,-,34,8878614,8878580
40,1,8878654,8878655,8878683,-,75,8878655,8878580
41,1,8878654,8878655,8878685,-,75,8878655,8878580
42,1,8878656,8878657,8878679,-,77,8878657,8878580
43,1,8878658,8878659,8878690,-,79,8878659,8878580
44,1,8878661,8878662,8878692,-,82,8878662,8878580
45,1,8878662,8878663,8878688,-,83,8878663,8878580
46,1,8878669,8878670,8878686,-,90,8878670,8878580
47,1,8878671,8878672,8878689,-,92,8878672,8878580
48,1,8878677,8878678,8878709,-,98,8878678,8878580
49,1,8878688,8878689,8878720,-,109,8878689,8878580
50,1,8878692,8878693,8878712,-,113,8878693,8878580
51,1,9823933,9823934,9823965,-,291,9823934,9823643
52,1,10033013,10033014,10032965,+,680,10033014,10033694
53,1,10399121,10399122,10399066,+,3,10399122,10399125
54,1,10399124,10399125,10399058,+,0,10399125,10399125
55,1,10399124,10399125,10399061,+,0,10399125,10399125
56,1,10399124,10399125,10399069,+,0,10399125,10399125
57,1,10475001,10475002,10474961,+,0,10475002,10475002
58,1,11012704,11012705,11012655,+,38,11012705,11012743
59,1,11012719,11012720,11012651,+,23,11012720,11012743
60,1,11012738,11012739,11012654,+,4,11012739,11012743
61,1,11012742,11012743,11012659,+,0,11012743,11012743
62,1,11060012,11060013,11060044,-,236,11060013,11059777
63,1,11680936,11680937,11680968,-,-102,11680937,11681039
64,1,11980483,11980484,11980444,+,0,11980484,11980484
65,1,13487774,13487775,13487705,+,-77231,13487775,13487775
66,1,16678316,16678317,16678345,-,64979,16678317,16678317
67,1,16678316,16678317,16678346,-,64979,16678317,16678317
68,1,16678327,16678328,16678344,-,64990,16678328,16678328
69,1,16678327,16678328,16678347,-,64990,16678328,16678328
70,1,16686219,16686220,16686251,-,72882,16686220,16686220
71,1,16727361,16727362,16727281,+,194716,16727362,16727362
72,1,16727363,16727364,16727279,+,194714,16727364,16727364
73,1,16905283,16905284,16905199,+,16794,16905284,16922078
74,1,16905285,16905286,16905201,+,16792,16905286,16922078
75,1,16905288,16905289,16905204,+,16789,16905289,16922078
76,1,17053997,17053998,17054029,-,50,17053998,17053948
77,1,17054003,17054004,17054032,-,56,17054004,17053948
78,1,17438533,17438534,17438565,-,304,17438534,17438230
79,1,17438538,17438539,17438570,-,309,17438539,17438230
80,1,17439641,17439642,17439671,-,97,17439642,17439545
81,1,17439644,17439645,17439675,-,100,17439645,17439545
82,1,17439659,17439660,17439677,-,115,17439660,17439545
83,1,17439688,17439689,17439709,-,144,17439689,17439545
84,1,17439689,17439690,17439721,-,145,17439690,17439545
85,1,17439691,17439692,17439723,-,147,17439692,17439545
86,1,19210229,19210230,19210261,-,157,19210230,19210073
87,1,19251493,19251494,19251524,-,79,19251494,19251415
88,1,19251495,19251496,19251527,-,81,19251496,19251415
89,1,19251503,19251504,19251522,-,89,19251504,19251415
90,1,19251862,19251863,19251820,+,0,19251863,19251863
91,1,19251862,19251863,19251825,+,0,19251863,19251863
92,1,20786620,20786621,20786652,-,-28,20786621,20786649
93,1,20786634,20786635,20786666,-,-14,20786635,20786649
94,1,20787275,20787276,20787307,-,81,20787276,20787195
95,1,22052741,22052742,22052709,+,0,22052742,22052742
96,1,22052741,22052742,22052711,+,0,22052742,22052742
97,1,22052741,22052742,22052717,+,0,22052742,22052742
98,1,22052741,22052742,22052728,+,0,22052742,22052742
99,1,22052741,22052742,22052731,+,0,22052742,22052742
100,1,23344249,23344250,23344281,-,39,23344250,23344211
101,1,23344252,23344253,23344284,-,42,23344253,23344211
102,1,23559480,23559481,23559499,-,354,23559481,23559127
103,1,23559482,23559483,23559501,-,356,23559483,23559127
104,1,23559486,23559487,23559503,-,360,23559487,23559127
105,1,23691828,23691829,23691801,+,0,23691829,23691829
106,1,23743547,23743548,23743471,+,30,23743548,23743578
107,1,23778476,23778477,23778418,+,236,23778477,23778713
108,1,23980346,23980347,23980370,-,156,23980347,23980191
109,1,25232447,25232448,25232479,-,4,25232448,25232444
110,1,25247431,25247432,25247454,-,123,25247432,25247309
111,1,25338387,25338388,25338318,+,68,25338388,25338456
112,1,25338388,25338389,25338308,+,67,25338389,25338456
113,1,25338389,25338390,25338314,+,66,25338390,25338456
114,1,25338390,25338391,25338306,+,65,25338391,25338456
115,1,25338399,25338400,25338334,+,56,25338400,25338456
116,1,25906384,25906385,25906416,-,-4,25906385,25906389
117,1,25906384,25906385,25906417,-,-4,25906385,25906389
118,1,25906388,25906389,25906414,-,0,25906389,25906389
119,1,25906389,25906390,25906421,-,1,25906390,25906389
120,1,25906394,25906395,25906420,-,6,25906395,25906389
121,1,25906397,25906398,25906429,-,9,25906398,25906389
122,1,25906400,25906401,25906418,-,12,25906401,25906389
123,1,25906400,25906401,25906419,-,12,25906401,25906389
124,1,25906420,25906421,25906451,-,32,25906421,25906389
125,1,26169985,26169986,26169923,+,197,26169986,26170183
126,1,26170001,26170002,26169927,+,181,26170002,26170183
127,1,26246807,26246808,26246754,+,10922,26246808,26257730
128,1,26280174,26280175,26280099,+,28,26280175,26280203
129,1,26306604,26306605,26306636,-,13,26306605,26306592
130,1,26472480,26472481,26472420,+,146,26472481,26472627
131,1,26472493,26472494,26472440,+,133,26472494,26472627
132,1,26890242,26890243,26890274,-,298,26890243,26889945
133,1,26921798,26921799,26921726,+,130,26921799,26921929
134,1,26921823,26921824,26921760,+,105,26921824,26921929
135,1,26921833,26921834,26921756,+,95,26921834,26921929
136,1,27322320,27322321,27322266,+,70,27322321,27322391
137,1,27322365,27322366,27322293,+,25,27322366,27322391
138,1,27672163,27672164,27672192,-,41,27672164,27672123
139,1,27773267,27773268,27773195,+,157,27773268,27773425
140,1,27914522,27914523,27914549,-,89,27914523,27914434
141,1,27914525,27914526,27914557,-,92,27914526,27914434
142,1,27914529,27914530,27914561,-,96,27914530,27914434
143,1,27914543,27914544,27914575,-,-83,27914544,27914627
144,1,28232988,28232989,28233020,-,68,28232989,28232921
145,1,28233000,28233001,28233029,-,80,28233001,28232921
146,1,28236192,28236193,28236124,+,77,28236193,28236270
147,1,28236195,28236196,28236121,+,74,28236196,28236270
148,1,28236199,28236200,28236134,+,70,28236200,28236270
149,1,28236223,28236224,28236154,+,46,28236224,28236270
150,1,28236236,28236237,28236163,+,33,28236237,28236270
151,1,28648684,28648685,28648600,+,20154,28648685,28648685
152,1,28737020,28737021,28736951,+,126,28737021,28737147
153,1,30757742,30757743,30757774,-,84,30757743,30757659
154,1,30757790,30757791,30757822,-,132,30757791,30757659
155,1,31296733,31296734,31296764,-,123,31296734,31296611
156,1,31296734,31296735,31296766,-,124,31296735,31296611
157,1,31297074,31297075,31297032,+,0,31297075,31297075
158,1,31644843,31644844,31644873,-,3,31644844,31644841
159,1,31644844,31644845,31644876,-,4,31644845,31644841
160,1,31644853,31644854,31644885,-,13,31644854,31644841
161,1,31938316,31938317,31938348,-,330,31938317,31937987
162,1,31938323,31938324,31938354,-,337,31938324,31937987
163,1,31938324,31938325,31938356,-,338,31938325,31937987
164,1,32200649,32200650,32200595,+,59,32200650,32200709
165,1,32201809,32201810,32201725,+,-1101,32201810,32200709
166,1,32222443,32222444,32222407,+,0,32222444,32222444
167,1,32222443,32222444,32222433,+,0,32222444,32222444
168,1,32251339,32251340,32251266,+,31,32251340,32251371
169,1,32251340,32251341,32251270,+,30,32251341,32251371
170,1,32251343,32251344,32251265,+,27,32251344,32251371
171,1,32274168,32274169,32274113,+,57,32274169,32274226
172,1,32274181,32274182,32274115,+,44,32274182,32274226
173,1,32274183,32274184,32274125,+,42,32274184,32274226
174,1,32274192,32274193,32274121,+,33,32274193,32274226
175,1,32336199,32336200,32336230,-,253,32336200,32335947
176,1,32336201,32336202,32336232,-,255,32336202,32335947
177,1,32336215,32336216,32336233,-,269,32336216,32335947
178,1,32394410,32394411,32394441,-,7,32394411,32394404
179,1,32650518,32650519,32650550,-,86,32650519,32650433
180,1,32650523,32650524,32650545,-,91,32650524,32650433
181,1,32817326,32817327,32817358,-,139,32817327,32817188
182,1,33036836,33036837,33036868,-,101,33036837,33036736
183,1,33036840,33036841,33036870,-,105,33036841,33036736
184,1,33036849,33036850,33036879,-,114,33036850,33036736
185,1,33036850,33036851,33036882,-,115,33036851,33036736
186,1,33036851,33036852,33036883,-,116,33036852,33036736
187,1,33036862,33036863,33036894,-,127,33036863,33036736
188,1,35193100,35193101,35193132,-,879,35193101,35192222
189,1,35193109,35193110,35193141,-,888,35193110,35192222
190,1,35193111,35193112,35193143,-,890,35193112,35192222
191,1,35193128,35193129,35193145,-,907,35193129,35192222
192,1,35641474,35641475,35641506,-,133,35641475,35641342
193,1,35641484,35641485,35641514,-,143,35641485,35641342
194,1,35641489,35641490,35641519,-,148,35641490,35641342
195,1,35641490,35641491,35641509,-,149,35641491,35641342
196,1,35641494,35641495,35641526,-,153,35641495,35641342
197,1,35641508,35641509,35641540,-,167,35641509,35641342
198,1,35641511,35641512,35641543,-,170,35641512,35641342
199,1,35641518,35641519,35641550,-,177,35641519,35641342
200,1,35641528,35641529,35641563,-,187,35641529,35641342
201,1,36149463,36149464,36149486,-,127,36149464,36149337
202,1,36224504,36224505,36224429,+,0,36224505,36224505
203,1,36224504,36224505,36224447,+,0,36224505,36224505
204,1,36224504,36224505,36224463,+,0,36224505,36224505
205,1,37595905,37595906,37595937,-,147,37595906,37595759
206,1,37595912,37595913,37595935,-,154,37595913,37595759
207,1,37692553,37692554,37692481,+,24,37692554,37692578
208,1,37692559,37692560,37692483,+,18,37692560,37692578
209,1,37692562,37692563,37692490,+,15,37692563,37692578
210,1,37692575,37692576,37692491,+,2,37692576,37692578
211,1,37692578,37692579,37692496,+,-1,37692579,37692578
212,1,37990004,37990005,37990022,-,135,37990005,37989870
213,1,37990010,37990011,37990042,-,141,37990011,37989870
214,1,37990013,37990014,37990043,-,144,37990014,37989870
215,1,37990046,37990047,37990078,-,177,37990047,37989870
216,1,38012749,38012750,38012719,+,115,38012750,38012865
217,1,38012788,38012789,38012712,+,76,38012789,38012865
218,1,38012802,38012803,38012718,+,62,38012803,38012865
219,1,38012811,38012812,38012727,+,53,38012812,38012865
220,1,38012818,38012819,38012734,+,46,38012819,38012865
221,1,38012818,38012819,38012749,+,46,38012819,38012865
222,1,39026389,39026390,39026318,+,8,39026390,39026398
223,1,39026395,39026396,39026325,+,2,39026396,39026398
224,1,39026397,39026398,39026346,+,0,39026398,39026398
225,1,39026397,39026398,39026350,+,0,39026398,39026398
226,1,39026397,39026398,39026371,+,0,39026398,39026398
227,1,39026397,39026398,39026373,+,0,39026398,39026398
228,1,39026397,39026398,39026375,+,0,39026398,39026398
229,1,39026401,39026402,39026354,+,0,39026402,39026402
230,1,39328495,39328496,39328411,+,-28134,39328496,39328496
231,1,39328500,39328501,39328416,+,-28139,39328501,39328501
232,1,39328518,39328519,39328434,+,-28157,39328519,39328519
233,1,39328520,39328521,39328436,+,-28159,39328521,39328521
234,1,39883472,39883473,39883504,-,155,39883473,39883318
235,1,40040782,40040783,40040742,+,0,40040783,40040783
236,1,40040782,40040783,40040759,+,0,40040783,40040783
237,1,40040800,40040801,40040758,+,0,40040801,40040801
238,1,40040800,40040801,40040760,+,0,40040801,40040801
239,1,40040800,40040801,40040773,+,0,40040801,40040801
240,1,40040800,40040801,40040775,+,0,40040801,40040801
241,1,40097210,40097211,40097242,-,96,40097211,40097115
242,1,40097214,40097215,40097245,-,100,40097215,40097115
243,1,40097215,40097216,40097247,-,101,40097216,40097115
244,1,40097217,40097218,40097249,-,103,40097218,40097115
245,1,40097220,40097221,40097252,-,106,40097221,40097115
246,1,40097224,40097225,40097254,-,110,40097225,40097115
247,1,40691804,40691805,40691722,+,62,40691805,40691867
248,1,40691843,40691844,40691769,+,23,40691844,40691867
249,1,41872188,41872189,41872220,-,-46224,41872189,41872189
250,1,41872198,41872199,41872237,-,-46214,41872199,41872199
251,1,42658457,42658458,42658423,+,54,42658458,42658512
252,1,42658508,42658509,42658424,+,3,42658509,42658512
253,1,42958838,42958839,42958868,-,205,42958839,42958634
254,1,43172246,43172247,43172277,-,-33,43172247,43172280
255,1,43172250,43172251,43172279,-,-29,43172251,43172280
256,1,43172251,43172252,43172283,-,-28,43172252,43172280
257,1,43172259,43172260,43172290,-,-20,43172260,43172280
258,1,43172262,43172263,43172294,-,-17,43172263,43172280
259,1,43172263,43172264,43172286,-,-16,43172264,43172280
260,1,43172265,43172266,43172297,-,-14,43172266,43172280
261,1,43172268,43172269,43172300,-,-11,43172269,43172280
262,1,43172269,43172270,43172301,-,-10,43172270,43172280
263,1,43359005,43359006,43358947,+,0,43359006,43359006
264,1,43359005,43359006,43358953,+,0,43359006,43359006
265,1,43970063,43970064,43969987,+,258,43970064,43970322
266,1,43970071,43970072,43970010,+,250,43970072,43970322
267,1,43975020,43975021,43974960,+,86,43975021,43975107
268,1,44355220,44355221,44355249,-,329,44355221,44354892
269,1,44355225,44355226,44355257,-,334,44355226,44354892
270,1,44632017,44632018,44631955,+,190,44632018,44632208
271,1,44721881,44721882,44721903,-,47551,44721882,44721882
272,1,44739906,44739907,44739830,+,95,44739907,44740002
273,1,44739921,44739922,44739837,+,80,44739922,44740002
274,1,44739939,44739940,44739865,+,62,44739940,44740002
275,1,44739946,44739947,44739862,+,55,44739947,44740002
276,1,44739948,44739949,44739864,+,53,44739949,44740002
277,1,44739950,44739951,44739870,+,51,44739951,44740002
278,1,44739960,44739961,44739881,+,41,44739961,44740002
279,1,44775599,44775600,44775574,+,0,44775600,44775600
280,1,44819965,44819966,44819997,-,-3277,44819966,44823243
281,1,45012281,45012282,45012201,+,3,45012282,45012285
282,1,45012281,45012282,45012217,+,3,45012282,45012285
283,1,45012284,45012285,45012223,+,0,45012285,45012285
284,1,45012285,45012286,45012211,+,-1,45012286,45012285
285,1,45521854,45521855,45521886,-,-3,45521855,45521858
286,1,45521858,45521859,45521882,-,1,45521859,45521858
287,1,45521867,45521868,45521884,-,10,45521868,45521858
288,1,45551149,45551150,45551065,+,5,45551150,45551155
289,1,45551154,45551155,45551076,+,0,45551155,45551155
290,1,45584129,45584130,45584045,+,75,45584130,45584205
291,1,45688265,45688266,45688181,+,9,45688266,45688275
292,1,45688274,45688275,45688202,+,0,45688275,45688275
293,1,46303686,46303687,46303602,+,133,46303687,46303820
294,1,46303745,46303746,46303661,+,74,46303746,46303820
295,1,46303764,46303765,46303680,+,55,46303765,46303820
296,1,46303775,46303776,46303691,+,44,46303776,46303820
297,1,46303777,46303778,46303693,+,42,46303778,46303820
298,1,46303782,46303783,46303698,+,37,46303783,46303820
299,1,46303785,46303786,46303704,+,34,46303786,46303820
300,1,46303788,46303789,46303710,+,31,46303789,46303820
301,1,47231857,47231858,47231889,-,201,47231858,47231657
302,1,50968877,50968878,50968807,+,1021,50968878,50969899
303,1,51519243,51519244,51519275,-,45,51519244,51519199
304,1,51617177,51617178,51617092,+,43,51617178,51617221
305,1,52055165,52055166,52055197,-,166,52055166,52055000
306,1,52055170,52055171,52055202,-,171,52055171,52055000
307,1,52056378,52056379,52056332,+,0,52056379,52056379
308,1,52404686,52404687,52404602,+,192,52404687,52404879
309,1,52404689,52404690,52404612,+,189,52404690,52404879
310,1,52404693,52404694,52404609,+,185,52404694,52404879
311,1,52553060,52553061,52553092,-,130,52553061,52552931
312,1,52553067,52553068,52553099,-,137,52553068,52552931
313,1,53015016,53015017,53014941,+,26,53015017,53015043
314,1,53015026,53015027,53014947,+,16,53015027,53015043
315,1,53015026,53015027,53014960,+,16,53015027,53015043
316,1,53015027,53015028,53014955,+,15,53015028,53015043
317,1,53015030,53015031,53014958,+,12,53015031,53015043
318,1,53015042,53015043,53014974,+,0,53015043,53015043
319,1,53015042,53015043,53014977,+,0,53015043,53015043
320,1,53015042,53015043,53014988,+,0,53015043,53015043
321,1,53015042,53015043,53015008,+,0,53015043,53015043
322,1,53238467,53238468,53238496,-,107,53238468,53238361
323,1,53238476,53238477,53238508,-,116,53238477,53238361
324,1,53238486,53238487,53238518,-,126,53238487,53238361
325,1,53238489,53238490,53238521,-,129,53238490,53238361
326,1,53238493,53238494,53238525,-,133,53238494,53238361
327,1,53238505,53238506,53238527,-,145,53238506,53238361
328,1,53945540,53945541,53945574,-,-14,53945541,53945555
329,1,54053697,54053698,54053637,+,60,54053698,54053758
330,1,54200240,54200241,54200194,+,348,54200241,54200589
331,1,54887165,54887166,54887195,-,277,54887166,54886889
332,1,58049343,58049344,58049373,-,-489451,58049344,58049344
333,1,58700030,58700031,58700062,-,46,58700031,58699985
334,1,61725111,61725112,61725141,-,155,61725112,61724957
335,1,62437132,62437133,62437049,+,267,62437133,62437400
336,1,62437134,62437135,62437050,+,265,62437135,62437400
337,1,62784210,62784211,62784132,+,14,62784211,62784225
338,1,63523135,63523136,63523167,-,7,63523136,63523129
339,1,63523153,63523154,63523185,-,25,63523154,63523129
340,1,63523162,63523163,63523194,-,34,63523163,63523129
341,1,66930399,66930400,66930380,+,0,66930400,66930400
342,1,67685273,67685274,67685201,+,264,67685274,67685538
343,1,70205520,70205521,70205552,-,131,70205521,70205390
344,1,70205533,70205534,70205565,-,144,70205534,70205390
345,1,70205779,70205780,70205724,+,0,70205780,70205780
346,1,70205779,70205780,70205727,+,0,70205780,70205780
347,1,70221534,70221535,70221480,+,304,70221535,70221839
348,1,71080981,71080982,71081013,-,42,71080982,71080940
349,1,71080987,71080988,71081017,-,48,71080988,71080940
350,1,71080999,71081000,71081019,-,60,71081000,71080940
351,1,71080999,71081000,71081029,-,60,71081000,71080940
352,1,71080999,71081000,71081031,-,60,71081000,71080940
353,1,71081001,71081002,71081033,-,62,71081002,71080940
354,1,71081002,71081003,71081034,-,63,71081003,71080940
355,1,71081005,71081006,71081037,-,66,71081006,71080940
356,1,71081011,71081012,71081035,-,72,71081012,71080940
357,1,71081013,71081014,71081032,-,74,71081014,71080940
358,1,74733020,74733021,74733050,-,65,74733021,74732956
359,1,75724773,75724774,75724706,+,43,75724774,75724817
360,1,75724780,75724781,75724711,+,36,75724781,75724817
361,1,75724793,75724794,75724709,+,23,75724794,75724817
362,1,75724801,75724802,75724722,+,15,75724802,75724817
363,1,75724804,75724805,75724720,+,12,75724805,75724817
364,1,75724808,75724809,75724729,+,8,75724809,75724817
365,1,75724816,75724817,75724755,+,0,75724817,75724817
366,1,77219398,77219399,77219430,-,89,77219399,77219310
367,1,84144353,84144354,84144271,+,194,84144354,84144548
368,1,84144412,84144413,84144328,+,135,84144413,84144548
369,1,84144418,84144419,84144334,+,129,84144419,84144548
370,1,85259630,85259631,85259662,-,273,85259631,85259358
371,1,85708383,85708384,85708415,-,330,85708384,85708054
372,1,86396303,86396304,86396323,-,271,86396304,86396033
373,1,86914083,86914084,86914115,-,56,86914084,86914028
374,1,86914092,86914093,86914124,-,65,86914093,86914028
375,1,86914095,86914096,86914116,-,68,86914096,86914028
376,1,86914095,86914096,86914125,-,68,86914096,86914028
377,1,86914097,86914098,86914114,-,70,86914098,86914028
378,1,86914109,86914110,86914126,-,82,86914110,86914028
379,1,88891532,88891533,88891564,-,50,88891533,88891483
380,1,88891535,88891536,88891567,-,53,88891536,88891483
381,1,89022826,89022827,89022854,-,143,89022827,89022684
382,1,89065276,89065277,89065309,-,117,89065277,89065160
383,1,89065287,89065288,89065320,-,128,89065288,89065160
384,1,89065299,89065300,89065331,-,140,89065300,89065160
385,1,89065319,89065320,89065351,-,160,89065320,89065160
386,1,89065331,89065332,89065363,-,172,89065332,89065160
387,1,91500911,91500912,91500851,+,36,91500912,91500948
388,1,92832100,92832101,92832042,+,16,92832101,92832117
389,1,92832104,92832105,92832041,+,12,92832105,92832117
390,1,92832116,92832117,92832040,+,0,92832117,92832117
391,1,92832116,92832117,92832071,+,0,92832117,92832117
392,1,92832116,92832117,92832073,+,0,92832117,92832117
393,1,93079352,93079353,93079283,+,178,93079353,93079531
394,1,93079376,93079377,93079298,+,154,93079377,93079531
395,1,93847645,93847646,93847569,+,-317890,93847646,93847646
396,1,93879142,93879143,93879174,-,66,93879143,93879077
397,1,93879146,93879147,93879178,-,70,93879147,93879077
398,1,93879148,93879149,93879179,-,72,93879149,93879077
399,1,93879148,93879149,93879180,-,72,93879149,93879077
400,1,97921002,97921003,97921034,-,119,97921003,97920884
401,1,100249802,100249803,100249834,-,33,100249803,100249770
402,1,100896151,100896152,100896090,+,190,100896152,100896342
403,1,100896170,100896171,100896100,+,171,100896171,100896342
404,1,101025722,101025723,101025754,-,40,101025723,101025683
405,1,103525785,103525786,103525701,+,37,103525786,103525823
406,1,108661050,108661051,108661075,-,88,108661051,108660963
407,1,108692394,108692395,108692310,+,472,108692395,108692867
408,1,108692421,108692422,108692337,+,445,108692422,108692867
409,1,109214002,109214003,109213918,+,125,109214003,109214128
410,1,109214004,109214005,109213920,+,123,109214005,109214128
411,1,109214010,109214011,109213932,+,117,109214011,109214128
412,1,109283113,109283114,109283145,-,40,109283114,109283074
413,1,109426337,109426338,109426369,-,36,109426338,109426302
414,1,109426383,109426384,109426416,-,82,109426384,109426302
415,1,109426387,109426388,109426419,-,86,109426388,109426302
416,1,109426390,109426391,109426417,-,89,109426391,109426302
417,1,109426391,109426392,109426423,-,90,109426392,109426302
418,1,109426393,109426394,109426425,-,92,109426394,109426302
419,1,109426394,109426395,109426415,-,93,109426395,109426302
420,1,109426403,109426404,109426434,-,102,109426404,109426302
421,1,109426404,109426405,109426436,-,103,109426405,109426302
422,1,109426414,109426415,109426444,-,113,109426415,109426302
423,1,109426418,109426419,109426437,-,117,109426419,109426302
424,1,109426418,109426419,109426448,-,117,109426419,109426302
425,1,109426419,109426420,109426450,-,118,109426420,109426302
426,1,109426429,109426430,109426447,-,128,109426430,109426302
427,1,109548719,109548720,109548635,+,118,109548720,109548838
428,1,109740284,109740285,109740316,-,45,109740285,109740240
429,1,109984849,109984850,109984786,+,322,109984850,109985172
430,1,110407655,110407656,110407679,-,70,110407656,110407586
431,1,110407665,110407666,110407694,-,80,110407666,110407586
432,1,110873171,110873172,110873087,+,76,110873172,110873248
433,1,110873187,110873188,110873106,+,60,110873188,110873248
434,1,110873227,110873228,110873146,+,20,110873228,110873248
435,1,110873232,110873233,110873148,+,15,110873233,110873248
436,1,110873234,110873235,110873150,+,13,110873235,110873248
437,1,111140306,111140307,111140243,+,0,111140307,111140307
438,1,111229756,111229757,111229712,+,0,111229757,111229757
439,1,111229809,111229810,111229736,+,0,111229810,111229810
440,1,111229809,111229810,111229740,+,0,111229810,111229810
441,1,111229809,111229810,111229753,+,0,111229810,111229810
442,1,111229809,111229810,111229774,+,0,111229810,111229810
443,1,111229809,111229810,111229782,+,0,111229810,111229810
444,1,111229809,111229810,111229788,+,0,111229810,111229810
445,1,111229880,111229881,111229820,+,0,111229881,111229881
446,1,111449224,111449225,111449256,-,170,111449225,111449055
447,1,111449549,111449550,111449465,+,31,111449550,111449581
448,1,111449562,111449563,111449482,+,18,111449563,111449581
449,1,111449563,111449564,111449481,+,17,111449564,111449581
450,1,111449568,111449569,111449484,+,12,111449569,111449581
451,1,111449577,111449578,111449494,+,3,111449578,111449581
452,1,111755984,111755985,111755903,+,240,111755985,111756225
453,1,112619882,112619883,112619832,+,0,112619883,112619883
454,1,112956165,112956166,112956197,-,131,112956166,112956035
455,1,112956167,112956168,112956195,-,133,112956168,112956035
456,1,112956169,112956170,112956199,-,135,112956170,112956035
457,1,113871685,113871686,113871712,-,149,113871686,113871537
458,1,114581588,114581589,114581613,-,90,114581589,114581499
459,1,114581593,114581594,114581615,-,95,114581594,114581499
460,1,114581595,114581596,114581621,-,97,114581596,114581499
461,1,114581597,114581598,114581622,-,99,114581598,114581499
462,1,114581602,114581603,114581620,-,104,114581603,114581499
463,1,114716729,114716730,114716762,-,72,114716730,114716658
464,1,114716733,114716734,114716765,-,76,114716734,114716658
465,1,114757928,114757929,114757960,-,4,114757929,114757925
466,1,114757932,114757933,114757964,-,8,114757933,114757925
467,1,114757947,114757948,114757979,-,23,114757948,114757925
468,1,114757951,114757952,114757981,-,27,114757952,114757925
469,1,114757956,114757957,114757987,-,32,114757957,114757925
470,1,114757963,114757964,114757993,-,39,114757964,114757925
471,1,114757968,114757969,114758000,-,44,114757969,114757925
472,1,114757969,114757970,114757994,-,45,114757970,114757925
473,1,114780615,114780616,114780646,-,167,114780616,114780449
474,1,114780635,114780636,114780666,-,187,114780636,114780449
475,1,114780655,114780656,114780687,-,207,114780656,114780449
476,1,116373299,116373300,116373244,+,223,116373300,116373523
477,1,116754494,116754495,116754430,+,58,116754495,116754553
478,1,116754496,116754497,116754436,+,56,116754497,116754553
479,1,116754513,116754514,116754441,+,39,116754514,116754553
480,1,117929781,117929782,117929754,+,0,117929782,117929782
481,1,119712014,119712015,119711936,+,145,119712015,119712160
482,1,120176360,120176361,120176392,-,54,120176361,120176307
483,1,120176373,120176374,120176405,-,67,120176374,120176307
484,1,120176376,120176377,120176408,-,70,120176377,120176307
485,1,120176439,120176440,120176469,-,133,120176440,120176307
486,1,120176449,120176450,120176481,-,143,120176450,120176307
487,1,120176465,120176466,120176497,-,159,120176466,120176307
488,1,120176469,120176470,120176501,-,163,120176470,120176307
489,1,120176471,120176472,120176502,-,165,120176472,120176307
490,1,120176482,120176483,120176499,-,176,120176483,120176307
491,1,120850955,120850956,120850985,-,-332382,120850956,120850956
492,1,144412630,144412631,144412576,+,181021,144412631,144412631
493,1,145281192,145281193,145281116,+,-184194,145281193,145281193
494,1,145927454,145927455,145927484,-,95,145927455,145927360
495,1,145964767,145964768,145964690,+,0,145964768,145964768
496,1,145964767,145964768,145964701,+,0,145964768,145964768
497,1,145964767,145964768,145964716,+,0,145964768,145964768
498,1,145964767,145964768,145964719,+,0,145964768,145964768
499,1,146052212,146052213,146052244,-,15555,146052213,146036658
500,1,146387448,146387449,146387449,+,-422681,146387449,146387449
501,1,146387509,146387510,146387446,+,-422742,146387510,146387510
502,1,146387531,146387532,146387448,+,-422764,146387532,146387532
503,1,147541585,147541586,147541501,+,88,147541586,147541674
504,1,148522685,148522686,148522601,+,229729,148522686,148522686
505,1,149812338,149812339,149812370,-,392,149812339,149811947
506,1,149812341,149812342,149812373,-,395,149812342,149811947
507,1,149886651,149886652,149886682,-,-817,149886652,149887469
508,1,149887002,149887003,149886918,+,408,149887003,149887411
509,1,149887003,149887004,149886919,+,407,149887004,149887411
510,1,149887946,149887947,149887963,-,478,149887947,149887469
511,1,149927749,149927750,149927782,-,24,149927750,149927726
512,1,149927771,149927772,149927803,-,46,149927772,149927726
513,1,150067917,150067918,150067833,+,32,150067918,150067950
514,1,150236083,150236084,150236112,-,8,150236084,150236076
515,1,150293897,150293898,150293855,+,0,150293898,150293898
516,1,150293897,150293898,150293858,+,0,150293898,150293898
517,1,150293897,150293898,150293861,+,0,150293898,150293898
518,1,150293897,150293898,150293862,+,0,150293898,150293898
519,1,150293897,150293898,150293881,+,0,150293898,150293898
520,1,150293897,150293898,150293885,+,0,150293898,150293898
521,1,150321591,150321592,150321533,+,0,150321592,150321592
522,1,150321591,150321592,150321550,+,0,150321592,150321592
523,1,150321591,150321592,150321553,+,0,150321592,150321592
524,1,150321591,150321592,150321558,+,0,150321592,150321592
525,1,150321591,150321592,150321569,+,0,150321592,150321592
526,1,150487515,150487516,150487435,+,0,150487516,150487516
527,1,150487515,150487516,150487441,+,0,150487516,150487516
528,1,150579578,150579579,150579610,-,29,150579579,150579550
529,1,150629556,150629557,150629577,-,143,150629557,150629414
530,1,150629560,150629561,150629591,-,147,150629561,150629414
531,1,150629565,150629566,150629596,-,152,150629566,150629414
532,1,150697117,150697118,150697149,-,126,150697118,150696992
533,1,150697122,150697123,150697154,-,131,150697123,150696992
534,1,150697125,150697126,150697157,-,134,150697126,150696992
535,1,150697143,150697144,150697175,-,152,150697144,150696992
536,1,150697152,150697153,150697184,-,161,150697153,150696992
537,1,150926447,150926448,150926363,+,15,150926448,150926463
538,1,151008527,151008528,151008461,+,143,151008528,151008671
539,1,151190135,151190136,151190167,-,131,151190136,151190005
540,1,151190165,151190166,151190197,-,161,151190166,151190005
541,1,151399616,151399617,151399565,+,110,151399617,151399727
542,1,151399627,151399628,151399564,+,99,151399628,151399727
543,1,151399647,151399648,151399581,+,79,151399648,151399727
544,1,151763464,151763465,151763496,-,138,151763465,151763327
545,1,151768137,151768138,151768139,-,4811,151768138,151763327
546,1,153545774,153545775,153545806,-,22,153545775,153545753
547,1,153658791,153658792,153658717,+,94,153658792,153658886
548,1,153670909,153670910,153670941,-,-8,153670910,153670918
549,1,153670910,153670911,153670944,-,-7,153670911,153670918
550,1,153670928,153670929,153670960,-,11,153670929,153670918
551,1,153670939,153670940,153670971,-,22,153670940,153670918
552,1,153670944,153670945,153670972,-,27,153670945,153670918
553,1,153670951,153670952,153670983,-,34,153670952,153670918
554,1,153670962,153670963,153670987,-,45,153670963,153670918
555,1,153963447,153963448,153963515,-,-47,153963448,153963495
556,1,153963494,153963495,153963521,-,0,153963495,153963495
557,1,153967693,153967694,153967725,-,243,153967694,153967451
558,1,153990801,153990802,153990762,+,0,153990802,153990802
559,1,153990801,153990802,153990763,+,0,153990802,153990802
560,1,153990801,153990802,153990764,+,0,153990802,153990802
561,1,154183133,154183134,154183155,-,146,154183134,154182988
562,1,154220561,154220562,154220593,-,220,154220562,154220342
563,1,154220974,154220975,154220922,+,0,154220975,154220975
564,1,154220974,154220975,154220953,+,0,154220975,154220975
565,1,154220974,154220975,154220955,+,0,154220975,154220975
566,1,154220974,154220975,154220958,+,0,154220975,154220975
567,1,154272716,154272717,154272641,+,-14,154272717,154272703
568,1,154627939,154627940,154627971,-,-14,154627940,154627954
569,1,154974765,154974766,154974681,+,38,154974766,154974804
570,1,155173225,155173226,155173257,-,5,155173226,155173221
571,1,155173272,155173273,155173304,-,-44,155173273,155173317
572,1,155209312,155209313,155209236,+,19,155209313,155209332
573,1,155209314,155209315,155209238,+,17,155209315,155209332
574,1,155262328,155262329,155262360,-,243,155262329,155262086
575,1,155308908,155308909,155308840,+,56,155308909,155308965
576,1,155308925,155308926,155308866,+,39,155308926,155308965
577,1,155637565,155637566,155637598,-,-50505,155637566,155637566
578,1,155637569,155637570,155637604,-,-50501,155637570,155637570
579,1,155934375,155934376,155934407,-,40,155934376,155934336
580,1,155934377,155934378,155934409,-,42,155934378,155934336
581,1,155978514,155978515,155978546,-,150,155978515,155978365
582,1,156020892,156020893,156020911,-,5,156020893,156020888
583,1,156020893,156020894,156020925,-,6,156020894,156020888
584,1,156020935,156020936,156020967,-,48,156020936,156020888
585,1,156213067,156213068,156212989,+,108,156213068,156213176
586,1,156213070,156213071,156212993,+,105,156213071,156213176
587,1,156213084,156213085,156213000,+,91,156213085,156213176
588,1,156213091,156213092,156213007,+,84,156213092,156213176
589,1,156283019,156283020,156282935,+,45,156283020,156283065
590,1,156338158,156338159,156338190,-,5,156338159,156338154
591,1,156338185,156338186,156338217,-,32,156338186,156338154
592,1,156338210,156338211,156338239,-,57,156338211,156338154
593,1,156338266,156338267,156338290,-,113,156338267,156338154
594,1,156338267,156338268,156338292,-,114,156338268,156338154
595,1,156338270,156338271,156338302,-,117,156338271,156338154
596,1,156338273,156338274,156338305,-,120,156338274,156338154
597,1,156601444,156601445,156601471,-,28952,156601445,156601445
598,1,156601448,156601449,156601479,-,28956,156601449,156601449
599,1,156741058,156741059,156741088,-,6,156741059,156741053
600,1,156767582,156767583,156767539,+,656,156767583,156768239
601,1,156767624,156767625,156767542,+,614,156767625,156768239
602,1,158203854,158203855,158203877,-,76568,158203855,158203855
603,1,158203854,158203855,158203886,-,76568,158203855,158203855
604,1,158203861,158203862,158203881,-,76575,158203862,158203862
605,1,158203864,158203865,158203884,-,76578,158203865,158203865
606,1,158203892,158203893,158203913,-,76606,158203893,158203893
607,1,158203893,158203894,158203916,-,76607,158203894,158203894
608,1,158254164,158254165,158254107,+,562,158254165,158254727
609,1,158289991,158289992,158289923,+,133,158289992,158290125
610,1,158290908,158290909,158290827,+,491,158290909,158291400
611,1,158290915,158290916,158290831,+,484,158290916,158291400
612,1,158329928,158329929,158329960,-,-867,158329929,158330796
613,1,158331160,158331161,158331193,-,-202,158331161,158331363
614,1,158331417,158331418,158331449,-,55,158331418,158331363
615,1,158353515,158353516,158353460,+,530,158353516,158354046
616,1,158353918,158353919,158353873,+,127,158353919,158354046
617,1,158353944,158353945,158353869,+,101,158353945,158354046
618,1,158353972,158353973,158353894,+,73,158353973,158354046
619,1,158354474,158354475,158354390,+,-429,158354475,158354046
620,1,158354551,158354552,158354471,+,-506,158354552,158354046
621,1,158354931,158354932,158354850,+,-886,158354932,158354046
622,1,158354935,158354936,158354852,+,-890,158354936,158354046
623,1,158354963,158354964,158354880,+,-918,158354964,158354046
624,1,158494840,158494841,158494872,-,-59425,158494841,158494841
625,1,158494848,158494849,158494880,-,-59417,158494849,158494849
626,1,158494868,158494869,158494886,-,-59397,158494869,158494869
627,1,158494926,158494927,158494958,-,-59339,158494927,158494927
628,1,159009945,159009946,159009908,+,215,159009946,159010161
629,1,159009983,159009984,159009907,+,177,159009984,159010161
630,1,159009985,159009986,159009921,+,175,159009986,159010161
631,1,159009993,159009994,159009925,+,167,159009994,159010161
632,1,159009999,159010000,159009924,+,161,159010000,159010161
633,1,159010001,159010002,159009927,+,159,159010002,159010161
634,1,159010094,159010095,159010010,+,66,159010095,159010161
635,1,159925489,159925490,159925507,-,40,159925490,159925450
636,1,160262416,160262417,160262448,-,-32,160262417,160262449
637,1,160262455,160262456,160262487,-,7,160262456,160262449
638,1,160285098,160285099,160285130,-,44,160285099,160285055
639,1,160285100,160285101,160285132,-,46,160285101,160285055
640,1,160343443,160343444,160343386,+,37,160343444,160343481
641,1,160523220,160523221,160523252,-,77,160523221,160523144
642,1,160523230,160523231,160523262,-,87,160523231,160523144
643,1,160579450,160579451,160579482,-,59,160579451,160579392
644,1,160711760,160711761,160711791,-,79,160711761,160711682
645,1,160796249,160796250,160796168,+,61,160796250,160796311
646,1,160796258,160796259,160796174,+,52,160796259,160796311
647,1,160796264,160796265,160796180,+,46,160796265,160796311
648,1,161045862,161045863,161045894,-,5,161045863,161045858
649,1,161045865,161045866,161045896,-,8,161045866,161045858
650,1,161069861,161069862,161069891,-,242,161069862,161069620
651,1,161118010,161118011,161118037,-,59,161118011,161117952
652,1,161153843,161153844,161153759,+,276,161153844,161154120
653,1,161154013,161154014,161153991,+,106,161154014,161154120
654,1,161154060,161154061,161153990,+,59,161154061,161154120
655,1,161154069,161154070,161153995,+,50,161154070,161154120
656,1,161202437,161202438,161202367,+,42,161202438,161202480
657,1,161314424,161314425,161314378,+,0,161314425,161314425
658,1,161314424,161314425,161314381,+,0,161314425,161314425
659,1,161531145,161531146,161531107,+,-4252,161531146,161526894
660,1,161612791,161612792,161612712,+,50561,161612792,161612792
661,1,161612794,161612795,161612714,+,50558,161612795,161612795
662,1,161612795,161612796,161612713,+,50557,161612796,161612796
663,1,163322025,163322026,163321954,+,40,163322026,163322066
664,1,163322030,163322031,163321957,+,35,163322031,163322066
665,1,163322031,163322032,163321964,+,34,163322032,163322066
666,1,163322043,163322044,163321967,+,22,163322044,163322066
667,1,163322056,163322057,163321973,+,9,163322057,163322066
668,1,163322065,163322066,163322007,+,0,163322066,163322066
669,1,163322065,163322066,163322008,+,0,163322066,163322066
670,1,165631292,165631293,165631263,+,0,165631293,165631293
671,1,165698530,165698531,165698562,-,153,165698531,165698378
672,1,165768839,165768840,165768871,-,81,165768840,165768759
673,1,165768848,165768849,165768868,-,90,165768849,165768759
674,1,165768856,165768857,165768888,-,98,165768857,165768759
675,1,165768857,165768858,165768889,-,99,165768858,165768759
676,1,165768858,165768859,165768890,-,100,165768859,165768759
677,1,167518497,167518498,167518529,-,90,167518498,167518408
678,1,169367740,169367741,169367772,-,33,169367741,169367708
679,1,169367750,169367751,169367782,-,43,169367751,169367708
680,1,169367759,169367760,169367790,-,52,169367760,169367708
681,1,169367762,169367763,169367794,-,55,169367763,169367708
682,1,169367768,169367769,169367797,-,61,169367769,169367708
683,1,169711578,169711579,169711610,-,83,169711579,169711496
684,1,169711581,169711582,169711613,-,86,169711582,169711496
685,1,169711587,169711588,169711619,-,92,169711588,169711496
686,1,169711593,169711594,169711617,-,98,169711594,169711496
687,1,169711598,169711599,169711620,-,103,169711599,169711496
688,1,169711602,169711603,169711633,-,107,169711603,169711496
689,1,169711605,169711606,169711623,-,110,169711606,169711496
690,1,169711610,169711611,169711642,-,115,169711611,169711496
691,1,169711614,169711615,169711645,-,119,169711615,169711496
692,1,169711615,169711616,169711647,-,120,169711616,169711496
693,1,169711616,169711617,169711648,-,121,169711617,169711496
694,1,169711619,169711620,169711651,-,124,169711620,169711496
695,1,169711620,169711621,169711638,-,125,169711621,169711496
696,1,169711620,169711621,169711643,-,125,169711621,169711496
697,1,169795114,169795115,169795090,+,0,169795115,169795115
698,1,169795114,169795115,169795094,+,0,169795115,169795115
699,1,171485612,171485613,171485533,+,122,171485613,171485735
700,1,173477470,173477471,173477386,+,21,173477471,173477492
701,1,173824733,173824734,173824673,+,622,173824734,173825356
702,1,173867959,173867960,173867991,-,43748,173867960,173867960
703,1,175000113,175000114,175000032,+,81,175000114,175000195
704,1,175022539,175022540,175022580,-,-824,175022540,175023364
705,1,175023383,175023384,175023415,-,20,175023384,175023364
706,1,175023388,175023389,175023418,-,25,175023389,175023364
707,1,175023388,175023389,175023420,-,25,175023389,175023364
708,1,175023395,175023396,175023427,-,32,175023396,175023364
709,1,175023401,175023402,175023432,-,38,175023402,175023364
710,1,175023404,175023405,175023435,-,41,175023405,175023364
711,1,175023406,175023407,175023425,-,43,175023407,175023364
712,1,179293869,179293870,179293802,+,66,179293870,179293936
713,1,179882752,179882753,179882694,+,224,179882753,179882977
714,1,181088768,181088769,181088700,+,4131,181088769,181092900
715,1,182839403,182839404,182839351,+,52,182839404,182839456
716,1,182839431,182839432,182839347,+,24,182839432,182839456
717,1,182839434,182839435,182839350,+,21,182839435,182839456
718,1,182839435,182839436,182839358,+,20,182839436,182839456
719,1,183635643,183635644,183635675,-,127,183635644,183635517
720,1,183635678,183635679,183635704,-,162,183635679,183635517
721,1,183635694,183635695,183635726,-,178,183635695,183635517
722,1,183635702,183635703,183635734,-,186,183635703,183635517
723,1,183635713,183635714,183635745,-,197,183635714,183635517
724,1,183635718,183635719,183635750,-,202,183635719,183635517
725,1,183635721,183635722,183635753,-,205,183635722,183635517
726,1,183635722,183635723,183635754,-,206,183635723,183635517
727,1,183635725,183635726,183635755,-,209,183635726,183635517
728,1,185317225,185317226,185317243,-,273,185317226,185316953
729,1,186375199,186375200,186375228,-,322,186375200,186374878
730,1,186375222,186375223,186375254,-,-336,186375223,186375559
731,1,193059307,193059308,193059339,-,-105,193059308,193059413
732,1,193059342,193059343,193059374,-,-70,193059343,193059413
733,1,197146626,197146627,197146649,-,486,197146627,197146141
734,1,197146652,197146653,197146669,-,512,197146653,197146141
735,1,198188403,198188404,198188328,+,18820,198188404,198207224
736,1,198188414,198188415,198188333,+,18809,198188415,198207224
737,1,198188425,198188426,198188341,+,18798,198188426,198207224
738,1,198188427,198188428,198188351,+,18796,198188428,198207224
739,1,198188446,198188447,198188370,+,18777,198188447,198207224
740,1,198188451,198188452,198188367,+,18772,198188452,198207224
741,1,198188498,198188499,198188426,+,18725,198188499,198207224
742,1,198638559,198638560,198638492,+,138,198638560,198638698
743,1,198639099,198639100,198639025,+,37,198639100,198639137
744,1,198639102,198639103,198639034,+,34,198639103,198639137
745,1,198639103,198639104,198639028,+,33,198639104,198639137
746,1,198639124,198639125,198639040,+,12,198639125,198639137
747,1,198639127,198639128,198639043,+,9,198639128,198639137
748,1,198639128,198639129,198639053,+,8,198639129,198639137
749,1,198639130,198639131,198639046,+,6,198639131,198639137
750,1,198639130,198639131,198639049,+,6,198639131,198639137
751,1,198639132,198639133,198639056,+,4,198639133,198639137
752,1,198639133,198639134,198639065,+,3,198639134,198639137
753,1,198639136,198639137,198639081,+,0,198639137,198639137
754,1,198639136,198639137,198639099,+,0,198639137,198639137
755,1,198639136,198639137,198639100,+,0,198639137,198639137
756,1,198639136,198639137,198639115,+,0,198639137,198639137
757,1,198639289,198639290,198639205,+,51,198639290,198639341
758,1,198937383,198937384,198937414,-,396509,198937384,198937384
759,1,198937385,198937386,198937417,-,396511,198937386,198937386
760,1,198937389,198937390,198937421,-,396515,198937390,198937390
761,1,198937397,198937398,198937429,-,396523,198937398,198937398
762,1,200409994,200409995,200410026,-,49,200409995,200409946
763,1,201955551,201955552,201955503,+,0,201955552,201955552
764,1,201955551,201955552,201955506,+,0,201955552,201955552
765,1,201955551,201955552,201955513,+,0,201955552,201955552
766,1,201955551,201955552,201955515,+,0,201955552,201955552
767,1,202160570,202160571,202160602,-,26,202160571,202160545
768,1,202341873,202341874,202341913,-,19,202341874,202341855
769,1,202341884,202341885,202341916,-,-10,202341885,202341895
770,1,202341902,202341903,202341933,-,8,202341903,202341895
771,1,202341919,202341920,202341936,-,25,202341920,202341895
772,1,202767475,202767476,202767507,-,12205,202767476,202755271
773,1,203626861,203626862,203626795,+,357,203626862,203627219
774,1,203626906,203626907,203626832,+,312,203626907,203627219
775,1,203861682,203861683,203861598,+,30,203861683,203861713
776,1,203861687,203861688,203861603,+,25,203861688,203861713
777,1,203861711,203861712,203861627,+,1,203861712,203861713
778,1,203861712,203861713,203861638,+,0,203861713,203861713
779,1,203861712,203861713,203861640,+,0,203861713,203861713
780,1,203861712,203861713,203861647,+,0,203861713,203861713
781,1,203861712,203861713,203861649,+,0,203861713,203861713
782,1,204411785,204411786,204411817,-,2294,204411786,204409492
783,1,204506577,204506578,204506521,+,9931,204506578,204516509
784,1,205750172,205750173,205750204,-,216,205750173,205749957
785,1,206635626,206635627,206635553,+,153,206635627,206635780
786,1,206921909,206921910,206921941,-,92,206921910,206921818
787,1,207752096,207752097,207752076,+,212,207752097,207752309
788,1,207752166,207752167,207752086,+,142,207752167,207752309
789,1,207752167,207752168,207752083,+,141,207752168,207752309
790,1,207752174,207752175,207752098,+,134,207752175,207752309
791,1,207752196,207752197,207752112,+,112,207752197,207752309
792,1,209756182,209756183,209756108,+,126,209756183,209756309
793,1,209756239,209756240,209756173,+,69,209756240,209756309
794,1,209756245,209756246,209756168,+,63,209756246,209756309
795,1,209828073,209828074,209827995,+,96,209828074,209828170
796,1,212035819,212035820,212035749,+,122,212035820,212035942
797,1,212035853,212035854,212035769,+,88,212035854,212035942
798,1,212035856,212035857,212035780,+,85,212035857,212035942
799,1,212035857,212035858,212035784,+,84,212035858,212035942
800,1,212035859,212035860,212035791,+,82,212035860,212035942
801,1,212035860,212035861,212035779,+,81,212035861,212035942
802,1,212035865,212035866,212035793,+,76,212035866,212035942
803,1,212035868,212035869,212035796,+,73,212035869,212035942
804,1,212035874,212035875,212035790,+,67,212035875,212035942
805,1,212791751,212791752,212791777,-,222,212791752,212791530
806,1,212791759,212791760,212791779,-,230,212791760,212791530
807,1,212950625,212950626,212950541,+,114,212950626,212950740
808,1,214603267,214603268,214603205,+,53,214603268,214603321
809,1,217631035,217631036,217631067,-,120,217631036,217630916
810,1,218285366,218285367,218285293,+,88,218285367,218285455
811,1,218285377,218285378,218285311,+,77,218285378,218285455
812,1,219173948,219173949,219173869,+,32,219173949,219173981
813,1,219173962,219173963,219173878,+,18,219173963,219173981
814,1,220046408,220046409,220046440,-,66,220046409,220046343
815,1,220089756,220089757,220089788,-,71,220089757,220089686
816,1,220089764,220089765,220089797,-,79,220089765,220089686
817,1,220089792,220089793,220089824,-,107,220089793,220089686
818,1,220089795,220089796,220089827,-,110,220089796,220089686
819,1,222644391,222644392,222644329,+,194,222644392,222644586
820,1,224434773,224434774,224434797,-,1090,224434774,224433684
821,1,225428789,225428790,225428821,-,84,225428790,225428706
822,1,225777901,225777902,225777832,+,110,225777902,225778012
823,1,225924234,225924235,225924266,-,191,225924235,225924044
824,1,225924252,225924253,225924282,-,209,225924253,225924044
825,1,225999311,225999312,225999343,-,119,225999312,225999193
826,1,226062759,226062760,226062684,+,51,226062760,226062811
827,1,226062773,226062774,226062714,+,37,226062774,226062811
828,1,226309132,226309133,226309164,-,24,226309133,226309109
829,1,226408053,226408054,226408085,-,244,226408054,226407810
830,1,226408058,226408059,226408090,-,249,226408059,226407810
831,1,226408064,226408065,226408096,-,255,226408065,226407810
832,1,226408071,226408072,226408093,-,262,226408072,226407810
833,1,228082764,228082765,228082708,+,0,228082765,228082765
834,1,228082764,228082765,228082717,+,0,228082765,228082765
835,1,228082764,228082765,228082722,+,0,228082765,228082765
836,1,228109228,228109229,228109261,-,-32,228109229,228109261
837,1,228109267,228109268,228109299,-,7,228109268,228109261
838,1,228140333,228140334,228140273,+,29,228140334,228140363
839,1,228140338,228140339,228140279,+,24,228140339,228140363
840,1,228457836,228457837,228457868,-,473,228457837,228457364
841,1,228458181,228458182,228458103,+,376,228458182,228458558
842,1,228487466,228487467,228487382,+,411,228487467,228487878
843,1,228487472,228487473,228487388,+,405,228487473,228487878
844,1,229508301,229508302,229508331,-,234,229508302,229508068
845,1,231241112,231241113,231241144,-,89,231241113,231241024
846,1,233252585,233252586,233252618,-,25360,233252586,233252586
847,1,234610145,234610146,234610176,-,1651,234610146,234608495
848,1,234610146,234610147,234610178,-,1652,234610147,234608495
849,1,234610160,234610161,234610192,-,1666,234610161,234608495
850,1,235128845,235128846,235128871,-,251,235128846,235128595
851,1,235161218,235161219,235161250,-,45,235161219,235161174
852,1,235161224,235161225,235161256,-,51,235161225,235161174
853,1,235328638,235328639,235328571,+,139,235328639,235328778
854,1,235328646,235328647,235328570,+,131,235328647,235328778
855,1,235328647,235328648,235328573,+,130,235328648,235328778
856,1,241519679,241519680,241519711,-,89,241519680,241519591
857,1,241519720,241519721,241519749,-,130,241519721,241519591
858,1,241519730,241519731,241519751,-,140,241519731,241519591
859,1,241848273,241848274,241848189,+,-2,241848274,241848272
860,1,241848275,241848276,241848191,+,-4,241848276,241848272
861,1,241848280,241848281,241848196,+,-9,241848281,241848272
862,1,244451859,244451860,244451881,-,225,244451860,244451635
863,1,244864507,244864508,244864539,-,834,244864508,244863674
864,1,244864512,244864513,244864544,-,839,244864513,244863674
865,1,244864524,244864525,244864542,-,851,244864525,244863674
866,1,244864526,244864527,244864543,-,853,244864527,244863674
867,1,246566193,246566194,246566227,-,368,246566194,246565826
868,1,246566229,246566230,246566261,-,404,246566230,246565826
869,1,246724493,246724494,246724412,+,118,246724494,246724612
870,10,931674,931675,931704,-,247,931675,931428
871,10,988518,988519,988434,+,8,988519,988527
872,10,988521,988522,988437,+,5,988522,988527
873,10,988526,988527,988452,+,0,988527,988527
874,10,988526,988527,988462,+,0,988527,988527
875,10,988526,988527,988464,+,0,988527,988527
876,10,988526,988527,988466,+,0,988527,988527
877,10,1048854,1048855,1048886,-,-9,1048855,1048864
878,10,1048857,1048858,1048889,-,-6,1048858,1048864
879,10,1048857,1048858,1048890,-,-6,1048858,1048864
880,10,3067608,3067609,3067548,+,98,3067609,3067707
881,10,3172759,3172760,3172782,-,43,3172760,3172717
882,10,5412629,5412630,5412557,+,190,5412630,5412820
883,10,5813399,5813400,5813431,-,186,5813400,5813214
884,10,5813399,5813400,5813433,-,186,5813400,5813214
885,10,5813415,5813416,5813434,-,202,5813416,5813214
886,10,7787961,7787962,7787993,-,142,7787962,7787820
887,10,7788262,7788263,7788190,+,0,7788263,7788263
888,10,7788262,7788263,7788193,+,0,7788263,7788263
889,10,8054755,8054756,8054688,+,135,8054756,8054891
890,10,11165501,11165502,11165420,+,180,11165502,11165682
891,10,11165545,11165546,11165481,+,136,11165546,11165682
892,10,11165557,11165558,11165482,+,124,11165558,11165682
893,10,11165559,11165560,11165484,+,122,11165560,11165682
894,10,12195828,12195829,12195858,-,59,12195829,12195770
895,10,13161605,13161606,13161558,+,0,13161606,13161606
896,10,13161605,13161606,13161559,+,0,13161606,13161606
897,10,13161605,13161606,13161579,+,0,13161606,13161606
898,10,13587040,13587041,13586962,+,111,13587041,13587152
899,10,13587042,13587043,13586965,+,109,13587043,13587152
900,10,14878918,14878919,14878866,+,0,14878919,14878919
901,10,14878918,14878919,14878871,+,0,14878919,14878919
902,10,14878918,14878919,14878875,+,0,14878919,14878919
903,10,16817374,16817375,16817406,-,60,16817375,16817315
904,10,16817380,16817381,16817410,-,66,16817381,16817315
905,10,16817387,16817388,16817419,-,73,16817388,16817315
906,10,16817392,16817393,16817424,-,78,16817393,16817315
907,10,17229333,17229334,17229274,+,-307,17229334,17229027
908,10,17229335,17229336,17229278,+,-309,17229336,17229027
909,10,22229557,22229558,22229588,-,11642,22229558,22217916
910,10,22316464,22316465,22316397,+,91,22316465,22316556
911,10,22316482,22316483,22316415,+,73,22316483,22316556
912,10,22321168,22321169,22321099,+,527,22321169,22321696
913,10,27154343,27154344,27154372,-,166,27154344,27154178
914,10,27154344,27154345,27154374,-,167,27154345,27154178
915,10,27154348,27154349,27154380,-,171,27154349,27154178
916,10,27154354,27154355,27154384,-,177,27154355,27154178
917,10,27155436,27155437,27155363,+,175,27155437,27155612
918,10,31319272,31319273,31319212,+,19,31319273,31319292
919,10,31319280,31319281,31319216,+,11,31319281,31319292
920,10,35090303,35090304,35090333,-,125,35090304,35090179
921,10,38356457,38356458,38356387,+,-261968,38356458,38356458
922,10,43409123,43409124,43409155,-,-7,43409124,43409131
923,10,43409148,43409149,43409180,-,18,43409149,43409131
924,10,45000977,45000978,45000951,+,0,45000978,45000978
925,10,45000977,45000978,45000956,+,0,45000978,45000978
926,10,45972574,45972575,45972503,+,155,45972575,45972730
927,10,46030581,46030582,46030615,-,56,46030582,46030526
928,10,46030585,46030586,46030617,-,60,46030586,46030526
929,10,46030586,46030587,46030618,-,61,46030587,46030526
930,10,46030593,46030594,46030623,-,68,46030594,46030526
931,10,46030600,46030601,46030628,-,75,46030601,46030526
932,10,51699563,51699564,51699595,-,4078,51699564,51695486
933,10,56361227,56361228,56361259,-,32,56361228,56361196
934,10,56361240,56361241,56361272,-,45,56361241,56361196
935,10,58385478,58385479,58385401,+,169,58385479,58385648
936,10,58385484,58385485,58385410,+,163,58385485,58385648
937,10,58385496,58385497,58385412,+,151,58385497,58385648
938,10,60778544,60778545,60778462,+,25,60778545,60778570
939,10,60778552,60778553,60778468,+,17,60778553,60778570
940,10,60778559,60778560,60778478,+,10,60778560,60778570
941,10,60778561,60778562,60778480,+,8,60778562,60778570
942,10,60778565,60778566,60778490,+,4,60778566,60778570
943,10,60778568,60778569,60778497,+,1,60778569,60778570
944,10,60778569,60778570,60778496,+,0,60778570,60778570
945,10,60778569,60778570,60778504,+,0,60778570,60778570
946,10,61901729,61901730,61901694,+,0,61901730,61901730
947,10,61901729,61901730,61901699,+,0,61901730,61901730
948,10,63269182,63269183,63269214,-,520,63269183,63268663
949,10,67764574,67764575,67764500,+,120576,67764575,67764575
950,10,68075251,68075252,68075283,-,108,68075252,68075144
951,10,68332108,68332109,68332041,+,107,68332109,68332216
952,10,68332148,68332149,68332064,+,67,68332149,68332216
953,10,68332151,68332152,68332067,+,64,68332152,68332216
954,10,68471897,68471898,68471929,-,107,68471898,68471791
955,10,68721281,68721282,68721214,+,0,68721282,68721282
956,10,68721281,68721282,68721215,+,0,68721282,68721282
957,10,68721281,68721282,68721225,+,0,68721282,68721282
958,10,68721281,68721282,68721233,+,0,68721282,68721282
959,10,68721281,68721282,68721235,+,0,68721282,68721282
960,10,68721281,68721282,68721236,+,0,68721282,68721282
961,10,68721281,68721282,68721239,+,0,68721282,68721282
962,10,69088138,69088139,69088106,+,97,69088139,69088236
963,10,69088185,69088186,69088105,+,50,69088186,69088236
964,10,69088187,69088188,69088103,+,48,69088188,69088236
965,10,69180334,69180335,69180267,+,227,69180335,69180562
966,10,70170481,70170482,70170512,-,69,70170482,70170413
967,10,70170482,70170483,70170514,-,70,70170483,70170413
968,10,70170484,70170485,70170503,-,72,70170485,70170413
969,10,70233395,70233396,70233427,-,132,70233396,70233264
970,10,70404222,70404223,70404145,+,323,70404223,70404546
971,10,71851221,71851222,71851249,-,40,71851222,71851182
972,10,71851231,71851232,71851251,-,50,71851232,71851182
973,10,71878173,71878174,71878089,+,-82095,71878174,71878174
974,10,72626047,72626048,72626079,-,38,72626048,72626010
975,10,73247215,73247216,73247247,-,206,73247216,73247010
976,10,73247237,73247238,73247255,-,228,73247238,73247010
977,10,73252581,73252582,73252613,-,112,73252582,73252470
978,10,73252593,73252594,73252625,-,124,73252594,73252470
979,10,73252609,73252610,73252628,-,140,73252610,73252470
980,10,73414001,73414002,73414033,-,-10,73414002,73414012
981,10,73414029,73414030,73414058,-,18,73414030,73414012
982,10,73744436,73744437,73744380,+,0,73744437,73744437
983,10,73782120,73782121,73782050,+,78,73782121,73782199
984,10,73782405,73782406,73782321,+,-207,73782406,73782199
985,10,75235925,75235926,75235957,-,91,75235926,75235835
986,10,78029482,78029483,78029513,-,119,78029483,78029364
987,10,78033903,78033904,78033836,+,0,78033904,78033904
988,10,78033903,78033904,78033839,+,0,78033904,78033904
989,10,78033903,78033904,78033862,+,0,78033904,78033904
990,10,78033903,78033904,78033863,+,0,78033904,78033904
991,10,78033903,78033904,78033864,+,0,78033904,78033904
992,10,78033903,78033904,78033866,+,0,78033904,78033904
993,10,78033903,78033904,78033877,+,0,78033904,78033904
994,10,78033903,78033904,78033878,+,0,78033904,78033904
995,10,78033903,78033904,78033881,+,0,78033904,78033904
996,10,78033903,78033904,78033885,+,0,78033904,78033904
997,10,78033903,78033904,78033886,+,0,78033904,78033904
998,10,78033903,78033904,78033887,+,0,78033904,78033904
999,10,78033903,78033904,78033888,+,0,78033904,78033904
1000,10,78033903,78033904,78033889,+,0,78033904,78033904
1001,10,78033903,78033904,78033891,+,0,78033904,78033904
1002,10,79347553,79347554,79347469,+,189,79347554,79347743
1003,10,79347576,79347577,79347497,+,166,79347577,79347743
1004,10,87818132,87818133,87818164,-,-34,87818133,87818167
1005,10,87818155,87818156,87818189,-,-11,87818156,87818167
1006,10,87818158,87818159,87818193,-,-8,87818159,87818167
1007,10,87818163,87818164,87818195,-,-3,87818164,87818167
1008,10,87863703,87863704,87863624,+,-50,87863704,87863654
1009,10,89701679,89701680,89701610,+,0,89701680,89701680
1010,10,89701679,89701680,89701613,+,0,89701680,89701680
1011,10,89701679,89701680,89701617,+,0,89701680,89701680
1012,10,90872023,90872024,90871952,+,44,90872024,90872068
1013,10,90872036,90872037,90871964,+,31,90872037,90872068
1014,10,90872040,90872041,90871966,+,27,90872041,90872068
1015,10,90872043,90872044,90871967,+,24,90872044,90872068
1016,10,90872049,90872050,90871979,+,18,90872050,90872068
1017,10,90872058,90872059,90871974,+,9,90872059,90872068
1018,10,91923868,91923869,91923795,+,221,91923869,91924090
1019,10,92593202,92593203,92593126,+,249,92593203,92593452
1020,10,92593205,92593206,92593130,+,246,92593206,92593452
1021,10,92593219,92593220,92593161,+,232,92593220,92593452
1022,10,93209648,93209649,93209679,-,-272458,93209649,93209649
1023,10,93496705,93496706,93496635,+,217,93496706,93496923
1024,10,93496709,93496710,93496639,+,213,93496710,93496923
1025,10,94362907,94362908,94362939,-,78,94362908,94362830
1026,10,96832379,96832380,96832298,+,19,96832380,96832399
1027,10,97186038,97186039,97186070,-,561,97186039,97185478
1028,10,97292618,97292619,97292648,-,47,97292619,97292572
1029,10,97292619,97292620,97292651,-,48,97292620,97292572
1030,10,97426242,97426243,97426191,+,203,97426243,97426446
1031,10,97445972,97445973,97446005,-,18,97445973,97445955
1032,10,97445975,97445976,97446006,-,21,97445976,97445955
1033,10,99732061,99732062,99732093,-,102,99732062,99731960
1034,10,99732063,99732064,99732095,-,104,99732064,99731960
1035,10,100267610,100267611,100267638,-,40,100267611,100267571
1036,10,100509271,100509272,100509303,-,-10510,100509272,100519782
1037,10,100987467,100987468,100987497,-,155,100987468,100987313
1038,10,101783362,101783363,101783395,-,90,101783363,101783273
1039,10,101783374,101783375,101783405,-,102,101783375,101783273
1040,10,101783374,101783375,101783406,-,102,101783375,101783273
1041,10,102133099,102133100,102133040,+,121,102133100,102133221
1042,10,102152469,102152470,102152387,+,60,102152470,102152530
1043,10,102152470,102152471,102152386,+,59,102152471,102152530
1044,10,102152473,102152474,102152389,+,56,102152474,102152530
1045,10,102152481,102152482,102152397,+,48,102152482,102152530
1046,10,102245616,102245617,102245532,+,164,102245617,102245781
1047,10,102502677,102502678,102502709,-,78,102502678,102502600
1048,10,102502681,102502682,102502712,-,82,102502682,102502600
1049,10,102502682,102502683,102502714,-,83,102502683,102502600
1050,10,102502695,102502696,102502727,-,96,102502696,102502600
1051,10,102714680,102714681,102714636,+,0,102714681,102714681
1052,10,102854339,102854340,102854259,+,87,102854340,102854427
1053,10,102854346,102854347,102854262,+,80,102854347,102854427
1054,10,103193240,103193241,103193272,-,5,103193241,103193236
1055,10,103396420,103396421,103396451,-,12,103396421,103396409
1056,10,103396425,103396426,103396457,-,17,103396426,103396409
1057,10,103396427,103396428,103396459,-,19,103396428,103396409
1058,10,103396428,103396429,103396453,-,20,103396429,103396409
1059,10,103396429,103396430,103396461,-,21,103396430,103396409
1060,10,103396432,103396433,103396463,-,24,103396433,103396409
1061,10,103396437,103396438,103396462,-,29,103396438,103396409
1062,10,103396439,103396440,103396464,-,31,103396440,103396409
1063,10,103396453,103396454,103396485,-,45,103396454,103396409
1064,10,103396455,103396456,103396487,-,47,103396456,103396409
1065,10,103396456,103396457,103396488,-,48,103396457,103396409
1066,10,103396465,103396466,103396482,-,57,103396466,103396409
1067,10,104254954,104254955,104254894,+,7,104254955,104254962
1068,10,104254956,104254957,104254892,+,5,104254957,104254962
1069,10,104254960,104254961,104254901,+,1,104254961,104254962
1070,10,104338434,104338435,104338465,-,189,104338435,104338246
1071,10,110077113,110077114,110077044,+,-68815,110077114,110077114
1072,10,110077117,110077118,110077047,+,-68819,110077118,110077118
1073,10,110304902,110304903,110304920,-,155,110304903,110304748
1074,10,112446882,112446883,112446914,-,116,112446883,112446767
1075,10,113854730,113854731,113854661,+,319,113854731,113855050
1076,10,114938296,114938297,114938212,+,242,114938297,114938539
1077,10,114938310,114938311,114938225,+,228,114938311,114938539
1078,10,114938311,114938312,114938227,+,227,114938312,114938539
1079,10,114938314,114938315,114938230,+,224,114938315,114938539
1080,10,114938330,114938331,114938246,+,208,114938331,114938539
1081,10,114938332,114938333,114938248,+,206,114938333,114938539
1082,10,118342288,118342289,118342320,-,19,118342289,118342270
1083,10,119178766,119178767,119178797,-,12,119178767,119178755
1084,10,119178767,119178768,119178799,-,13,119178768,119178755
1085,10,119178770,119178771,119178802,-,16,119178771,119178755
1086,10,119178778,119178779,119178803,-,24,119178779,119178755
1087,10,119178780,119178781,119178812,-,26,119178781,119178755
1088,10,119178796,119178797,119178827,-,42,119178797,119178755
1089,10,119596637,119596638,119596669,-,204,119596638,119596434
1090,10,119596642,119596643,119596674,-,209,119596643,119596434
1091,10,119596930,119596931,119596962,-,497,119596931,119596434
1092,10,119872813,119872814,119872843,-,287,119872814,119872527
1093,10,119892801,119892802,119892730,+,143,119892802,119892945
1094,10,121975162,121975163,121975194,-,289,121975163,121974874
1095,10,123154426,123154427,123154402,+,58,123154427,123154485
1096,10,124418891,124418892,124418923,-,19,124418892,124418873
1097,10,124801888,124801889,124801813,+,12,124801889,124801901
1098,10,124801894,124801895,124801820,+,6,124801895,124801901
1099,10,124801899,124801900,124801819,+,1,124801900,124801901
1100,10,125823614,125823615,125823543,+,107,125823615,125823722
1101,10,125823615,125823616,125823548,+,106,125823616,125823722
1102,10,125823623,125823624,125823546,+,98,125823624,125823722
1103,10,125823631,125823632,125823555,+,90,125823632,125823722
1104,10,129467295,129467296,129467244,+,0,129467296,129467296
1105,10,130136458,130136459,130136399,+,53,130136459,130136512
1106,10,130136461,130136462,130136391,+,50,130136462,130136512
1107,10,130136465,130136466,130136405,+,46,130136466,130136512
1108,10,130136479,130136480,130136418,+,32,130136480,130136512
1109,11,207780,207781,207708,+,1157,207781,208938
1110,11,207788,207789,207712,+,1149,207789,208938
1111,11,237028,237029,236981,+,115,237029,237144
1112,11,237037,237038,236966,+,106,237038,237144
1113,11,237052,237053,236968,+,91,237053,237144
1114,11,237056,237057,236973,+,87,237057,237144
1115,11,237057,237058,236972,+,86,237058,237144
1116,11,237060,237061,236976,+,83,237061,237144
1117,11,237060,237061,236977,+,83,237061,237144
1118,11,237064,237065,236980,+,79,237065,237144
1119,11,237072,237073,236989,+,71,237073,237144
1120,11,747547,747548,747464,+,30,747548,747578
1121,11,810029,810030,809962,+,9,810030,810039
1122,11,810036,810037,809969,+,2,810037,810039
1123,11,810038,810039,809967,+,0,810039,810039
1124,11,810038,810039,809968,+,0,810039,810039
1125,11,842508,842509,842529,-,95,842509,842414
1126,11,925940,925941,925870,+,147,925941,926088
1127,11,1309591,1309592,1309623,-,105,1309592,1309487
1128,11,2377354,2377355,2377314,+,260,2377355,2377615
1129,11,2992241,2992242,2992273,-,-12,2992242,2992254
1130,11,2992259,2992260,2992291,-,6,2992260,2992254
1131,11,3057387,3057388,3057418,-,45,3057388,3057343
1132,11,3057391,3057392,3057423,-,49,3057392,3057343
1133,11,3797522,3797523,3797554,-,123,3797523,3797400
1134,11,3840938,3840939,3840959,-,45,3840939,3840894
1135,11,4094892,4094893,4094837,+,138,4094893,4095031
1136,11,4094898,4094899,4094830,+,132,4094899,4095031
1137,11,4094908,4094909,4094836,+,122,4094909,4095031
1138,11,4094915,4094916,4094835,+,115,4094916,4095031
1139,11,4094922,4094923,4094840,+,108,4094923,4095031
1140,11,4094926,4094927,4094842,+,104,4094927,4095031
1141,11,4094947,4094948,4094863,+,83,4094948,4095031
1142,11,4094966,4094967,4094889,+,64,4094967,4095031
1143,11,4393655,4393656,4393684,-,23,4393656,4393633
1144,11,6481538,6481539,6481480,+,16,6481539,6481555
1145,11,6683275,6683276,6683306,-,153,6683276,6683123
1146,11,6683275,6683276,6683307,-,153,6683276,6683123
1147,11,6683277,6683278,6683309,-,155,6683278,6683123
1148,11,6683282,6683283,6683313,-,160,6683283,6683123
1149,11,6683308,6683309,6683333,-,186,6683309,6683123
1150,11,6683308,6683309,6683340,-,186,6683309,6683123
1151,11,10456126,10456127,10456056,+,275,10456127,10456402
1152,11,10808888,10808889,10808920,-,7,10808889,10808882
1153,11,10808894,10808895,10808926,-,13,10808895,10808882
1154,11,10808901,10808902,10808923,-,20,10808902,10808882
1155,11,10808908,10808909,10808940,-,27,10808909,10808882
1156,11,10808923,10808924,10808955,-,42,10808924,10808882
1157,11,14359152,14359153,14359183,-,390,14359153,14358763
1158,11,14520317,14520318,14520338,-,21,14520318,14520297
1159,11,14520324,14520325,14520356,-,28,14520325,14520297
1160,11,14520333,14520334,14520365,-,37,14520334,14520297
1161,11,14520351,14520352,14520380,-,55,14520352,14520297
1162,11,14520367,14520368,14520392,-,71,14520368,14520297
1163,11,14643822,14643823,14643761,+,1230,14643823,14645053
1164,11,16738711,16738712,16738635,+,129,16738712,16738841
1165,11,16738722,16738723,16738647,+,118,16738723,16738841
1166,11,16738750,16738751,16738676,+,90,16738751,16738841
1167,11,16738756,16738757,16738678,+,84,16738757,16738841
1168,11,17077629,17077630,17077658,-,11,17077630,17077619
1169,11,17077629,17077630,17077661,-,11,17077630,17077619
1170,11,17077631,17077632,17077663,-,13,17077632,17077619
1171,11,17077632,17077633,17077665,-,14,17077633,17077619
1172,11,17077632,17077633,17077666,-,14,17077633,17077619
1173,11,17077636,17077637,17077668,-,18,17077637,17077619
1174,11,17077640,17077641,17077672,-,22,17077641,17077619
1175,11,17077644,17077645,17077667,-,26,17077645,17077619
1176,11,17077646,17077647,17077678,-,28,17077647,17077619
1177,11,17077652,17077653,17077684,-,34,17077653,17077619
1178,11,17077697,17077698,17077715,-,79,17077698,17077619
1179,11,18394628,18394629,18394560,+,7,18394629,18394636
1180,11,18394632,18394633,18394561,+,3,18394633,18394636
1181,11,18394635,18394636,18394562,+,0,18394636,18394636
1182,11,18394635,18394636,18394563,+,0,18394636,18394636
1183,11,18394635,18394636,18394565,+,0,18394636,18394636
1184,11,18394635,18394636,18394596,+,0,18394636,18394636
1185,11,18526863,18526864,18526895,-,89,18526864,18526775
1186,11,18634310,18634311,18634342,-,113,18634311,18634198
1187,11,22829339,22829340,22829356,-,-355,22829340,22829695
1188,11,27363165,27363166,27363196,-,330,27363166,27362836
1189,11,27363184,27363185,27363215,-,349,27363185,27362836
1190,11,28108095,28108096,28108125,-,32,28108096,28108064
1191,11,30323188,30323189,30323104,+,13,30323189,30323202
1192,11,31509598,31509599,31509630,-,80,31509599,31509519
1193,11,31509838,31509839,31509759,+,168,31509839,31510007
1194,11,31509846,31509847,31509773,+,160,31509847,31510007
1195,11,31509849,31509850,31509770,+,157,31509850,31510007
1196,11,31509851,31509852,31509767,+,155,31509852,31510007
1197,11,32583882,32583883,32583798,+,46,32583883,32583929
1198,11,32583909,32583910,32583825,+,19,32583910,32583929
1199,11,32583928,32583929,32583855,+,0,32583929,32583929
1200,11,33161443,33161444,33161475,-,145,33161444,33161299
1201,11,33161448,33161449,33161480,-,150,33161449,33161299
1202,11,33161453,33161454,33161485,-,155,33161454,33161299
1203,11,34051792,34051793,34051732,+,78,34051793,34051871
1204,11,34052426,34052427,34052343,+,209,34052427,34052636
1205,11,34105692,34105693,34105629,+,99,34105693,34105792
1206,11,36289396,36289397,36289428,-,35,36289397,36289362
1207,11,36289398,36289399,36289424,-,37,36289399,36289362
1208,11,43312071,43312072,43311996,+,124,43312072,43312196
1209,11,45917843,45917844,45917875,-,70,45917844,45917774
1210,11,46617620,46617621,46617563,+,269,46617621,46617890
1211,11,47426222,47426223,47426250,-,18,47426223,47426205
1212,11,47426224,47426225,47426255,-,20,47426225,47426205
1213,11,47426227,47426228,47426258,-,23,47426228,47426205
1214,11,47426231,47426232,47426261,-,27,47426232,47426205
1215,11,47553098,47553099,47553130,-,107,47553099,47552992
1216,11,47553109,47553110,47553140,-,118,47553110,47552992
1217,11,47579152,47579153,47579075,+,5,47579153,47579158
1218,11,47579153,47579154,47579079,+,4,47579154,47579158
1219,11,47579154,47579155,47579074,+,3,47579155,47579158
1220,11,47579154,47579155,47579085,+,3,47579155,47579158
1221,11,47579156,47579157,47579081,+,1,47579157,47579158
1222,11,47642527,47642528,47642559,-,149,47642528,47642379
1223,11,57530672,57530673,57530702,-,15,57530673,57530658
1224,11,57530673,57530674,57530705,-,16,57530674,57530658
1225,11,57530682,57530683,57530714,-,25,57530683,57530658
1226,11,57530688,57530689,57530720,-,31,57530689,57530658
1227,11,57530692,57530693,57530724,-,-34,57530693,57530727
1228,11,57530712,57530713,57530744,-,-14,57530713,57530727
1229,11,57530718,57530719,57530750,-,-8,57530719,57530727
1230,11,57530720,57530721,57530752,-,-6,57530721,57530727
1231,11,57530722,57530723,57530754,-,-4,57530723,57530727
1232,11,57530730,57530731,57530763,-,4,57530731,57530727
1233,11,57657826,57657827,57657762,+,33,57657827,57657860
1234,11,57712677,57712678,57712593,+,129,57712678,57712807
1235,11,57712678,57712679,57712594,+,128,57712679,57712807
1236,11,57712679,57712680,57712595,+,127,57712680,57712807
1237,11,57712681,57712682,57712597,+,125,57712682,57712807
1238,11,57712688,57712689,57712604,+,118,57712689,57712807
1239,11,57712697,57712698,57712613,+,109,57712698,57712807
1240,11,57712698,57712699,57712614,+,108,57712699,57712807
1241,11,57741605,57741606,57741521,+,111,57741606,57741717
1242,11,57741609,57741610,57741541,+,107,57741610,57741717
1243,11,57741610,57741611,57741532,+,106,57741611,57741717
1244,11,57741640,57741641,57741561,+,76,57741641,57741717
1245,11,57741646,57741647,57741572,+,70,57741647,57741717
1246,11,57741649,57741650,57741570,+,67,57741650,57741717
1247,11,58575828,58575829,58575856,-,69,58575829,58575760
1248,11,59107295,59107296,59107237,+,0,59107296,59107296
1249,11,59144895,59144896,59144836,+,0,59144896,59144896
1250,11,59556511,59556512,59556470,+,-44766,59556512,59556512
1251,11,59560330,59560331,59560366,-,-54972,59560331,59560331
1252,11,59810726,59810727,59810758,-,123,59810727,59810604
1253,11,59810741,59810742,59810773,-,138,59810742,59810604
1254,11,60842146,60842147,60842071,+,735,60842147,60842882
1255,11,60842160,60842161,60842103,+,721,60842161,60842882
1256,11,60842161,60842162,60842101,+,720,60842162,60842882
1257,11,60842165,60842166,60842089,+,716,60842166,60842882
1258,11,60906510,60906511,60906542,-,147,60906511,60906364
1259,11,60906539,60906540,60906571,-,176,60906540,60906364
1260,11,60906543,60906544,60906575,-,180,60906544,60906364
1261,11,60906555,60906556,60906585,-,192,60906556,60906364
1262,11,60906555,60906556,60906587,-,192,60906556,60906364
1263,11,60906560,60906561,60906592,-,197,60906561,60906364
1264,11,60906561,60906562,60906593,-,198,60906562,60906364
1265,11,60906568,60906569,60906600,-,205,60906569,60906364
1266,11,60914037,60914038,60913953,+,230,60914038,60914268
1267,11,60914267,60914268,60914198,+,0,60914268,60914268
1268,11,60914267,60914268,60914210,+,0,60914268,60914268
1269,11,60914267,60914268,60914224,+,0,60914268,60914268
1270,11,61333034,61333035,61333066,-,-110,61333035,61333145
1271,11,61333035,61333036,61333067,-,-109,61333036,61333145
1272,11,61333040,61333041,61333070,-,-104,61333041,61333145
1273,11,61333066,61333067,61333098,-,-78,61333067,61333145
1274,11,61333068,61333069,61333100,-,-76,61333069,61333145
1275,11,61362419,61362420,61362386,+,0,61362420,61362420
1276,11,61429890,61429891,61429922,-,4,61429891,61429887
1277,11,61430181,61430182,61430124,+,0,61430182,61430182
1278,11,61430181,61430182,61430125,+,0,61430182,61430182
1279,11,61430181,61430182,61430126,+,0,61430182,61430182
1280,11,61430181,61430182,61430131,+,0,61430182,61430182
1281,11,61430181,61430182,61430134,+,0,61430182,61430182
1282,11,61792556,61792557,61792588,-,1,61792557,61792556
1283,11,61792567,61792568,61792608,-,12,61792568,61792556
1284,11,61792570,61792571,61792602,-,15,61792571,61792556
1285,11,61792572,61792573,61792604,-,17,61792573,61792556
1286,11,62124054,62124055,62123998,+,0,62124055,62124055
1287,11,62124054,62124055,62124011,+,0,62124055,62124055
1288,11,62591504,62591505,62591523,-,-15,62591505,62591520
1289,11,62601833,62601834,62601865,-,411,62601834,62601423
1290,11,62646572,62646573,62646604,-,11,62646573,62646562
1291,11,62646574,62646575,62646606,-,13,62646575,62646562
1292,11,62646586,62646587,62646616,-,25,62646587,62646562
1293,11,62646588,62646589,62646620,-,27,62646589,62646562
1294,11,62646589,62646590,62646613,-,28,62646590,62646562
1295,11,62646600,62646601,62646632,-,39,62646601,62646562
1296,11,62665174,62665175,62665206,-,44,62665175,62665131
1297,11,62665178,62665179,62665210,-,48,62665179,62665131
1298,11,62672256,62672257,62672288,-,130,62672257,62672127
1299,11,62679065,62679066,62679095,-,27,62679066,62679039
1300,11,62761613,62761614,62761576,+,0,62761614,62761614
1301,11,62761659,62761660,62761580,+,0,62761660,62761660
1302,11,62805410,62805411,62805442,-,82,62805411,62805329
1303,11,62805416,62805417,62805440,-,88,62805417,62805329
1304,11,62839546,62839547,62839573,-,40,62839547,62839507
1305,11,62855852,62855853,62855882,-,14284,62855853,62841569
1306,11,62856193,62856194,62856109,+,187,62856194,62856381
1307,11,62856195,62856196,62856111,+,185,62856196,62856381
1308,11,62856218,62856219,62856134,+,162,62856219,62856381
1309,11,62880961,62880962,62880896,+,94,62880962,62881056
1310,11,62881717,62881718,62881699,+,40,62881718,62881758
1311,11,63839187,63839188,63839126,+,372,63839188,63839560
1312,11,63974644,63974645,63974598,+,149,63974645,63974794
1313,11,63974704,63974705,63974620,+,89,63974705,63974794
1314,11,63974705,63974706,63974621,+,88,63974706,63974794
1315,11,63974735,63974736,63974654,+,58,63974736,63974794
1316,11,63986491,63986492,63986435,+,22,63986492,63986514
1317,11,63986500,63986501,63986438,+,13,63986501,63986514
1318,11,64186237,64186238,64186169,+,32,64186238,64186270
1319,11,64186244,64186245,64186179,+,25,64186245,64186270
1320,11,64186249,64186250,64186181,+,20,64186250,64186270
1321,11,64186253,64186254,64186171,+,16,64186254,64186270
1322,11,64186262,64186263,64186178,+,7,64186263,64186270
1323,11,64186269,64186270,64186225,+,0,64186270,64186270
1324,11,64246913,64246914,64246943,-,498,64246914,64246416
1325,11,64317472,64317473,64317510,-,24,64317473,64317449
1326,11,64317503,64317504,64317539,-,55,64317504,64317449
1327,11,64317504,64317505,64317536,-,56,64317505,64317449
1328,11,64317510,64317511,64317540,-,62,64317511,64317449
1329,11,64317513,64317514,64317543,-,65,64317514,64317449
1330,11,64317520,64317521,64317544,-,72,64317521,64317449
1331,11,64317522,64317523,64317541,-,74,64317523,64317449
1332,11,64317525,64317526,64317542,-,77,64317526,64317449
1333,11,64317526,64317527,64317558,-,78,64317527,64317449
1334,11,64318283,64318284,64318205,+,102,64318284,64318386
1335,11,64500776,64500777,64500808,-,-141762,64500777,64500777
1336,11,64744119,64744120,64744142,-,90,64744120,64744030
1337,11,64878591,64878592,64878621,-,531,64878592,64878061
1338,11,65040975,65040976,65040904,+,130,65040976,65041106
1339,11,65084040,65084041,65084072,-,108,65084041,65083933
1340,11,65084048,65084049,65084068,-,116,65084049,65083933
1341,11,65122055,65122056,65122119,-,20,65122056,65122036
1342,11,65122089,65122090,65122110,-,0,65122090,65122090
1343,11,65122092,65122093,65122125,-,3,65122093,65122090
1344,11,65122124,65122125,65122156,-,35,65122125,65122090
1345,11,65122126,65122127,65122158,-,37,65122127,65122090
1346,11,65122168,65122169,65122185,-,79,65122169,65122090
1347,11,65122170,65122171,65122188,-,81,65122171,65122090
1348,11,65122339,65122340,65122311,+,84,65122340,65122424
1349,11,65122339,65122340,65122319,+,84,65122340,65122424
1350,11,65122351,65122352,65122321,+,72,65122352,65122424
1351,11,65122375,65122376,65122307,+,48,65122376,65122424
1352,11,65122401,65122402,65122323,+,22,65122402,65122424
1353,11,65422848,65422849,65422800,+,-35728,65422849,65422849
1354,11,65422868,65422869,65422798,+,-35748,65422869,65422869
1355,11,65499076,65499077,65499045,+,26187,65499077,65499077
1356,11,65499083,65499084,65499042,+,26180,65499084,65499084
1357,11,65570509,65570510,65570459,+,0,65570510,65570510
1358,11,65570509,65570510,65570477,+,0,65570510,65570510
1359,11,65570509,65570510,65570480,+,0,65570510,65570510
1360,11,65720780,65720781,65720798,-,194,65720781,65720587
1361,11,65858145,65858146,65858177,-,49,65858146,65858097
1362,11,65858146,65858147,65858178,-,50,65858147,65858097
1363,11,65858151,65858152,65858182,-,55,65858152,65858097
1364,11,65858159,65858160,65858176,-,63,65858160,65858097
1365,11,65858163,65858164,65858180,-,67,65858164,65858097
1366,11,65858240,65858241,65858272,-,144,65858241,65858097
1367,11,65879921,65879922,65879837,+,19,65879922,65879941
1368,11,65888471,65888472,65888494,-,129,65888472,65888343
1369,11,65961806,65961807,65961728,+,286,65961807,65962093
1370,11,66002122,66002123,66002154,-,83,66002123,66002040
1371,11,66002125,66002126,66002157,-,86,66002126,66002040
1372,11,66002512,66002513,66002491,+,0,66002513,66002513
1373,11,66002512,66002513,66002494,+,0,66002513,66002513
1374,11,66002512,66002513,66002496,+,0,66002513,66002513
1375,11,66002512,66002513,66002497,+,0,66002513,66002513
1376,11,66002512,66002513,66002504,+,0,66002513,66002513
1377,11,66002557,66002558,66002492,+,12,66002558,66002570
1378,11,66002560,66002561,66002495,+,9,66002561,66002570
1379,11,66002568,66002569,66002506,+,1,66002569,66002570
1380,11,66002569,66002570,66002493,+,0,66002570,66002570
1381,11,66002569,66002570,66002503,+,0,66002570,66002570
1382,11,66002569,66002570,66002512,+,0,66002570,66002570
1383,11,66002902,66002903,66002818,+,136,66002903,66003039
1384,11,66480464,66480465,66480434,+,0,66480465,66480465
1385,11,66480464,66480465,66480435,+,0,66480465,66480465
1386,11,66480464,66480465,66480436,+,0,66480465,66480465
1387,11,66480464,66480465,66480438,+,0,66480465,66480465
1388,11,66480464,66480465,66480439,+,0,66480465,66480465
1389,11,66616688,66616689,66616626,+,368,66616689,66617057
1390,11,66616706,66616707,66616630,+,350,66616707,66617057
1391,11,66638751,66638752,66638690,+,0,66638752,66638752
1392,11,66638751,66638752,66638695,+,0,66638752,66638752
1393,11,66638751,66638752,66638703,+,0,66638752,66638752
1394,11,66638751,66638752,66638706,+,0,66638752,66638752
1395,11,67119335,67119336,67119263,+,713,67119336,67120049
1396,11,67119337,67119338,67119265,+,711,67119338,67120049
1397,11,67401793,67401794,67401825,-,66,67401794,67401728
1398,11,67437649,67437650,67437682,-,33,67437650,67437617
1399,11,67483122,67483123,67483050,+,134,67483123,67483257
1400,11,67583843,67583844,67583785,+,0,67583844,67583844
1401,11,67583843,67583844,67583812,+,0,67583844,67583844
1402,11,67583843,67583844,67583814,+,0,67583844,67583844
1403,11,67583843,67583844,67583815,+,0,67583844,67583844
1404,11,67583843,67583844,67583816,+,0,67583844,67583844
1405,11,67583843,67583844,67583817,+,0,67583844,67583844
1406,11,67583843,67583844,67583831,+,0,67583844,67583844
1407,11,67607023,67607024,67606944,+,25,67607024,67607049
1408,11,67607032,67607033,67606961,+,16,67607033,67607049
1409,11,67607042,67607043,67606958,+,6,67607043,67607049
1410,11,67629339,67629340,67629371,-,-378,67629340,67629718
1411,11,67629342,67629343,67629374,-,-375,67629343,67629718
1412,11,67629906,67629907,67629937,-,189,67629907,67629718
1413,11,68030732,68030733,68030692,+,0,68030733,68030733
1414,11,68030732,68030733,68030693,+,0,68030733,68030733
1415,11,68460193,68460194,68460225,-,188337,68460194,68460194
1416,11,70203342,70203343,70203267,+,402,70203343,70203745
1417,11,70203373,70203374,70203315,+,371,70203374,70203745
1418,11,70203379,70203380,70203305,+,365,70203380,70203745
1419,11,71998971,71998972,71998911,+,47,71998972,71999019
1420,11,71998979,71998980,71998909,+,39,71998980,71999019
1421,11,73761042,73761043,73761074,-,477,73761043,73760566
1422,11,73787954,73787955,73787891,+,37,73787955,73787992
1423,11,73982820,73982821,73982843,-,100,73982821,73982721
1424,11,74748931,74748932,74748867,+,450,74748932,74749382
1425,11,74989017,74989018,74988933,+,136,74989018,74989154
1426,11,75399576,75399577,75399514,+,0,75399577,75399577
1427,11,75399576,75399577,75399517,+,0,75399577,75399577
1428,11,75399576,75399577,75399518,+,0,75399577,75399577
1429,11,75399576,75399577,75399519,+,0,75399577,75399577
1430,11,75399576,75399577,75399520,+,0,75399577,75399577
1431,11,75399576,75399577,75399522,+,0,75399577,75399577
1432,11,75399576,75399577,75399527,+,0,75399577,75399577
1433,11,75399576,75399577,75399529,+,0,75399577,75399577
1434,11,77637732,77637733,77637764,-,143,77637733,77637590
1435,11,77735201,77735202,77735232,-,9657,77735202,77725545
1436,11,77820691,77820692,77820722,-,164,77820692,77820528
1437,11,78139587,78139588,78139619,-,59,78139588,78139529
1438,11,78139590,78139591,78139622,-,62,78139591,78139529
1439,11,78139597,78139598,78139626,-,69,78139598,78139529
1440,11,82901814,82901815,82901730,+,7,82901815,82901822
1441,11,82901817,82901818,82901736,+,4,82901818,82901822
1442,11,83157184,83157185,83157126,+,446,83157185,83157631
1443,11,83157218,83157219,83157155,+,412,83157219,83157631
1444,11,83285948,83285949,83285978,-,76,83285949,83285873
1445,11,83285962,83285963,83285988,-,90,83285963,83285873
1446,11,83286345,83286346,83286367,-,246,83286346,83286100
1447,11,85628666,85628667,85628588,+,21,85628667,85628688
1448,11,85628670,85628671,85628595,+,17,85628671,85628688
1449,11,85628676,85628677,85628605,+,11,85628677,85628688
1450,11,85628677,85628678,85628593,+,10,85628678,85628688
1451,11,85648034,85648035,85647967,+,54,85648035,85648089
1452,11,85648051,85648052,85647988,+,37,85648052,85648089
1453,11,86069050,86069051,86069081,-,28,86069051,86069023
1454,11,86302358,86302359,86302277,+,119,86302359,86302478
1455,11,86302364,86302365,86302292,+,113,86302365,86302478
1456,11,86302375,86302376,86302298,+,102,86302376,86302478
1457,11,88337704,88337705,88337736,-,-3,88337705,88337708
1458,11,90223013,90223014,90223045,-,123,90223014,90222891
1459,11,90223019,90223020,90223049,-,129,90223020,90222891
1460,11,90223024,90223025,90223042,-,134,90223025,90222891
1461,11,93741727,93741728,93741687,+,0,93741728,93741728
1462,11,94494034,94494035,94494003,+,0,94494035,94494035
1463,11,94494034,94494035,94494010,+,0,94494035,94494035
1464,11,94973521,94973522,94973553,-,24,94973522,94973498
1465,11,94973522,94973523,94973554,-,25,94973523,94973498
1466,11,94973523,94973524,94973555,-,26,94973524,94973498
1467,11,94973538,94973539,94973556,-,41,94973539,94973498
1468,11,94973541,94973542,94973573,-,44,94973542,94973498
1469,11,94973545,94973546,94973575,-,48,94973546,94973498
1470,11,94973545,94973546,94973577,-,48,94973546,94973498
1471,11,96389831,96389832,96389865,-,-12,96389832,96389844
1472,11,102322680,102322681,102322712,-,-126434,102322681,102322681
1473,11,103092128,103092129,103092160,-,342,103092129,103091787
1474,11,103092147,103092148,103092177,-,361,103092148,103091787
1475,11,106077315,106077316,106077347,-,4,106077316,106077312
1476,11,106077747,106077748,106077676,+,145,106077748,106077893
1477,11,107457794,107457795,107457825,-,83,107457795,107457712
1478,11,108222584,108222585,108222617,-,85,108222585,108222500
1479,11,108222588,108222589,108222620,-,89,108222589,108222500
1480,11,108222597,108222598,108222629,-,98,108222598,108222500
1481,11,111871514,111871515,111871546,-,163,111871515,111871352
1482,11,112086725,112086726,112086746,-,86,112086726,112086640
1483,11,112086725,112086726,112086752,-,86,112086726,112086640
1484,11,112086726,112086727,112086756,-,87,112086727,112086640
1485,11,112086726,112086727,112086758,-,87,112086727,112086640
1486,11,112086953,112086954,112086879,+,5,112086954,112086959
1487,11,112086954,112086955,112086881,+,4,112086955,112086959
1488,11,112086958,112086959,112086899,+,0,112086959,112086959
1489,11,113773674,113773675,113773692,-,113,113773675,113773562
1490,11,116787983,116787984,116788015,-,164,116787984,116787820
1491,11,116787989,116787990,116788021,-,170,116787990,116787820
1492,11,116787992,116787993,116788023,-,173,116787993,116787820
1493,11,116787993,116787994,116788025,-,174,116787994,116787820
1494,11,116787994,116787995,116788026,-,175,116787995,116787820
1495,11,117828059,117828060,117828089,-,65,117828060,117827995
1496,11,118304775,118304776,118304712,+,0,118304776,118304776
1497,11,118304775,118304776,118304728,+,0,118304776,118304776
1498,11,118304775,118304776,118304729,+,0,118304776,118304776
1499,11,118304775,118304776,118304730,+,0,118304776,118304776
1500,11,118304775,118304776,118304750,+,0,118304776,118304776
1501,11,118304775,118304776,118304756,+,0,118304776,118304776
1502,11,118304775,118304776,118304760,+,0,118304776,118304776
1503,11,118304775,118304776,118304769,+,0,118304776,118304776
1504,11,118304956,118304957,118304925,+,44,118304957,118305001
1505,11,118305000,118305001,118304920,+,0,118305001,118305001
1506,11,118305000,118305001,118304928,+,0,118305001,118305001
1507,11,118305000,118305001,118304934,+,0,118305001,118305001
1508,11,118342573,118342574,118342603,-,21,118342574,118342553
1509,11,118342574,118342575,118342605,-,22,118342575,118342553
1510,11,118342594,118342595,118342625,-,42,118342595,118342553
1511,11,118342595,118342596,118342622,-,43,118342596,118342553
1512,11,118342595,118342596,118342627,-,43,118342596,118342553
1513,11,118342601,118342602,118342626,-,49,118342602,118342553
1514,11,118342605,118342606,118342624,-,53,118342606,118342553
1515,11,118342607,118342608,118342638,-,55,118342608,118342553
1516,11,118342612,118342613,118342629,-,60,118342613,118342553
1517,11,118342616,118342617,118342633,-,64,118342617,118342553
1518,11,118342622,118342623,118342654,-,70,118342623,118342553
1519,11,118342628,118342629,118342658,-,76,118342629,118342553
1520,11,118342628,118342629,118342660,-,76,118342629,118342553
1521,11,118342629,118342630,118342655,-,77,118342630,118342553
1522,11,118342633,118342634,118342652,-,81,118342634,118342553
1523,11,118342639,118342640,118342671,-,87,118342640,118342553
1524,11,118342644,118342645,118342676,-,92,118342645,118342553
1525,11,118342652,118342653,118342677,-,100,118342653,118342553
1526,11,118342658,118342659,118342690,-,106,118342659,118342553
1527,11,118342672,118342673,118342696,-,120,118342673,118342553
1528,11,118342683,118342684,118342713,-,131,118342684,118342553
1529,11,118342693,118342694,118342725,-,141,118342694,118342553
1530,11,118342701,118342702,118342732,-,149,118342702,118342553
1531,11,118342709,118342710,118342736,-,157,118342710,118342553
1532,11,118344408,118344409,118344328,+,69,118344409,118344478
1533,11,118344409,118344410,118344325,+,68,118344410,118344478
1534,11,118344428,118344429,118344344,+,49,118344429,118344478
1535,11,118344429,118344430,118344358,+,48,118344430,118344478
1536,11,118359673,118359674,118359634,+,0,118359674,118359674
1537,11,118401696,118401697,118401615,+,20,118401697,118401717
1538,11,118401701,118401702,118401619,+,15,118401702,118401717
1539,11,118401704,118401705,118401620,+,12,118401705,118401717
1540,11,118401706,118401707,118401622,+,10,118401707,118401717
1541,11,118436552,118436553,118436497,+,391,118436553,118436944
1542,11,118572480,118572481,118572409,+,69,118572481,118572550
1543,11,118572508,118572509,118572424,+,41,118572509,118572550
1544,11,118790917,118790918,118790948,-,63,118790918,118790855
1545,11,119018298,119018299,119018330,-,17,119018299,119018282
1546,11,119018301,119018302,119018333,-,20,119018302,119018282
1547,11,119018306,119018307,119018337,-,25,119018307,119018282
1548,11,119018310,119018311,119018342,-,29,119018311,119018282
1549,11,119018310,119018311,119018343,-,29,119018311,119018282
1550,11,119018310,119018311,119018345,-,29,119018311,119018282
1551,11,119018319,119018320,119018351,-,38,119018320,119018282
1552,11,119018337,119018338,119018361,-,56,119018338,119018282
1553,11,119018840,119018841,119018759,+,129,119018841,119018970
1554,11,119018850,119018851,119018766,+,119,119018851,119018970
1555,11,119018854,119018855,119018770,+,115,119018855,119018970
1556,11,119018857,119018858,119018773,+,112,119018858,119018970
1557,11,119018861,119018862,119018787,+,108,119018862,119018970
1558,11,119084973,119084974,119084914,+,92,119084974,119085066
1559,11,119095430,119095431,119095462,-,1557,119095431,119093874
1560,11,119095443,119095444,119095468,-,1570,119095444,119093874
1561,11,119095444,119095445,119095467,-,1571,119095445,119093874
1562,11,119095446,119095447,119095465,-,1573,119095447,119093874
1563,11,119101821,119101822,119101853,-,327,119101822,119101495
1564,11,119101843,119101844,119101875,-,349,119101844,119101495
1565,11,119334595,119334596,119334525,+,2713,119334596,119337309
1566,11,119334606,119334607,119334527,+,2702,119334607,119337309
1567,11,121292815,121292816,121292771,+,0,121292816,121292816
1568,11,123062106,123062107,123062138,-,43,123062107,123062064
1569,11,123062114,123062115,123062139,-,51,123062115,123062064
1570,11,123062116,123062117,123062133,-,53,123062117,123062064
1571,11,125626011,125626012,125625976,+,0,125626012,125626012
1572,11,125626011,125626012,125625977,+,0,125626012,125626012
1573,11,125903165,125903166,125903198,-,-4,125903166,125903170
1574,11,126269223,126269224,126269157,+,67,126269224,126269291
1575,11,130069969,130069970,130069894,+,67,130069970,130070037
1576,11,134223935,134223936,134223966,-,73,134223936,134223863
1577,11,134223936,134223937,134223967,-,74,134223937,134223863
1578,11,134223945,134223946,134223977,-,83,134223946,134223863
1579,11,134253276,134253277,134253308,-,-22,134253277,134253299
1580,11,134253284,134253285,134253316,-,-14,134253285,134253299
1581,11,134253290,134253291,134253320,-,-8,134253291,134253299
1582,11,134253306,134253307,134253338,-,8,134253307,134253299
1583,11,134253645,134253646,134253568,+,63,134253646,134253709
1584,12,401683,401684,401644,+,0,401684,401684
1585,12,2795076,2795077,2795025,+,167,2795077,2795244
1586,12,2812863,2812864,2812895,-,-21778,2812864,2812864
1587,12,2877281,2877282,2877223,+,0,2877282,2877282
1588,12,4538476,4538477,4538508,-,68,4538477,4538409
1589,12,4538955,4538956,4538890,+,0,4538956,4538956
1590,12,4538955,4538956,4538907,+,0,4538956,4538956
1591,12,4649174,4649175,4649114,+,0,4649175,4649175
1592,12,4649174,4649175,4649122,+,0,4649175,4649175
1593,12,6342045,6342046,6342076,-,270,6342046,6341776
1594,12,6342057,6342058,6342089,-,282,6342058,6341776
1595,12,6342063,6342064,6342092,-,288,6342064,6341776
1596,12,6470645,6470646,6470677,-,116,6470646,6470530
1597,12,6493190,6493191,6493221,-,-60,6493191,6493251
1598,12,6493217,6493218,6493250,-,-33,6493218,6493251
1599,12,6493230,6493231,6493248,-,-20,6493231,6493251
1600,12,6534568,6534569,6534491,+,0,6534569,6534569
1601,12,6534568,6534569,6534517,+,0,6534569,6534569
1602,12,6534568,6534569,6534518,+,0,6534569,6534569
1603,12,6534568,6534569,6534519,+,0,6534569,6534569
1604,12,6534568,6534569,6534520,+,0,6534569,6534569
1605,12,6534568,6534569,6534521,+,0,6534569,6534569
1606,12,6534568,6534569,6534524,+,0,6534569,6534569
1607,12,6568259,6568260,6568291,-,53,6568260,6568207
1608,12,6568265,6568266,6568297,-,59,6568266,6568207
1609,12,6663086,6663087,6663114,-,22,6663087,6663065
1610,12,6663087,6663088,6663119,-,23,6663088,6663065
1611,12,6663109,6663110,6663126,-,45,6663110,6663065
1612,12,6766424,6766425,6766363,+,325,6766425,6766750
1613,12,6851236,6851237,6851268,-,15,6851237,6851222
1614,12,6851241,6851242,6851271,-,20,6851242,6851222
1615,12,6851254,6851255,6851285,-,33,6851255,6851222
1616,12,6851260,6851261,6851291,-,39,6851261,6851222
1617,12,6851261,6851262,6851292,-,40,6851262,6851222
1618,12,6851264,6851265,6851286,-,43,6851265,6851222
1619,12,6943879,6943880,6943817,+,-218,6943880,6943662
1620,12,6943991,6943992,6943934,+,181,6943992,6944173
1621,12,6944101,6944102,6944018,+,71,6944102,6944173
1622,12,6944123,6944124,6944046,+,49,6944124,6944173
1623,12,6944130,6944131,6944047,+,42,6944131,6944173
1624,12,6944132,6944133,6944048,+,40,6944133,6944173
1625,12,6944133,6944134,6944051,+,39,6944134,6944173
1626,12,6944134,6944135,6944050,+,38,6944135,6944173
1627,12,6944138,6944139,6944054,+,34,6944139,6944173
1628,12,6944144,6944145,6944078,+,28,6944145,6944173
1629,12,6944160,6944161,6944086,+,12,6944161,6944173
1630,12,6970660,6970661,6970680,-,244,6970661,6970417
1631,12,6970982,6970983,6970910,+,108,6970983,6971091
1632,12,6970988,6970989,6970916,+,102,6970989,6971091
1633,12,6970991,6970992,6970913,+,99,6970992,6971091
1634,12,7936154,7936155,7936186,-,135,7936155,7936020
1635,12,7936170,7936171,7936187,-,151,7936171,7936020
1636,12,8082346,8082347,8082274,+,36,8082347,8082383
1637,12,8082347,8082348,8082277,+,35,8082348,8082383
1638,12,9284117,9284118,9284033,+,-291808,9284118,9284118
1639,12,9869337,9869338,9869354,-,133,9869338,9869205
1640,12,10613508,10613509,10613538,-,-32,10613509,10613541
1641,12,10613520,10613521,10613542,-,-20,10613521,10613541
1642,12,10613530,10613531,10613562,-,-10,10613531,10613541
1643,12,10613537,10613538,10613569,-,-3,10613538,10613541
1644,12,10613539,10613540,10613560,-,-1,10613540,10613541
1645,12,10613561,10613562,10613591,-,21,10613562,10613541
1646,12,10613569,10613570,10613594,-,29,10613570,10613541
1647,12,10613570,10613571,10613600,-,30,10613571,10613541
1648,12,10723292,10723293,10723323,-,443,10723293,10722850
1649,12,10723293,10723294,10723325,-,444,10723294,10722850
1650,12,11649741,11649742,11649674,+,418,11649742,11650160
1651,12,12717501,12717502,12717435,+,551,12717502,12718053
1652,12,12717513,12717514,12717437,+,539,12717514,12718053
1653,12,14385399,14385400,14385366,+,0,14385400,14385400
1654,12,14803445,14803446,14803475,-,94,14803446,14803352
1655,12,14803446,14803447,14803478,-,95,14803447,14803352
1656,12,14803451,14803452,14803476,-,100,14803452,14803352
1657,12,14948850,14948851,14948882,-,-1681,14948851,14950532
1658,12,14948855,14948856,14948886,-,-1676,14948856,14950532
1659,12,14948864,14948865,14948896,-,-1667,14948865,14950532
1660,12,14961521,14961522,14961556,-,-15,14961522,14961537
1661,12,14961528,14961529,14961560,-,-8,14961529,14961537
1662,12,14961541,14961542,14961571,-,5,14961542,14961537
1663,12,14961541,14961542,14961573,-,5,14961542,14961537
1664,12,14961544,14961545,14961574,-,8,14961545,14961537
1665,12,14961544,14961545,14961576,-,8,14961545,14961537
1666,12,14961545,14961546,14961577,-,9,14961546,14961537
1667,12,14961552,14961553,14961584,-,16,14961553,14961537
1668,12,14961555,14961556,14961578,-,19,14961556,14961537
1669,12,14961557,14961558,14961588,-,21,14961558,14961537
1670,12,14961562,14961563,14961591,-,26,14961563,14961537
1671,12,14961564,14961565,14961595,-,28,14961565,14961537
1672,12,14961569,14961570,14961598,-,33,14961570,14961537
1673,12,14961572,14961573,14961601,-,36,14961573,14961537
1674,12,14961605,14961606,14961625,-,-46,14961606,14961652
1675,12,15882470,15882471,15882386,+,348,15882471,15882819
1676,12,15882472,15882473,15882388,+,346,15882473,15882819
1677,12,15882475,15882476,15882391,+,343,15882476,15882819
1678,12,15882478,15882479,15882394,+,340,15882479,15882819
1679,12,15882488,15882489,15882404,+,330,15882489,15882819
1680,12,15882494,15882495,15882410,+,324,15882495,15882819
1681,12,15882495,15882496,15882411,+,323,15882496,15882819
1682,12,15882497,15882498,15882413,+,321,15882498,15882819
1683,12,21501603,21501604,21501635,-,123,21501604,21501481
1684,12,21657768,21657769,21657800,-,18,21657769,21657751
1685,12,21657774,21657775,21657806,-,24,21657775,21657751
1686,12,21657779,21657780,21657810,-,29,21657780,21657751
1687,12,21657780,21657781,21657812,-,30,21657781,21657751
1688,12,21657782,21657783,21657814,-,32,21657783,21657751
1689,12,21657820,21657821,21657839,-,70,21657821,21657751
1690,12,21737696,21737697,21737698,-,-20076,21737697,21737697
1691,12,26938537,26938538,26938470,+,172,26938538,26938710
1692,12,27014325,27014326,27014351,-,17,27014326,27014309
1693,12,27022620,27022621,27022550,+,0,27022621,27022621
1694,12,27022620,27022621,27022562,+,0,27022621,27022621
1695,12,27022620,27022621,27022569,+,0,27022621,27022621
1696,12,27022620,27022621,27022574,+,0,27022621,27022621
1697,12,28190540,28190541,28190456,+,100,28190541,28190641
1698,12,29381118,29381119,29381148,-,4,29381119,29381115
1699,12,29381119,29381120,29381150,-,5,29381120,29381115
1700,12,31326122,31326123,31326150,-,99,31326123,31326024
1701,12,32679396,32679397,32679320,+,68,32679397,32679465
1702,12,42326061,42326062,42326094,-,-107,42326062,42326169
1703,12,42326228,42326229,42326167,+,0,42326229,42326229
1704,12,42326228,42326229,42326173,+,0,42326229,42326229
1705,12,43758727,43758728,43758759,-,-2,43758728,43758730
1706,12,43758733,43758734,43758767,-,4,43758734,43758730
1707,12,46372754,46372755,46372773,-,246,46372755,46372509
1708,12,47963632,47963633,47963601,+,0,47963633,47963633
1709,12,48852131,48852132,48852163,-,48,48852132,48852084
1710,12,49060538,49060539,49060570,-,926,49060539,49059613
1711,12,49060543,49060544,49060575,-,931,49060544,49059613
1712,12,49110815,49110816,49110847,-,3,49110816,49110813
1713,12,49110854,49110855,49110886,-,42,49110855,49110813
1714,12,49131362,49131363,49131394,-,65,49131363,49131298
1715,12,49131364,49131365,49131396,-,67,49131365,49131298
1716,12,49131365,49131366,49131397,-,68,49131366,49131298
1717,12,49131373,49131374,49131392,-,76,49131374,49131298
1718,12,49131378,49131379,49131395,-,81,49131379,49131298
1719,12,49189055,49189056,49189078,-,79,49189056,49188977
1720,12,49189061,49189062,49189080,-,85,49189062,49188977
1721,12,49265164,49265165,49265080,+,19,49265165,49265184
1722,12,49265166,49265167,49265082,+,17,49265167,49265184
1723,12,49323323,49323324,49323255,+,25,49323324,49323349
1724,12,49568101,49568102,49568132,-,54,49568102,49568048
1725,12,49741610,49741611,49741557,+,0,49741611,49741611
1726,12,49741610,49741611,49741571,+,0,49741611,49741611
1727,12,49843076,49843077,49843106,-,223,49843077,49842854
1728,12,50764182,50764183,50764101,+,124,50764183,50764307
1729,12,52677438,52677439,52677470,-,-2319,52677439,52679758
1730,12,52677450,52677451,52677482,-,-2307,52677451,52679758
1731,12,52677482,52677483,52677502,-,-2275,52677483,52679758
1732,12,52677494,52677495,52677517,-,-2263,52677495,52679758
1733,12,52677497,52677498,52677529,-,-2260,52677498,52679758
1734,12,53153298,53153299,53153257,+,27538,53153299,53153299
1735,12,53153317,53153318,53153258,+,27519,53153318,53153318
1736,12,53268360,53268361,53268298,+,16,53268361,53268377
1737,12,53268365,53268366,53268299,+,11,53268366,53268377
1738,12,53268376,53268377,53268296,+,0,53268377,53268377
1739,12,53268384,53268385,53268300,+,-8,53268385,53268377
1740,12,53295621,53295622,53295537,+,17,53295622,53295639
1741,12,53295630,53295631,53295551,+,8,53295631,53295639
1742,12,53295632,53295633,53295548,+,6,53295633,53295639
1743,12,53321580,53321581,53321610,-,238,53321581,53321343
1744,12,53452375,53452376,53452358,+,0,53452376,53452376
1745,12,53676037,53676038,53676074,-,-15,53676038,53676053
1746,12,54280064,54280065,54280096,-,57,54280065,54280008
1747,12,54280080,54280081,54280103,-,73,54280081,54280008
1748,12,54280104,54280105,54280122,-,97,54280105,54280008
1749,12,54280810,54280811,54280726,+,11,54280811,54280822
1750,12,54280820,54280821,54280736,+,1,54280821,54280822
1751,12,54280821,54280822,54280739,+,0,54280822,54280822
1752,12,54325180,54325181,54325139,+,0,54325181,54325181
1753,12,54497802,54497803,54497718,+,88,54497803,54497891
1754,12,54497805,54497806,54497721,+,85,54497806,54497891
1755,12,54497808,54497809,54497724,+,82,54497809,54497891
1756,12,54497817,54497818,54497733,+,73,54497818,54497891
1757,12,54497836,54497837,54497752,+,54,54497837,54497891
1758,12,54497840,54497841,54497756,+,50,54497841,54497891
1759,12,54497843,54497844,54497759,+,47,54497844,54497891
1760,12,54497846,54497847,54497762,+,44,54497847,54497891
1761,12,54497864,54497865,54497780,+,26,54497865,54497891
1762,12,54984690,54984691,54984710,-,106,54984691,54984585
1763,12,54984693,54984694,54984719,-,109,54984694,54984585
1764,12,54984695,54984696,54984727,-,111,54984696,54984585
1765,12,54984698,54984699,54984730,-,114,54984699,54984585
1766,12,54984727,54984728,54984759,-,143,54984728,54984585
1767,12,55817690,55817691,55817722,-,25,55817691,55817666
1768,12,55818102,55818103,55818041,+,9,55818103,55818112
1769,12,55818111,55818112,55818044,+,0,55818112,55818112
1770,12,55927080,55927081,55927112,-,5,55927081,55927076
1771,12,55927107,55927108,55927128,-,32,55927108,55927076
1772,12,55930642,55930643,55930642,+,0,55930643,55930643
1773,12,55931246,55931247,55931162,+,97,55931247,55931344
1774,12,55931256,55931257,55931172,+,87,55931257,55931344
1775,12,55931267,55931268,55931183,+,76,55931268,55931344
1776,12,55966864,55966865,55966830,+,259,55966865,55967124
1777,12,55966864,55966865,55966833,+,259,55966865,55967124
1778,12,55966922,55966923,55966838,+,201,55966923,55967124
1779,12,56042002,56042003,56041918,+,61,56042003,56042064
1780,12,56042022,56042023,56041940,+,41,56042023,56042064
1781,12,56042029,56042030,56041950,+,34,56042030,56042064
1782,12,56104658,56104659,56104574,+,166,56104659,56104825
1783,12,56116658,56116659,56116632,+,0,56116659,56116659
1784,12,56116658,56116659,56116633,+,0,56116659,56116659
1785,12,56116746,56116747,56116662,+,52,56116747,56116799
1786,12,56116766,56116767,56116682,+,32,56116767,56116799
1787,12,56116779,56116780,56116695,+,19,56116780,56116799
1788,12,56116781,56116782,56116697,+,17,56116782,56116799
1789,12,56116787,56116788,56116704,+,11,56116788,56116799
1790,12,56158403,56158404,56158358,+,0,56158404,56158404
1791,12,56158403,56158404,56158359,+,0,56158404,56158404
1792,12,56158403,56158404,56158361,+,0,56158404,56158404
1793,12,56158403,56158404,56158362,+,0,56158404,56158404
1794,12,56158403,56158404,56158365,+,0,56158404,56158404
1795,12,56158403,56158404,56158370,+,0,56158404,56158404
1796,12,56158403,56158404,56158371,+,0,56158404,56158404
1797,12,56158403,56158404,56158372,+,0,56158404,56158404
1798,12,56158403,56158404,56158373,+,0,56158404,56158404
1799,12,56158403,56158404,56158385,+,0,56158404,56158404
1800,12,56221903,56221904,56221931,-,1,56221904,56221903
1801,12,56221908,56221909,56221933,-,6,56221909,56221903
1802,12,56636316,56636317,56636348,-,135,56636317,56636182
1803,12,56645966,56645967,56645984,-,130,56645967,56645837
1804,12,56688190,56688191,56688222,-,193,56688191,56687998
1805,12,56688191,56688192,56688224,-,194,56688192,56687998
1806,12,56688221,56688222,56688251,-,224,56688222,56687998
1807,12,56688223,56688224,56688255,-,226,56688224,56687998
1808,12,56688225,56688226,56688257,-,228,56688226,56687998
1809,12,56725225,56725226,56725256,-,-37,56725226,56725263
1810,12,56725235,56725236,56725267,-,-27,56725236,56725263
1811,12,56725255,56725256,56725287,-,-7,56725256,56725263
1812,12,56725266,56725267,56725301,-,4,56725267,56725263
1813,12,56725280,56725281,56725312,-,18,56725281,56725263
1814,12,56752307,56752308,56752339,-,112,56752308,56752196
1815,12,57229802,57229803,57229722,+,8,57229803,57229811
1816,12,57229806,57229807,57229735,+,4,57229807,57229811
1817,12,57229810,57229811,57229740,+,0,57229811,57229811
1818,12,57488101,57488102,57488042,+,97,57488102,57488199
1819,12,57488101,57488102,57488066,+,97,57488102,57488199
1820,12,57488101,57488102,57488068,+,97,57488102,57488199
1821,12,57488101,57488102,57488071,+,97,57488102,57488199
1822,12,57488145,57488146,57488079,+,53,57488146,57488199
1823,12,57488150,57488151,57488074,+,48,57488151,57488199
1824,12,57488159,57488160,57488078,+,39,57488160,57488199
1825,12,57520482,57520483,57520514,-,65,57520483,57520418
1826,12,57520490,57520491,57520511,-,73,57520491,57520418
1827,12,57547160,57547161,57547192,-,133,57547161,57547028
1828,12,57752341,57752342,57752373,-,167,57752342,57752175
1829,12,57936015,57936016,57936052,-,89644,57936016,57936016
1830,12,66130717,66130718,66130750,-,13,66130718,66130705
1831,12,66130721,66130722,66130753,-,17,66130722,66130705
1832,12,66130725,66130726,66130755,-,21,66130726,66130705
1833,12,66130729,66130730,66130749,-,25,66130730,66130705
1834,12,66169934,66169935,66169963,-,80,66169935,66169855
1835,12,66169955,66169956,66169986,-,101,66169956,66169855
1836,12,69239660,69239661,69239599,+,45,69239661,69239706
1837,12,69585523,69585524,69585443,+,0,69585524,69585524
1838,12,69585523,69585524,69585459,+,0,69585524,69585524
1839,12,69585523,69585524,69585496,+,0,69585524,69585524
1840,12,70243479,70243480,70243433,+,0,70243480,70243480
1841,12,70243479,70243480,70243434,+,0,70243480,70243480
1842,12,70243479,70243480,70243436,+,0,70243480,70243480
1843,12,71839810,71839811,71839759,+,0,71839811,71839811
1844,12,75511578,75511579,75511610,-,66,75511579,75511513
1845,12,75511600,75511601,75511633,-,88,75511601,75511513
1846,12,76559754,76559755,76559771,-,358,76559755,76559397
1847,12,82358357,82358358,82358387,-,135,82358358,82358223
1848,12,82358361,82358362,82358391,-,139,82358362,82358223
1849,12,82358369,82358370,82358399,-,147,82358370,82358223
1850,12,82358377,82358378,82358409,-,155,82358378,82358223
1851,12,88035574,88035575,88035508,+,163,88035575,88035738
1852,12,88035599,88035600,88035536,+,138,88035600,88035738
1853,12,93467553,93467554,93467495,+,0,93467554,93467554
1854,12,93467553,93467554,93467513,+,0,93467554,93467554
1855,12,93467553,93467554,93467514,+,0,93467554,93467554
1856,12,93467553,93467554,93467517,+,0,93467554,93467554
1857,12,93677455,93677456,93677378,+,16,93677456,93677472
1858,12,95003653,95003654,95003683,-,59,95003654,95003595
1859,12,95003656,95003657,95003687,-,62,95003657,95003595
1860,12,95003656,95003657,95003688,-,62,95003657,95003595
1861,12,95003658,95003659,95003691,-,64,95003659,95003595
1862,12,95073514,95073515,95073545,-,135,95073515,95073380
1863,12,95217811,95217812,95217812,+,74,95217812,95217886
1864,12,95859022,95859023,95858938,+,53,95859023,95859076
1865,12,95859023,95859024,95858966,+,52,95859024,95859076
1866,12,95859026,95859027,95858946,+,49,95859027,95859076
1867,12,95859035,95859036,95858954,+,40,95859036,95859076
1868,12,95859047,95859048,95858965,+,28,95859048,95859076
1869,12,95859050,95859051,95858974,+,25,95859051,95859076
1870,12,95859075,95859076,95859003,+,0,95859076,95859076
1871,12,96035546,96035547,96035577,-,186,96035547,96035361
1872,12,96035551,96035552,96035583,-,191,96035552,96035361
1873,12,96035558,96035559,96035590,-,198,96035559,96035361
1874,12,96035560,96035561,96035592,-,200,96035561,96035361
1875,12,96035603,96035604,96035634,-,243,96035604,96035361
1876,12,98515667,98515668,98515590,+,478,98515668,98516146
1877,12,98515688,98515689,98515617,+,457,98515689,98516146
1878,12,98515701,98515702,98515635,+,444,98515702,98516146
1879,12,98515716,98515717,98515632,+,429,98515717,98516146
1880,12,98515729,98515730,98515657,+,416,98515730,98516146
1881,12,98515737,98515738,98515659,+,408,98515738,98516146
1882,12,98593739,98593740,98593690,+,0,98593740,98593740
1883,12,98593739,98593740,98593713,+,0,98593740,98593740
1884,12,98593739,98593740,98593714,+,0,98593740,98593740
1885,12,98593739,98593740,98593720,+,0,98593740,98593740
1886,12,100200898,100200899,100200814,+,20,100200899,100200919
1887,12,100200899,100200900,100200815,+,19,100200900,100200919
1888,12,100200900,100200901,100200816,+,18,100200901,100200919
1889,12,100200901,100200902,100200817,+,17,100200902,100200919
1890,12,100200918,100200919,100200849,+,0,100200919,100200919
1891,12,100267261,100267262,100267197,+,134,100267262,100267396
1892,12,102120285,102120286,102120249,+,0,102120286,102120286
1893,12,103930461,103930462,103930408,+,102,103930462,103930564
1894,12,103930461,103930462,103930410,+,102,103930462,103930564
1895,12,103957114,103957115,103957147,-,-25,103957115,103957140
1896,12,104138074,104138075,104138107,-,-66,104138075,104138141
1897,12,104287058,104287059,104286974,+,50,104287059,104287109
1898,12,104287073,104287074,104286989,+,35,104287074,104287109
1899,12,104287076,104287077,104286995,+,32,104287077,104287109
1900,12,104287105,104287106,104287022,+,3,104287106,104287109
1901,12,105107808,105107809,105107731,+,52,105107809,105107861
1902,12,107685894,107685895,107685810,+,76,107685895,107685971
1903,12,107685896,107685897,107685812,+,74,107685897,107685971
1904,12,107685918,107685919,107685834,+,52,107685919,107685971
1905,12,108561140,108561141,108561172,-,298,108561141,108560843
1906,12,108561141,108561142,108561168,-,299,108561142,108560843
1907,12,108561142,108561143,108561173,-,300,108561143,108560843
1908,12,108633809,108633810,108633841,-,70,108633810,108633740
1909,12,108731486,108731487,108731518,-,58,108731487,108731429
1910,12,110403632,110403633,110403664,-,106,110403633,110403527
1911,12,110450285,110450286,110450317,-,31,110450286,110450255
1912,12,110450286,110450287,110450318,-,32,110450287,110450255
1913,12,110450292,110450293,110450325,-,38,110450293,110450255
1914,12,110450302,110450303,110450333,-,48,110450303,110450255
1915,12,110450325,110450326,110450357,-,71,110450326,110450255
1916,12,110468495,110468496,110468421,+,522,110468496,110469018
1917,12,110468508,110468509,110468424,+,509,110468509,110469018
1918,12,110468511,110468512,110468427,+,506,110468512,110469018
1919,12,110502045,110502046,110502077,-,-3,110502046,110502049
1920,12,110502051,110502052,110502075,-,3,110502052,110502049
1921,12,112013108,112013109,112013140,-,107,112013109,112013002
1922,12,112013510,112013511,112013426,+,98,112013511,112013609
1923,12,112125617,112125618,112125538,+,0,112125618,112125618
1924,12,112125617,112125618,112125560,+,0,112125618,112125618
1925,12,112267161,112267162,112267077,+,-141013,112267162,112267162
1926,12,112409551,112409552,112409583,-,-35,112409552,112409587
1927,12,112409559,112409560,112409584,-,-27,112409560,112409587
1928,12,112409576,112409577,112409596,-,-10,112409577,112409587
1929,12,112978603,112978604,112978519,+,-127,112978604,112978477
1930,12,113185796,113185797,113185721,+,224,113185797,113186021
1931,12,116738369,116738370,116738315,+,0,116738370,116738370
1932,12,116738369,116738370,116738316,+,0,116738370,116738370
1933,12,117190439,117190440,117190471,-,222,117190440,117190218
1934,12,118016787,118016788,118016703,+,104,118016788,118016892
1935,12,118016788,118016789,118016704,+,103,118016789,118016892
1936,12,118016792,118016793,118016710,+,99,118016793,118016892
1937,12,118016806,118016807,118016722,+,85,118016807,118016892
1938,12,118016807,118016808,118016723,+,84,118016808,118016892
1939,12,118016829,118016830,118016765,+,62,118016830,118016892
1940,12,118136187,118136188,118136111,+,156,118136188,118136344
1941,12,118136208,118136209,118136124,+,135,118136209,118136344
1942,12,118359659,118359660,118359690,-,139,118359660,118359521
1943,12,118359661,118359662,118359693,-,141,118359662,118359521
1944,12,118359669,118359670,118359700,-,149,118359670,118359521
1945,12,118359673,118359674,118359705,-,153,118359674,118359521
1946,12,118359685,118359686,118359717,-,165,118359686,118359521
1947,12,120293220,120293221,120293237,-,27604,120293221,120293221
1948,12,120438174,120438175,120438090,+,54,120438175,120438229
1949,12,120438184,120438185,120438110,+,44,120438185,120438229
1950,12,120438192,120438193,120438111,+,36,120438193,120438229
1951,12,120438197,120438198,120438113,+,31,120438198,120438229
1952,12,120438199,120438200,120438123,+,29,120438200,120438229
1953,12,120438201,120438202,120438117,+,27,120438202,120438229
1954,12,120438202,120438203,120438118,+,26,120438203,120438229
1955,12,120438203,120438204,120438120,+,25,120438204,120438229
1956,12,120438208,120438209,120438124,+,20,120438209,120438229
1957,12,120446349,120446350,120446381,-,124,120446350,120446226
1958,12,120446353,120446354,120446384,-,128,120446354,120446226
1959,12,120446390,120446391,120446409,-,165,120446391,120446226
1960,12,120496152,120496153,120496078,+,63,120496153,120496216
1961,12,120496164,120496165,120496081,+,51,120496165,120496216
1962,12,120496190,120496191,120496111,+,25,120496191,120496216
1963,12,120496191,120496192,120496113,+,24,120496192,120496216
1964,12,120496193,120496194,120496109,+,22,120496194,120496216
1965,12,120529131,120529132,120529155,-,192,120529132,120528940
1966,12,120534437,120534438,120534353,+,-31,120534438,120534407
1967,12,120534438,120534439,120534354,+,-32,120534439,120534407
1968,12,120534440,120534441,120534356,+,-34,120534441,120534407
1969,12,120710519,120710520,120710458,+,198,120710520,120710718
1970,12,121016466,121016467,121016487,-,137,121016467,121016330
1971,12,121352388,121352389,121352408,-,255,121352389,121352134
1972,12,121352392,121352393,121352411,-,259,121352393,121352134
1973,12,122022009,122022010,122021946,+,173,122022010,122022183
1974,12,122022011,122022012,122021938,+,171,122022012,122022183
1975,12,122022020,122022021,122021940,+,162,122022021,122022183
1976,12,122022029,122022030,122021948,+,153,122022030,122022183
1977,12,122226020,122226021,122226052,-,56,122226021,122225965
1978,12,122526905,122526906,122526936,-,58,122526906,122526848
1979,12,122527322,122527323,122527249,+,28,122527323,122527351
1980,12,122752903,122752904,122752824,+,46,122752904,122752950
1981,12,122752930,122752931,122752854,+,19,122752931,122752950
1982,12,122752945,122752946,122752876,+,4,122752946,122752950
1983,12,122752949,122752950,122752875,+,0,122752950,122752950
1984,12,123633871,123633872,123633829,+,0,123633872,123633872
1985,12,124914619,124914620,124914651,-,33,124914620,124914587
1986,12,124914624,124914625,124914654,-,38,124914625,124914587
1987,12,124914630,124914631,124914650,-,44,124914631,124914587
1988,12,124989076,124989077,124989108,-,160,124989077,124988917
1989,12,126966569,126966570,126966591,-,-1856828,126966570,126966570
1990,12,130872098,130872099,130872063,+,27,130872099,130872126
1991,12,130872125,130872126,130872062,+,0,130872126,130872126
1992,12,130872125,130872126,130872066,+,0,130872126,130872126
1993,12,130872125,130872126,130872082,+,0,130872126,130872126
1994,12,130872125,130872126,130872096,+,0,130872126,130872126
1995,12,131711152,131711153,131711090,+,294,131711153,131711447
1996,12,131929350,131929351,131929276,+,29,131929351,131929380
1997,12,132144528,132144529,132144467,+,76,132144529,132144605
1998,12,132490212,132490213,132490154,+,648,132490213,132490861
1999,12,132687311,132687312,132687342,-,58,132687312,132687254
2000,13,19782910,19782911,19782942,-,-6,19782911,19782917
2001,13,19782918,19782919,19782945,-,2,19782919,19782917
2002,13,20773931,20773932,20773949,-,11,20773932,20773921
2003,13,21140611,21140612,21140542,+,69,21140612,21140681
2004,13,21140618,21140619,21140541,+,62,21140619,21140681
2005,13,21140624,21140625,21140546,+,56,21140625,21140681
2006,13,21140648,21140649,21140587,+,32,21140649,21140681
2007,13,21176520,21176521,21176552,-,146,21176521,21176375
2008,13,21176528,21176529,21176559,-,154,21176529,21176375
2009,13,21176716,21176717,21176688,+,0,21176717,21176717
2010,13,21176716,21176717,21176689,+,0,21176717,21176717
2011,13,21176716,21176717,21176690,+,0,21176717,21176717
2012,13,21176716,21176717,21176696,+,0,21176717,21176717
2013,13,24512750,24512751,24512778,-,45,24512751,24512706
2014,13,25301694,25301695,25301625,+,185,25301695,25301880
2015,13,27251655,27251656,27251577,+,0,27251656,27251656
2016,13,27424673,27424674,27424619,+,264,27424674,27424938
2017,13,28659170,28659171,28659114,+,16,28659171,28659187
2018,13,28659186,28659187,28659122,+,0,28659187,28659187
2019,13,28659186,28659187,28659123,+,0,28659187,28659187
2020,13,28659186,28659187,28659133,+,0,28659187,28659187
2021,13,28659186,28659187,28659136,+,0,28659187,28659187
2022,13,28659186,28659187,28659139,+,0,28659187,28659187
2023,13,28659186,28659187,28659149,+,0,28659187,28659187
2024,13,28659186,28659187,28659157,+,0,28659187,28659187
2025,13,28659186,28659187,28659166,+,0,28659187,28659187
2026,13,28659186,28659187,28659170,+,0,28659187,28659187
2027,13,28659186,28659187,28659172,+,0,28659187,28659187
2028,13,30465841,30465842,30465880,-,46,30465842,30465796
2029,13,30465846,30465847,30465884,-,51,30465847,30465796
2030,13,30465846,30465847,30465887,-,51,30465847,30465796
2031,13,30465851,30465852,30465886,-,56,30465852,30465796
2032,13,30465898,30465899,30465930,-,103,30465899,30465796
2033,13,30465901,30465902,30465933,-,106,30465902,30465796
2034,13,30465904,30465905,30465936,-,109,30465905,30465796
2035,13,31161914,31161915,31161945,-,-67,31161915,31161982
2036,13,31161916,31161917,31161948,-,-65,31161917,31161982
2037,13,31161920,31161921,31161949,-,-61,31161921,31161982
2038,13,31161934,31161935,31161966,-,-47,31161935,31161982
2039,13,31161947,31161948,31161979,-,-34,31161948,31161982
2040,13,32538763,32538764,32538792,-,14,32538764,32538750
2041,13,32538763,32538764,32538795,-,14,32538764,32538750
2042,13,37000821,37000822,37000788,+,0,37000822,37000822
2043,13,38349920,38349921,38349851,+,0,38349921,38349921
2044,13,38349920,38349921,38349854,+,0,38349921,38349921
2045,13,38349920,38349921,38349856,+,0,38349921,38349921
2046,13,38349920,38349921,38349859,+,0,38349921,38349921
2047,13,38349920,38349921,38349864,+,0,38349921,38349921
2048,13,38349920,38349921,38349885,+,0,38349921,38349921
2049,13,40771120,40771121,40771152,-,136,40771121,40770985
2050,13,40771138,40771139,40771169,-,154,40771139,40770985
2051,13,40982864,40982865,40982896,-,7,40982865,40982858
2052,13,40982867,40982868,40982899,-,10,40982868,40982858
2053,13,41019298,41019299,41019316,-,71,41019299,41019228
2054,13,41019300,41019301,41019333,-,73,41019301,41019228
2055,13,41263521,41263522,41263554,-,37,41263522,41263485
2056,13,41263554,41263555,41263576,-,70,41263555,41263485
2057,13,44989443,44989444,44989469,-,419,44989444,44989025
2058,13,44989448,44989449,44989471,-,424,44989449,44989025
2059,13,45341047,45341048,45341079,-,6,45341048,45341042
2060,13,45341149,45341150,45341182,-,108,45341150,45341042
2061,13,45341153,45341154,45341185,-,112,45341154,45341042
2062,13,45341157,45341158,45341183,-,116,45341158,45341042
2063,13,46052697,46052698,46052728,-,0,46052698,46052698
2064,13,46052707,46052708,46052725,-,10,46052708,46052698
2065,13,46182128,46182129,46182160,-,18,46182129,46182111
2066,13,46182130,46182131,46182162,-,20,46182131,46182111
2067,13,46182131,46182132,46182163,-,21,46182132,46182111
2068,13,46182134,46182135,46182159,-,24,46182135,46182111
2069,13,46182143,46182144,46182161,-,33,46182144,46182111
2070,13,46182143,46182144,46182169,-,33,46182144,46182111
2071,13,46182152,46182153,46182170,-,42,46182153,46182111
2072,13,46182153,46182154,46182177,-,43,46182154,46182111
2073,13,46182154,46182155,46182175,-,44,46182155,46182111
2074,13,46182159,46182160,46182188,-,49,46182160,46182111
2075,13,46182159,46182160,46182191,-,49,46182160,46182111
2076,13,46182171,46182172,46182203,-,61,46182172,46182111
2077,13,46182173,46182174,46182205,-,63,46182174,46182111
2078,13,46182198,46182199,46182223,-,88,46182199,46182111
2079,13,46182211,46182212,46182243,-,101,46182212,46182111
2080,13,46182223,46182224,46182246,-,113,46182224,46182111
2081,13,46797111,46797112,46797142,-,7,46797112,46797105
2082,13,46797129,46797130,46797161,-,25,46797130,46797105
2083,13,48001241,48001242,48001273,-,62,48001242,48001180
2084,13,48233268,48233269,48233206,+,208,48233269,48233477
2085,13,48303874,48303875,48303810,+,174,48303875,48304049
2086,13,48303938,48303939,48303880,+,110,48303939,48304049
2087,13,48413093,48413094,48413113,-,1956,48413094,48411138
2088,13,48492591,48492592,48492623,-,-40436,48492592,48492592
2089,13,48492621,48492622,48492653,-,-40406,48492622,48492622
2090,13,49691454,49691455,49691486,-,201,49691455,49691254
2091,13,50910139,50910140,50910120,+,0,50910140,50910140
2092,13,52194378,52194379,52194410,-,34836,52194379,52194379
2093,13,52455555,52455556,52455480,+,70,52455556,52455626
2094,13,52617609,52617610,52617525,+,26163,52617610,52617610
2095,13,52652924,52652925,52652840,+,33,52652925,52652958
2096,13,60638080,60638081,60638111,-,474494,60638081,60638081
2097,13,72781868,72781869,72781900,-,264,72781869,72781605
2098,13,75326738,75326739,75326770,-,-14757,75326739,75341496
2099,13,75549853,75549854,75549791,+,8,75549854,75549862
2100,13,77027127,77027128,77027159,-,301,77027128,77026827
2101,13,77027132,77027133,77027164,-,306,77027133,77026827
2102,13,77327054,77327055,77327086,-,150,77327055,77326905
2103,13,78659105,78659106,78659135,-,57,78659106,78659049
2104,13,78659106,78659107,78659138,-,58,78659107,78659049
2105,13,97222412,97222413,97222333,+,118,97222413,97222531
2106,13,99215825,99215826,99215857,-,-42328,99215826,99215826
2107,13,99215827,99215828,99215859,-,-42326,99215828,99215828
2108,13,102597089,102597090,102597005,+,113,102597090,102597203
2109,13,102773710,102773711,102773742,-,29,102773711,102773682
2110,13,102773764,102773765,102773786,-,83,102773765,102773682
2111,13,102798934,102798935,102798964,-,446,102798935,102798489
2112,13,106568103,106568104,106568135,-,531,106568104,106567573
2113,13,106568105,106568106,106568137,-,533,106568106,106567573
2114,13,110715912,110715913,110715843,+,95,110715913,110716008
2115,13,113297333,113297334,113297265,+,161,113297334,113297495
2116,14,20343680,20343681,20343635,+,6,20343681,20343687
2117,14,20454780,20454781,20454812,-,212,20454781,20454569
2118,14,20455239,20455240,20455191,+,0,20455240,20455240
2119,14,20455312,20455313,20455233,+,15,20455313,20455328
2120,14,20455320,20455321,20455254,+,7,20455321,20455328
2121,14,20455328,20455329,20455244,+,-1,20455329,20455328
2122,14,20469485,20469486,20469410,+,49,20469486,20469535
2123,14,20469490,20469491,20469406,+,44,20469491,20469535
2124,14,20469507,20469508,20469438,+,27,20469508,20469535
2125,14,20631204,20631205,20631237,-,-9491,20631205,20640696
2126,14,20990064,20990065,20989980,+,12,20990065,20990077
2127,14,20990073,20990074,20989997,+,3,20990074,20990077
2128,14,21269385,21269386,21269423,-,88,21269386,21269298
2129,14,21269390,21269391,21269419,-,93,21269391,21269298
2130,14,21269393,21269394,21269424,-,96,21269394,21269298
2131,14,21269393,21269394,21269425,-,96,21269394,21269298
2132,14,21269395,21269396,21269427,-,98,21269396,21269298
2133,14,21511308,21511309,21511340,-,185,21511309,21511124
2134,14,21511338,21511339,21511339,-,215,21511339,21511124
2135,14,21894407,21894408,21894344,+,-240469,21894408,21894408
2136,14,21894418,21894419,21894334,+,-240480,21894419,21894419
2137,14,21894429,21894430,21894356,+,-240491,21894430,21894430
2138,14,21894432,21894433,21894365,+,-240494,21894433,21894433
2139,14,21894450,21894451,21894366,+,-240512,21894451,21894451
2140,14,21894462,21894463,21894389,+,-240524,21894463,21894463
2141,14,22589134,22589135,22589165,-,104,22589135,22589031
2142,14,22589140,22589141,22589172,-,110,22589141,22589031
2143,14,22589141,22589142,22589174,-,111,22589142,22589031
2144,14,22589143,22589144,22589175,-,113,22589144,22589031
2145,14,22589164,22589165,22589195,-,134,22589165,22589031
2146,14,22589164,22589165,22589196,-,134,22589165,22589031
2147,14,22589165,22589166,22589194,-,135,22589166,22589031
2148,14,22589166,22589167,22589197,-,136,22589167,22589031
2149,14,22589183,22589184,22589215,-,153,22589184,22589031
2150,14,22589185,22589186,22589217,-,155,22589186,22589031
2151,14,22589192,22589193,22589224,-,162,22589193,22589031
2152,14,22589195,22589196,22589227,-,165,22589196,22589031
2153,14,22589199,22589200,22589231,-,169,22589200,22589031
2154,14,22589201,22589202,22589233,-,171,22589202,22589031
2155,14,22766757,22766758,22766699,+,6,22766758,22766764
2156,14,22766763,22766764,22766683,+,0,22766764,22766764
2157,14,22829939,22829940,22829900,+,0,22829940,22829940
2158,14,22919119,22919120,22919149,-,121,22919120,22918999
2159,14,22929333,22929334,22929365,-,82,22929334,22929252
2160,14,22929336,22929337,22929366,-,85,22929337,22929252
2161,14,22929336,22929337,22929367,-,85,22929337,22929252
2162,14,22957097,22957098,22957122,-,69,22957098,22957029
2163,14,23034856,23034857,23034888,-,173,23034857,23034684
2164,14,23034865,23034866,23034885,-,182,23034866,23034684
2165,14,23034867,23034868,23034890,-,184,23034868,23034684
2166,14,23034871,23034872,23034904,-,188,23034872,23034684
2167,14,23071535,23071536,23071565,-,109,23071536,23071427
2168,14,23071551,23071552,23071583,-,125,23071552,23071427
2169,14,23095588,23095589,23095530,+,30,23095589,23095619
2170,14,23095590,23095591,23095525,+,28,23095591,23095619
2171,14,23095604,23095605,23095539,+,14,23095605,23095619
2172,14,23095615,23095616,23095558,+,3,23095616,23095619
2173,14,23095616,23095617,23095560,+,2,23095617,23095619
2174,14,23095618,23095619,23095563,+,0,23095619,23095619
2175,14,23321493,23321494,23321457,+,326,23321494,23321820
2176,14,23469726,23469727,23469703,+,0,23469727,23469727
2177,14,23953854,23953855,23953770,+,61,23953855,23953916
2178,14,24114878,24114879,24114812,+,45,24114879,24114924
2179,14,24136279,24136280,24136197,+,21,24136280,24136301
2180,14,24136287,24136288,24136203,+,13,24136288,24136301
2181,14,24146572,24146573,24146604,-,39,24146573,24146534
2182,14,24146577,24146578,24146609,-,44,24146578,24146534
2183,14,24146579,24146580,24146611,-,46,24146580,24146534
2184,14,24146584,24146585,24146612,-,51,24146585,24146534
2185,14,24146588,24146589,24146620,-,55,24146589,24146534
2186,14,24146593,24146594,24146610,-,60,24146594,24146534
2187,14,24188765,24188766,24188797,-,47,24188766,24188719
2188,14,24188779,24188780,24188811,-,61,24188780,24188719
2189,14,24232316,24232317,24232348,-,67,24232317,24232250
2190,14,24232331,24232332,24232363,-,82,24232332,24232250
2191,14,24232334,24232335,24232366,-,85,24232335,24232250
2192,14,24232340,24232341,24232367,-,91,24232341,24232250
2193,14,24232700,24232701,24232622,+,87,24232701,24232788
2194,14,24232708,24232709,24232624,+,79,24232709,24232788
2195,14,24232740,24232741,24232656,+,47,24232741,24232788
2196,14,24429990,24429991,24429954,+,0,24429991,24429991
2197,14,24442740,24442741,24442772,-,-13,24442741,24442754
2198,14,24442741,24442742,24442776,-,-12,24442742,24442754
2199,14,24442756,24442757,24442775,-,3,24442757,24442754
2200,14,24576220,24576221,24576252,-,52,24576221,24576169
2201,14,24576223,24576224,24576253,-,55,24576224,24576169
2202,14,24576232,24576233,24576250,-,64,24576233,24576169
2203,14,30559242,30559243,30559158,+,29,30559243,30559272
2204,14,30559248,30559249,30559178,+,23,30559249,30559272
2205,14,30622371,30622372,30622319,+,27,30622372,30622399
2206,14,34462210,34462211,34462242,-,115,34462211,34462096
2207,14,34462214,34462215,34462240,-,119,34462215,34462096
2208,14,34539670,34539671,34539701,-,116,34539671,34539555
2209,14,34539682,34539683,34539712,-,128,34539683,34539555
2210,14,34539686,34539687,34539706,-,132,34539687,34539555
2211,14,34539696,34539697,34539721,-,142,34539697,34539555
2212,14,34983103,34983104,34983019,+,-101,34983104,34983003
2213,14,34983123,34983124,34983040,+,91,34983124,34983215
2214,14,34983125,34983126,34983041,+,89,34983126,34983215
2215,14,35121952,35121953,35121984,-,51,35121953,35121902
2216,14,35122634,35122635,35122552,+,0,35122635,35122635
2217,14,35292390,35292391,35292314,+,161,35292391,35292552
2218,14,35292419,35292420,35292340,+,132,35292420,35292552
2219,14,35292424,35292425,35292341,+,127,35292425,35292552
2220,14,35292463,35292464,35292388,+,88,35292464,35292552
2221,14,35292466,35292467,35292382,+,85,35292467,35292552
2222,14,35292467,35292468,35292414,+,84,35292468,35292552
2223,14,35292474,35292475,35292392,+,77,35292475,35292552
2224,14,35292485,35292486,35292406,+,66,35292486,35292552
2225,14,35292487,35292488,35292417,+,64,35292488,35292552
2226,14,35292494,35292495,35292411,+,57,35292495,35292552
2227,14,35292494,35292495,35292415,+,57,35292495,35292552
2228,14,35292519,35292520,35292435,+,32,35292520,35292552
2229,14,35292528,35292529,35292444,+,23,35292529,35292552
2230,14,35292529,35292530,35292445,+,22,35292530,35292552
2231,14,35292530,35292531,35292446,+,21,35292531,35292552
2232,14,35292531,35292532,35292447,+,20,35292532,35292552
2233,14,35292532,35292533,35292448,+,19,35292533,35292552
2234,14,35292535,35292536,35292451,+,16,35292536,35292552
2235,14,35292540,35292541,35292462,+,11,35292541,35292552
2236,14,35294527,35294528,35294443,+,-1928,35294528,35292600
2237,14,39114407,39114408,39114323,+,58,39114408,39114466
2238,14,39175311,39175312,39175254,+,80,39175312,39175392
2239,14,39175317,39175318,39175249,+,74,39175318,39175392
2240,14,39432145,39432146,39432166,-,-115,39432146,39432261
2241,14,49586362,49586363,49586385,-,78,49586363,49586285
2242,14,49586364,49586365,49586396,-,80,49586365,49586285
2243,14,49586366,49586367,49586398,-,82,49586367,49586285
2244,14,49586373,49586374,49586405,-,89,49586374,49586285
2245,14,49586380,49586381,49586411,-,96,49586381,49586285
2246,14,49586383,49586384,49586413,-,99,49586384,49586285
2247,14,49586391,49586392,49586423,-,107,49586392,49586285
2248,14,49599054,49599055,49598985,+,148,49599055,49599203
2249,14,49599059,49599060,49598996,+,143,49599060,49599203
2250,14,49599067,49599068,49598991,+,135,49599068,49599203
2251,14,49620568,49620569,49620600,-,7,49620569,49620562
2252,14,49620581,49620582,49620613,-,20,49620582,49620562
2253,14,49688182,49688183,49688214,-,47,49688183,49688136
2254,14,51240356,51240357,51240272,+,87,51240357,51240444
2255,14,51240361,51240362,51240283,+,82,51240362,51240444
2256,14,51860668,51860669,51860612,+,121,51860669,51860790
2257,14,51860686,51860687,51860609,+,103,51860687,51860790
2258,14,52707279,52707280,52707200,+,24,52707280,52707304
2259,14,52707285,52707286,52707209,+,18,52707286,52707304
2260,14,52707286,52707287,52707202,+,17,52707287,52707304
2261,14,52707294,52707295,52707210,+,9,52707295,52707304
2262,14,55027067,55027068,55027099,-,40,55027068,55027028
2263,14,55191547,55191548,55191579,-,85,55191548,55191463
2264,14,55191553,55191554,55191585,-,91,55191554,55191463
2265,14,58244913,58244914,58244843,+,27,58244914,58244941
2266,14,58244918,58244919,58244853,+,22,58244919,58244941
2267,14,58244930,58244931,58244846,+,10,58244931,58244941
2268,14,58244937,58244938,58244856,+,3,58244938,58244941
2269,14,58244940,58244941,58244890,+,0,58244941,58244941
2270,14,58244940,58244941,58244897,+,0,58244941,58244941
2271,14,58244940,58244941,58244909,+,0,58244941,58244941
2272,14,58244940,58244941,58244911,+,0,58244941,58244941
2273,14,58244940,58244941,58244915,+,0,58244941,58244941
2274,14,58427142,58427143,58427174,-,89,58427143,58427054
2275,14,58427144,58427145,58427176,-,91,58427145,58427054
2276,14,58427808,58427809,58427728,+,4,58427809,58427813
2277,14,59484592,59484593,59484544,+,0,59484593,59484593
2278,14,60165386,60165387,60165418,-,210,60165387,60165177
2279,14,60734832,60734833,60734772,+,118,60734833,60734951
2280,14,61321659,61321660,61321579,+,804,61321660,61322464
2281,14,61452843,61452844,61452765,+,-10095,61452844,61442749
2282,14,61695595,61695596,61695518,+,243,61695596,61695839
2283,14,61695597,61695598,61695513,+,241,61695598,61695839
2284,14,63543339,63543340,63543370,-,561,63543340,63542779
2285,14,64388390,64388391,64388306,+,77,64388391,64388468
2286,14,64388392,64388393,64388308,+,75,64388393,64388468
2287,14,64388395,64388396,64388311,+,72,64388396,64388468
2288,14,64388396,64388397,64388312,+,71,64388397,64388468
2289,14,64388398,64388399,64388314,+,69,64388399,64388468
2290,14,64388412,64388413,64388328,+,55,64388413,64388468
2291,14,64388423,64388424,64388353,+,44,64388424,64388468
2292,14,64914510,64914511,64914433,+,23,64914511,64914534
2293,14,64914531,64914532,64914464,+,2,64914532,64914534
2294,14,64914533,64914534,64914458,+,0,64914534,64914534
2295,14,64914533,64914534,64914469,+,0,64914534,64914534
2296,14,64986979,64986980,64986895,+,117,64986980,64987097
2297,14,65102490,65102491,65102519,-,-18,65102491,65102509
2298,14,65102497,65102498,65102517,-,-11,65102498,65102509
2299,14,67359772,67359773,67359804,-,115,67359773,67359658
2300,14,67695711,67695712,67695730,-,82,67695712,67695630
2301,14,69398237,69398238,69398264,-,7,69398238,69398231
2302,14,69398239,69398240,69398262,-,9,69398240,69398231
2303,14,69398239,69398240,69398271,-,9,69398240,69398231
2304,14,69398246,69398247,69398268,-,16,69398247,69398231
2305,14,69398247,69398248,69398265,-,17,69398248,69398231
2306,14,69398252,69398253,69398284,-,22,69398253,69398231
2307,14,69398261,69398262,69398293,-,31,69398262,69398231
2308,14,69398263,69398264,69398294,-,33,69398264,69398231
2309,14,69398264,69398265,69398282,-,34,69398265,69398231
2310,14,69398267,69398268,69398299,-,37,69398268,69398231
2311,14,69398269,69398270,69398301,-,39,69398270,69398231
2312,14,69398271,69398272,69398290,-,41,69398272,69398231
2313,14,69398272,69398273,69398302,-,42,69398273,69398231
2314,14,69398276,69398277,69398296,-,46,69398277,69398231
2315,14,69398278,69398279,69398308,-,48,69398279,69398231
2316,14,69398280,69398281,69398312,-,50,69398281,69398231
2317,14,69398286,69398287,69398318,-,56,69398287,69398231
2318,14,69398289,69398290,69398321,-,59,69398290,69398231
2319,14,69398295,69398296,69398315,-,65,69398296,69398231
2320,14,69398300,69398301,69398319,-,70,69398301,69398231
2321,14,69398764,69398765,69398693,+,700,69398765,69399465
2322,14,69398768,69398769,69398690,+,696,69398769,69399465
2323,14,69398773,69398774,69398692,+,691,69398774,69399465
2324,14,69398776,69398777,69398703,+,688,69398777,69399465
2325,14,69767161,69767162,69767113,+,89,69767162,69767251
2326,14,69767196,69767197,69767112,+,54,69767197,69767251
2327,14,69767201,69767202,69767117,+,49,69767202,69767251
2328,14,69767211,69767212,69767127,+,39,69767212,69767251
2329,14,69767220,69767221,69767136,+,30,69767221,69767251
2330,14,69767224,69767225,69767140,+,26,69767225,69767251
2331,14,69767226,69767227,69767142,+,24,69767227,69767251
2332,14,69767228,69767229,69767145,+,22,69767229,69767251
2333,14,69767249,69767250,69767165,+,1,69767250,69767251
2334,14,70359585,70359586,70359617,-,67,70359586,70359519
2335,14,70359618,70359619,70359650,-,100,70359619,70359519
2336,14,70359639,70359640,70359671,-,121,70359640,70359519
2337,14,70359643,70359644,70359675,-,125,70359644,70359519
2338,14,70359647,70359648,70359679,-,129,70359648,70359519
2339,14,70359648,70359649,70359680,-,130,70359649,70359519
2340,14,70359650,70359651,70359682,-,132,70359651,70359519
2341,14,70359655,70359656,70359677,-,137,70359656,70359519
2342,14,70359655,70359656,70359687,-,137,70359656,70359519
2343,14,70359658,70359659,70359688,-,140,70359659,70359519
2344,14,70359659,70359660,70359691,-,141,70359660,70359519
2345,14,70359660,70359661,70359692,-,142,70359661,70359519
2346,14,70359661,70359662,70359693,-,143,70359662,70359519
2347,14,70359665,70359666,70359683,-,147,70359666,70359519
2348,14,70359666,70359667,70359698,-,148,70359667,70359519
2349,14,70359669,70359670,70359699,-,151,70359670,70359519
2350,14,70600621,70600622,70600653,-,6,70600622,70600616
2351,14,70600634,70600635,70600655,-,19,70600635,70600616
2352,14,72894069,72894070,72894101,-,13,72894070,72894057
2353,14,73886914,73886915,73886859,+,0,73886915,73886915
2354,14,74084992,74084993,74084956,+,0,74084993,74084993
2355,14,74084992,74084993,74084958,+,0,74084993,74084993
2356,14,74713199,74713200,74713144,+,0,74713200,74713200
2357,14,74713199,74713200,74713146,+,0,74713200,74713200
2358,14,74713199,74713200,74713166,+,0,74713200,74713200
2359,14,74713199,74713200,74713170,+,0,74713200,74713200
2360,14,74713199,74713200,74713181,+,0,74713200,74713200
2361,14,74882000,74882001,74881916,+,15,74882001,74882016
2362,14,75002993,75002994,75002921,+,159,75002994,75003153
2363,14,75003004,75003005,75002924,+,148,75003005,75003153
2364,14,75003010,75003011,75002934,+,142,75003011,75003153
2365,14,75003013,75003014,75002929,+,139,75003014,75003153
2366,14,75176571,75176572,75176603,-,217,75176572,75176355
2367,14,75176581,75176582,75176612,-,227,75176582,75176355
2368,14,75176583,75176584,75176615,-,229,75176584,75176355
2369,14,75176584,75176585,75176616,-,230,75176585,75176355
2370,14,77458158,77458159,77458087,+,110,77458159,77458269
2371,14,77458169,77458170,77458096,+,99,77458170,77458269
2372,14,77458171,77458172,77458093,+,97,77458172,77458269
2373,14,77458200,77458201,77458124,+,68,77458201,77458269
2374,14,77708174,77708175,77708090,+,33,77708175,77708208
2375,14,77708175,77708176,77708091,+,32,77708176,77708208
2376,14,77708177,77708178,77708093,+,30,77708178,77708208
2377,14,77708182,77708183,77708098,+,25,77708183,77708208
2378,14,77708185,77708186,77708104,+,22,77708186,77708208
2379,14,77708187,77708188,77708103,+,20,77708188,77708208
2380,14,77708192,77708193,77708108,+,15,77708193,77708208
2381,14,77761110,77761111,77761142,-,-3,77761111,77761114
2382,14,90256591,90256592,90256550,+,0,90256592,90256592
2383,14,90256591,90256592,90256562,+,0,90256592,90256592
2384,14,90256599,90256600,90256577,+,0,90256600,90256600
2385,14,90397101,90397102,90397029,+,52,90397102,90397154
2386,14,90397104,90397105,90397032,+,49,90397105,90397154
2387,14,92106532,92106533,92106564,-,4,92106533,92106529
2388,14,92106563,92106564,92106592,-,35,92106564,92106529
2389,14,92121661,92121662,92121684,-,20,92121662,92121642
2390,14,92121662,92121663,92121693,-,21,92121663,92121642
2391,14,92121674,92121675,92121706,-,33,92121675,92121642
2392,14,92122066,92122067,92121985,+,61,92122067,92122128
2393,14,94081136,94081137,94081156,-,18,94081137,94081119
2394,14,94081141,94081142,94081173,-,23,94081142,94081119
2395,14,94081171,94081172,94081202,-,53,94081172,94081119
2396,14,94081178,94081179,94081210,-,60,94081179,94081119
2397,14,94129558,94129559,94129589,-,1,94129559,94129558
2398,14,95534579,95534580,95534611,-,17984,95534580,95516596
2399,14,96797446,96797447,96797380,+,0,96797447,96797447
2400,14,96797446,96797447,96797382,+,0,96797447,96797447
2401,14,96797446,96797447,96797385,+,0,96797447,96797447
2402,14,96797446,96797447,96797387,+,0,96797447,96797447
2403,14,96797446,96797447,96797395,+,0,96797447,96797447
2404,14,96797446,96797447,96797407,+,0,96797447,96797447
2405,14,96797446,96797447,96797413,+,0,96797447,96797447
2406,14,96797446,96797447,96797415,+,0,96797447,96797447
2407,14,96797446,96797447,96797422,+,0,96797447,96797447
2408,14,99481477,99481478,99481409,+,1,99481478,99481479
2409,14,99481478,99481479,99481412,+,0,99481479,99481479
2410,14,99481478,99481479,99481417,+,0,99481479,99481479
2411,14,100065484,100065485,100065407,+,26,100065485,100065511
2412,14,100065490,100065491,100065421,+,20,100065491,100065511
2413,14,100065502,100065503,100065418,+,8,100065503,100065511
2414,14,100065506,100065507,100065422,+,4,100065507,100065511
2415,14,101809969,101809970,101809885,+,66,101809970,101810036
2416,14,101964649,101964650,101964573,+,297,101964650,101964947
2417,14,102087008,102087009,102087040,-,23,102087009,102086986
2418,14,102087011,102087012,102087043,-,26,102087012,102086986
2419,14,102087015,102087016,102087047,-,30,102087016,102086986
2420,14,102087027,102087028,102087044,-,42,102087028,102086986
2421,14,102362844,102362845,102362870,-,0,102362845,102362845
2422,14,102362855,102362856,102362887,-,11,102362856,102362845
2423,14,103334259,103334260,103334210,+,0,103334260,103334260
2424,14,103334259,103334260,103334237,+,0,103334260,103334260
2425,14,103334259,103334260,103334241,+,0,103334260,103334260
2426,14,103629264,103629265,103629211,+,229,103629265,103629494
2427,14,103921480,103921481,103921511,-,11,103921481,103921470
2428,14,103921486,103921487,103921518,-,17,103921487,103921470
2429,14,103921488,103921489,103921520,-,19,103921489,103921470
2430,14,103921492,103921493,103921509,-,23,103921493,103921470
2431,14,103921494,103921495,103921526,-,25,103921495,103921470
2432,14,103921499,103921500,103921531,-,30,103921500,103921470
2433,14,103921504,103921505,103921528,-,35,103921505,103921470
2434,14,103921509,103921510,103921529,-,40,103921510,103921470
2435,14,104753204,104753205,104753134,+,114,104753205,104753319
2436,14,104753207,104753208,104753147,+,111,104753208,104753319
2437,14,105487256,105487257,105487197,+,42,105487257,105487299
2438,14,106196725,106196726,106196692,+,-670073,106196726,106196726
2439,15,22838750,22838751,22838689,+,170,22838751,22838921
2440,15,24955051,24955052,24954978,+,10,24955052,24955062
2441,15,24955061,24955062,24954987,+,0,24955062,24955062
2442,15,24955061,24955062,24954989,+,0,24955062,24955062
2443,15,25438958,25438959,25438990,-,452,25438959,25438507
2444,15,25439005,25439006,25439024,-,499,25439006,25438507
2445,15,34225067,34225068,34225019,+,132,34225068,34225200
2446,15,34225100,34225101,34225016,+,99,34225101,34225200
2447,15,34225102,34225103,34225018,+,97,34225103,34225200
2448,15,34225103,34225104,34225024,+,96,34225104,34225200
2449,15,34225113,34225114,34225029,+,86,34225114,34225200
2450,15,34225123,34225124,34225039,+,76,34225124,34225200
2451,15,34225124,34225125,34225040,+,75,34225125,34225200
2452,15,34225142,34225143,34225058,+,57,34225143,34225200
2453,15,34225145,34225146,34225061,+,54,34225146,34225200
2454,15,34343087,34343088,34343119,-,53,34343088,34343035
2455,15,34343092,34343093,34343121,-,58,34343093,34343035
2456,15,34343093,34343094,34343124,-,59,34343094,34343035
2457,15,34343120,34343121,34343150,-,86,34343121,34343035
2458,15,34343121,34343122,34343153,-,87,34343122,34343035
2459,15,34343126,34343127,34343156,-,92,34343127,34343035
2460,15,34343134,34343135,34343158,-,100,34343135,34343035
2461,15,34343138,34343139,34343161,-,104,34343139,34343035
2462,15,34583603,34583604,34583635,-,88,34583604,34583516
2463,15,38454186,38454187,38454127,+,45,38454187,38454232
2464,15,40039092,40039093,40039125,-,0,40039093,40039093
2465,15,40039096,40039097,40039128,-,4,40039097,40039093
2466,15,40039105,40039106,40039137,-,13,40039106,40039093
2467,15,40039106,40039107,40039138,-,14,40039107,40039093
2468,15,40039125,40039126,40039147,-,33,40039126,40039093
2469,15,40039130,40039131,40039161,-,38,40039131,40039093
2470,15,40161118,40161119,40161043,+,136,40161119,40161255
2471,15,40161122,40161123,40161049,+,132,40161123,40161255
2472,15,40161140,40161141,40161069,+,114,40161141,40161255
2473,15,40383034,40383035,40382979,+,9,40383035,40383044
2474,15,40405879,40405880,40405795,+,91,40405880,40405971
2475,15,40594323,40594324,40594249,+,68,40594324,40594392
2476,15,40594334,40594335,40594264,+,57,40594335,40594392
2477,15,40807439,40807440,40807471,-,71,40807440,40807369
2478,15,40807442,40807443,40807473,-,74,40807443,40807369
2479,15,40807445,40807446,40807477,-,77,40807446,40807369
2480,15,40807452,40807453,40807478,-,84,40807453,40807369
2481,15,41284068,41284069,41284009,+,2031,41284069,41286100
2482,15,41284071,41284072,41284006,+,2028,41284072,41286100
2483,15,41284071,41284072,41284007,+,2028,41284072,41286100
2484,15,41284072,41284073,41284005,+,2027,41284073,41286100
2485,15,41284076,41284077,41284008,+,2023,41284077,41286100
2486,15,41332941,41332942,41332871,+,108,41332942,41333050
2487,15,41332965,41332966,41332881,+,84,41332966,41333050
2488,15,41402430,41402431,41402460,-,-16,41402431,41402447
2489,15,42273401,42273402,42273433,-,147,42273402,42273255
2490,15,42548907,42548908,42548838,+,57,42548908,42548965
2491,15,43510572,43510573,43510604,-,203,43510573,43510370
2492,15,43746491,43746492,43746438,+,78,43746492,43746570
2493,15,43792382,43792383,43792323,+,0,43792383,43792383
2494,15,43792382,43792383,43792327,+,0,43792383,43792383
2495,15,43792382,43792383,43792330,+,0,43792383,43792383
2496,15,43792382,43792383,43792354,+,0,43792383,43792383
2497,15,43800656,43800657,43800599,+,127,43800657,43800784
2498,15,43800664,43800665,43800612,+,119,43800665,43800784
2499,15,43800666,43800667,43800609,+,117,43800667,43800784
2500,15,43800686,43800687,43800614,+,97,43800687,43800784
2501,15,43824658,43824659,43824690,-,168,43824659,43824491
2502,15,43876241,43876242,43876273,-,-3257,43876242,43879499
2503,15,44288806,44288807,44288729,+,97,44288807,44288904
2504,15,44427694,44427695,44427629,+,-3,44427695,44427692
2505,15,44537197,44537198,44537119,+,39,44537198,44537237
2506,15,44537197,44537198,44537125,+,39,44537198,44537237
2507,15,44537206,44537207,44537147,+,30,44537207,44537237
2508,15,44711580,44711581,44711518,+,32,44711581,44711613
2509,15,44711597,44711598,44711513,+,15,44711598,44711613
2510,15,44711598,44711599,44711514,+,14,44711599,44711613
2511,15,44711599,44711600,44711515,+,13,44711600,44711613
2512,15,44711601,44711602,44711517,+,11,44711602,44711613
2513,15,44711603,44711604,44711519,+,9,44711604,44711613
2514,15,44729157,44729158,44729073,+,394,44729158,44729552
2515,15,45198664,45198665,45198693,-,-2062,45198665,45200727
2516,15,45200468,45200469,45200500,-,-258,45200469,45200727
2517,15,45587463,45587464,45587379,+,61,45587464,45587525
2518,15,48332235,48332236,48332163,+,170,48332236,48332406
2519,15,48332242,48332243,48332158,+,163,48332243,48332406
2520,15,48332243,48332244,48332159,+,162,48332244,48332406
2521,15,48332244,48332245,48332160,+,161,48332245,48332406
2522,15,48332245,48332246,48332161,+,160,48332246,48332406
2523,15,48332246,48332247,48332162,+,159,48332247,48332406
2524,15,48332251,48332252,48332167,+,154,48332252,48332406
2525,15,48332262,48332263,48332178,+,143,48332263,48332406
2526,15,48332277,48332278,48332193,+,128,48332278,48332406
2527,15,48332281,48332282,48332197,+,124,48332282,48332406
2528,15,48332284,48332285,48332200,+,121,48332285,48332406
2529,15,48878206,48878207,48878134,+,65,48878207,48878272
2530,15,48878214,48878215,48878130,+,57,48878215,48878272
2531,15,48878229,48878230,48878145,+,42,48878230,48878272
2532,15,48878230,48878231,48878146,+,41,48878231,48878272
2533,15,48878240,48878241,48878156,+,31,48878241,48878272
2534,15,49155578,49155579,49155604,-,54,49155579,49155525
2535,15,49155578,49155579,49155610,-,54,49155579,49155525
2536,15,49155588,49155589,49155613,-,64,49155589,49155525
2537,15,49170305,49170306,49170247,+,52,49170306,49170358
2538,15,55196885,55196886,55196917,-,76,55196886,55196810
2539,15,55196886,55196887,55196918,-,77,55196887,55196810
2540,15,55196891,55196892,55196922,-,82,55196892,55196810
2541,15,55196909,55196910,55196941,-,100,55196910,55196810
2542,15,55196911,55196912,55196931,-,102,55196912,55196810
2543,15,55196912,55196913,55196944,-,103,55196913,55196810
2544,15,55196914,55196915,55196946,-,105,55196915,55196810
2545,15,56678679,56678680,56678711,-,-54778,56678680,56678680
2546,15,56918729,56918730,56918675,+,176,56918730,56918906
2547,15,58013932,58013933,58013962,-,75,58013933,58013858
2548,15,58013932,58013933,58013963,-,75,58013933,58013858
2549,15,58013991,58013992,58014023,-,134,58013992,58013858
2550,15,58014069,58014070,58014101,-,212,58014070,58013858
2551,15,58014078,58014079,58014111,-,221,58014079,58013858
2552,15,59105182,59105183,59105113,+,109,59105183,59105292
2553,15,59105185,59105186,59105114,+,106,59105186,59105292
2554,15,59105185,59105186,59105120,+,106,59105186,59105292
2555,15,59105188,59105189,59105116,+,103,59105189,59105292
2556,15,59105230,59105231,59105146,+,61,59105231,59105292
2557,15,59105261,59105262,59105177,+,30,59105262,59105292
2558,15,59657496,59657497,59657515,-,91,59657497,59657406
2559,15,60479079,60479080,60479112,-,8,60479080,60479072
2560,15,63121908,63121909,63121839,+,319,63121909,63122228
2561,15,63157443,63157444,63157475,-,44,63157444,63157400
2562,15,63157445,63157446,63157477,-,46,63157446,63157400
2563,15,63157476,63157477,63157506,-,77,63157477,63157400
2564,15,64093763,64093764,64093795,-,119,64093764,64093645
2565,15,64162958,64162959,64162990,-,2,64162959,64162957
2566,15,64162979,64162980,64163006,-,23,64162980,64162957
2567,15,64162992,64162993,64163019,-,36,64162993,64162957
2568,15,64381407,64381408,64381440,-,82,64381408,64381326
2569,15,64381411,64381412,64381443,-,86,64381412,64381326
2570,15,64381419,64381420,64381437,-,94,64381420,64381326
2571,15,64381437,64381438,64381469,-,112,64381438,64381326
2572,15,64381441,64381442,64381472,-,116,64381442,64381326
2573,15,64703194,64703195,64703215,-,166,64703195,64703029
2574,15,65133789,65133790,65133808,-,878,65133790,65132912
2575,15,65296113,65296114,65296051,+,-216166,65296114,65296114
2576,15,65869569,65869570,65869491,+,55,65869570,65869625
2577,15,65869606,65869607,65869543,+,18,65869607,65869625
2578,15,65869619,65869620,65869541,+,5,65869620,65869625
2579,15,66356653,66356654,66356685,-,15,66356654,66356639
2580,15,66387002,66387003,66386935,+,424,66387003,66387427
2581,15,66504819,66504820,66504851,-,32,66504820,66504788
2582,15,66505210,66505211,66505135,+,180,66505211,66505391
2583,15,66505389,66505390,66505326,+,1,66505390,66505391
2584,15,68054349,68054350,68054315,+,0,68054350,68054350
2585,15,68054349,68054350,68054318,+,0,68054350,68054350
2586,15,68054349,68054350,68054322,+,0,68054350,68054350
2587,15,68820771,68820772,68820803,-,74,68820772,68820698
2588,15,68820807,68820808,68820839,-,110,68820808,68820698
2589,15,68820819,68820820,68820850,-,122,68820820,68820698
2590,15,68820819,68820820,68820851,-,122,68820820,68820698
2591,15,68820835,68820836,68820867,-,138,68820836,68820698
2592,15,68820840,68820841,68820868,-,143,68820841,68820698
2593,15,68820863,68820864,68820895,-,166,68820864,68820698
2594,15,68820871,68820872,68820900,-,174,68820872,68820698
2595,15,68820872,68820873,68820904,-,175,68820873,68820698
2596,15,70097852,70097853,70097884,-,195,70097853,70097658
2597,15,70097857,70097858,70097889,-,200,70097858,70097658
2598,15,70097885,70097886,70097917,-,228,70097886,70097658
2599,15,72231158,72231159,72231188,-,43,72231159,72231116
2600,15,72231171,72231172,72231190,-,56,72231172,72231116
2601,15,72231177,72231178,72231201,-,62,72231178,72231116
2602,15,72231179,72231180,72231211,-,64,72231180,72231116
2603,15,72231194,72231195,72231212,-,79,72231195,72231116
2604,15,72231209,72231210,72231241,-,94,72231210,72231116
2605,15,72474407,72474408,72474328,+,606,72474408,72475014
2606,15,72474407,72474408,72474330,+,606,72474408,72475014
2607,15,74461129,74461130,74461160,-,22,74461130,74461108
2608,15,74938013,74938014,74938044,-,99,74938014,74937915
2609,15,74938023,74938024,74938054,-,109,74938024,74937915
2610,15,75336091,75336092,75336063,+,0,75336092,75336092
2611,15,75455783,75455784,75455815,-,-4,75455784,75455788
2612,15,75640183,75640184,75640215,-,1091,75640184,75639093
2613,15,75904009,75904010,75903936,+,93,75904010,75904103
2614,15,76311425,76311426,76311443,-,76,76311426,76311350
2615,15,76311434,76311435,76311466,-,85,76311435,76311350
2616,15,76311446,76311447,76311469,-,97,76311447,76311350
2617,15,77420955,77420956,77420888,+,48,77420956,77421004
2618,15,78299560,78299561,78299592,-,-1,78299561,78299562
2619,15,78540462,78540463,78540429,+,0,78540463,78540463
2620,15,78540462,78540463,78540431,+,0,78540463,78540463
2621,15,78540462,78540463,78540439,+,0,78540463,78540463
2622,15,78540462,78540463,78540443,+,0,78540463,78540463
2623,15,78540462,78540463,78540444,+,0,78540463,78540463
2624,15,78540462,78540463,78540446,+,0,78540463,78540463
2625,15,78540462,78540463,78540449,+,0,78540463,78540463
2626,15,78540462,78540463,78540451,+,0,78540463,78540463
2627,15,78540525,78540526,78540455,+,13,78540526,78540539
2628,15,78540527,78540528,78540452,+,11,78540528,78540539
2629,15,78540533,78540534,78540459,+,5,78540534,78540539
2630,15,79311204,79311205,79311145,+,212,79311205,79311417
2631,15,80072627,80072628,80072562,+,19,80072628,80072647
2632,15,80072631,80072632,80072564,+,15,80072632,80072647
2633,15,80072632,80072633,80072568,+,14,80072633,80072647
2634,15,80989783,80989784,80989815,-,205,80989784,80989579
2635,15,80989787,80989788,80989819,-,209,80989788,80989579
2636,15,82540401,82540402,82540445,-,-24,82540402,82540426
2637,15,82540424,82540425,82540456,-,-1,82540425,82540426
2638,15,82540425,82540426,82540452,-,0,82540426,82540426
2639,15,82540440,82540441,82540457,-,15,82540441,82540426
2640,15,82986281,82986282,82986214,+,87,82986282,82986369
2641,15,82986289,82986290,82986210,+,79,82986290,82986369
2642,15,84654251,84654252,84654283,-,18,84654252,84654234
2643,15,84654260,84654261,84654280,-,27,84654261,84654234
2644,15,84716105,84716106,84716136,-,81,84716106,84716025
2645,15,84716107,84716108,84716139,-,83,84716108,84716025
2646,15,88467764,88467765,88467685,+,17,88467765,88467782
2647,15,88467781,88467782,88467698,+,0,88467782,88467782
2648,15,88467781,88467782,88467705,+,0,88467782,88467782
2649,15,88467781,88467782,88467708,+,0,88467782,88467782
2650,15,88467781,88467782,88467713,+,0,88467782,88467782
2651,15,89244032,89244033,89243977,+,0,89244033,89244033
2652,15,89244032,89244033,89243979,+,0,89244033,89244033
2653,15,89244066,89244067,89244025,+,0,89244067,89244067
2654,15,89893945,89893946,89893977,-,65,89893946,89893881
2655,15,89893962,89893963,89893994,-,82,89893963,89893881
2656,15,90231391,90231392,90231417,-,-2443,90231392,90233835
2657,15,90233904,90233905,90233936,-,-14,90233905,90233919
2658,15,90233906,90233907,90233938,-,-12,90233907,90233919
2659,15,90233909,90233910,90233939,-,-9,90233910,90233919
2660,15,90233909,90233910,90233940,-,-9,90233910,90233919
2661,15,90233910,90233911,90233941,-,-8,90233911,90233919
2662,15,90265760,90265761,90265690,+,115,90265761,90265876
2663,15,90265773,90265774,90265693,+,102,90265774,90265876
2664,15,90893413,90893414,90893343,+,-8156,90893414,90885258
2665,15,90893413,90893414,90893354,+,-8156,90893414,90885258
2666,15,90935329,90935330,90935285,+,45,90935330,90935375
2667,15,92882884,92882885,92882829,+,17939,92882885,92900824
2668,15,92882886,92882887,92882827,+,17937,92882887,92900824
2669,15,98952857,98952858,98952795,+,-62390,98952858,98952858
2670,15,98952864,98952865,98952791,+,-62397,98952865,98952865
2671,15,99276111,99276112,99276027,+,-24128,99276112,99276112
2672,15,99276130,99276131,99276046,+,-24147,99276131,99276131
2673,15,99276152,99276153,99276068,+,-24169,99276153,99276153
2674,15,99276157,99276158,99276073,+,-24174,99276158,99276158
2675,15,99276159,99276160,99276075,+,-24176,99276160,99276160
2676,15,100602152,100602153,100602184,-,32,100602153,100602121
2677,15,101652262,101652263,101652294,-,-8,101652263,101652271
2678,16,53580,53581,53611,-,105,53581,53476
2679,16,53596,53597,53628,-,121,53597,53476
2680,16,53896,53897,53830,+,161,53897,54058
2681,16,53929,53930,53860,+,128,53930,54058
2682,16,370506,370507,370538,-,8,370507,370499
2683,16,397266,397267,397199,+,46,397267,397313
2684,16,1420712,1420713,1420744,-,21,1420713,1420692
2685,16,1420717,1420718,1420747,-,26,1420718,1420692
2686,16,1678320,1678321,1678289,+,0,1678321,1678321
2687,16,1827291,1827292,1827223,+,573,1827292,1827865
2688,16,1964794,1964795,1964826,-,-12,1964795,1964807
2689,16,1972139,1972140,1972055,+,65,1972140,1972205
2690,16,1972150,1972151,1972066,+,54,1972151,1972205
2691,16,2047802,2047803,2047834,-,94,2047803,2047709
2692,16,2514013,2514014,2513947,+,115,2514014,2514129
2693,16,2514017,2514018,2513952,+,111,2514018,2514129
2694,16,2514030,2514031,2513968,+,98,2514031,2514129
2695,16,2514062,2514063,2513996,+,66,2514063,2514129
2696,16,2682589,2682590,2682524,+,210,2682590,2682800
2697,16,2777222,2777223,2777255,-,-14,2777223,2777237
2698,16,3065654,3065655,3065631,+,0,3065655,3065655
2699,16,3065654,3065655,3065638,+,0,3065655,3065655
2700,16,3065654,3065655,3065640,+,0,3065655,3065655
2701,16,3065654,3065655,3065641,+,0,3065655,3065655
2702,16,3065654,3065655,3065647,+,0,3065655,3065655
2703,16,3065671,3065672,3065639,+,15,3065672,3065687
2704,16,3065686,3065687,3065649,+,0,3065687,3065687
2705,16,3065686,3065687,3065651,+,0,3065687,3065687
2706,16,3717492,3717493,3717524,-,72,3717493,3717421
2707,16,4614856,4614857,4614888,-,-60,4614857,4614917
2708,16,4693787,4693788,4693718,+,91,4693788,4693879
2709,16,4847246,4847247,4847278,-,19,4847247,4847228
2710,16,4847247,4847248,4847279,-,20,4847248,4847228
2711,16,4847250,4847251,4847281,-,23,4847251,4847228
2712,16,4847251,4847252,4847282,-,24,4847252,4847228
2713,16,4847258,4847259,4847288,-,31,4847259,4847228
2714,16,8868985,8868986,8869006,-,20,8868986,8868966
2715,16,9091711,9091712,9091648,+,558,9091712,9092270
2716,16,10386121,10386122,10386061,+,0,10386122,10386122
2717,16,11851489,11851490,11851521,-,82,11851490,11851408
2718,16,11851501,11851502,11851520,-,94,11851502,11851408
2719,16,15888560,15888561,15888590,-,3,15888561,15888558
2720,16,15888561,15888562,15888593,-,4,15888562,15888558
2721,16,17031932,17031933,17031954,-,-438501,17031933,17031933
2722,16,18790253,18790254,18790284,-,10,18790254,18790244
2723,16,18790262,18790263,18790293,-,19,18790263,18790244
2724,16,18790271,18790272,18790303,-,28,18790272,18790244
2725,16,18790291,18790292,18790323,-,-18,18790292,18790310
2726,16,18790314,18790315,18790333,-,5,18790315,18790310
2727,16,18790315,18790316,18790334,-,6,18790316,18790310
2728,16,18790315,18790316,18790337,-,6,18790316,18790310
2729,16,18801514,18801515,18801544,-,84,18801515,18801431
2730,16,18801515,18801516,18801547,-,85,18801516,18801431
2731,16,18801517,18801518,18801549,-,87,18801518,18801431
2732,16,19067691,19067692,19067614,+,45,19067692,19067737
2733,16,19555745,19555746,19555703,+,0,19555746,19555746
2734,16,21953452,21953453,21953368,+,3,21953453,21953456
2735,16,21953455,21953456,21953371,+,0,21953456,21953456
2736,16,21953455,21953456,21953376,+,0,21953456,21953456
2737,16,21953455,21953456,21953386,+,0,21953456,21953456
2738,16,21953455,21953456,21953394,+,0,21953456,21953456
2739,16,22195765,22195766,22195796,-,-153935,22195766,22195766
2740,16,22297193,22297194,22297135,+,343,22297194,22297537
2741,16,22297206,22297207,22297133,+,330,22297207,22297537
2742,16,23557766,23557767,23557727,+,0,23557767,23557767
2743,16,23596279,23596280,23596311,-,157,23596280,23596123
2744,16,23596283,23596284,23596314,-,161,23596284,23596123
2745,16,23596287,23596288,23596316,-,165,23596288,23596123
2746,16,23596288,23596289,23596309,-,166,23596289,23596123
2747,16,27549867,27549868,27549899,-,198,27549868,27549670
2748,16,27549871,27549872,27549903,-,202,27549872,27549670
2749,16,28711474,28711475,28711475,+,43,28711475,28711518
2750,16,28951050,28951051,28950988,+,-217,28951051,28950834
2751,16,28974841,28974842,28974778,+,21,28974842,28974863
2752,16,28985187,28985188,28985114,+,38,28985188,28985226
2753,16,29663315,29663316,29663247,+,0,29663316,29663316
2754,16,29790808,29790809,29790755,+,20,29790809,29790829
2755,16,29790812,29790813,29790754,+,16,29790813,29790829
2756,16,29790828,29790829,29790785,+,0,29790829,29790829
2757,16,29816250,29816251,29816184,+,756,29816251,29817007
2758,16,29863189,29863190,29863221,-,62,29863190,29863128
2759,16,29996042,29996043,29996074,-,502,29996043,29995541
2760,16,30064229,30064230,30064155,+,18,30064230,30064248
2761,16,30064237,30064238,30064157,+,10,30064238,30064248
2762,16,30064244,30064245,30064172,+,3,30064245,30064248
2763,16,30064247,30064248,30064184,+,0,30064248,30064248
2764,16,30064489,30064490,30064434,+,15,30064490,30064505
2765,16,30065869,30065870,30065791,+,57,30065870,30065927
2766,16,30065879,30065880,30065821,+,47,30065880,30065927
2767,16,30183632,30183633,30183595,+,92,30183633,30183725
2768,16,30183632,30183633,30183602,+,92,30183633,30183725
2769,16,30183632,30183633,30183605,+,92,30183633,30183725
2770,16,30183632,30183633,30183606,+,92,30183633,30183725
2771,16,30183632,30183633,30183609,+,92,30183633,30183725
2772,16,30183657,30183658,30183607,+,67,30183658,30183725
2773,16,30183694,30183695,30183615,+,30,30183695,30183725
2774,16,30183698,30183699,30183614,+,26,30183699,30183725
2775,16,30183701,30183702,30183617,+,23,30183702,30183725
2776,16,30183707,30183708,30183623,+,17,30183708,30183725
2777,16,30183713,30183714,30183629,+,11,30183714,30183725
2778,16,30183720,30183721,30183636,+,4,30183721,30183725
2779,16,30382514,30382515,30382548,-,-10,30382515,30382525
2780,16,30382515,30382516,30382546,-,-9,30382516,30382525
2781,16,30382515,30382516,30382552,-,-9,30382516,30382525
2782,16,30382526,30382527,30382558,-,2,30382527,30382525
2783,16,30382530,30382531,30382562,-,6,30382531,30382525
2784,16,30382533,30382534,30382561,-,9,30382534,30382525
2785,16,30382535,30382536,30382559,-,11,30382536,30382525
2786,16,30382535,30382536,30382563,-,11,30382536,30382525
2787,16,30382537,30382538,30382560,-,13,30382538,30382525
2788,16,30382784,30382785,30382815,-,50,30382785,30382735
2789,16,30429982,30429983,30430014,-,27,30429983,30429956
2790,16,30429985,30429986,30430017,-,30,30429986,30429956
2791,16,30429987,30429988,30430015,-,32,30429988,30429956
2792,16,30429987,30429988,30430019,-,32,30429988,30429956
2793,16,30445846,30445847,30445877,-,2216,30445847,30443631
2794,16,30445847,30445848,30445874,-,2217,30445848,30443631
2795,16,30472767,30472768,30472683,+,130,30472768,30472898
2796,16,30472767,30472768,30472686,+,130,30472768,30472898
2797,16,30472786,30472787,30472713,+,111,30472787,30472898
2798,16,30610340,30610341,30610371,-,130,30610341,30610211
2799,16,30762359,30762360,30762309,+,0,30762360,30762360
2800,16,30762359,30762360,30762322,+,0,30762360,30762360
2801,16,31094922,31094923,31094954,-,366,31094923,31094557
2802,16,31180222,31180223,31180138,+,4,31180223,31180227
2803,16,31180223,31180224,31180139,+,3,31180224,31180227
2804,16,31180225,31180226,31180141,+,1,31180226,31180227
2805,16,31180226,31180227,31180143,+,0,31180227,31180227
2806,16,31508352,31508353,31508384,-,84,31508353,31508269
2807,16,46621335,46621336,46621368,-,79,46621336,46621257
2808,16,46621338,46621339,46621370,-,82,46621339,46621257
2809,16,50266586,50266587,50266540,+,0,50266587,50266587
2810,16,50266586,50266587,50266551,+,0,50266587,50266587
2811,16,56451333,56451334,56451351,-,247,56451334,56451087
2812,16,56451632,56451633,56451553,+,-66,56451633,56451567
2813,16,56608661,56608662,56608584,+,21,56608662,56608683
2814,16,56608671,56608672,56608587,+,11,56608672,56608683
2815,16,56682554,56682555,56682470,+,13,56682555,56682568
2816,16,56682557,56682558,56682473,+,10,56682558,56682568
2817,16,56932216,56932217,56932147,+,174,56932217,56932391
2818,16,57186007,57186008,57186039,-,-23,57186008,57186031
2819,16,57186014,57186015,57186047,-,-16,57186015,57186031
2820,16,57300030,57300031,57299946,+,-54626,57300031,57300031
2821,16,57300534,57300535,57300566,-,16129,57300535,57284406
2822,16,58001500,58001501,58001416,+,80,58001501,58001581
2823,16,58001514,58001515,58001436,+,66,58001515,58001581
2824,16,58129299,58129300,58129331,-,268,58129300,58129032
2825,16,58129308,58129309,58129340,-,277,58129309,58129032
2826,16,58129315,58129316,58129347,-,284,58129316,58129032
2827,16,58129317,58129318,58129349,-,286,58129318,58129032
2828,16,58129326,58129327,58129350,-,295,58129327,58129032
2829,16,58129359,58129360,58129381,-,328,58129360,58129032
2830,16,58392554,58392555,58392470,+,232,58392555,58392787
2831,16,58392559,58392560,58392475,+,227,58392560,58392787
2832,16,58392566,58392567,58392482,+,220,58392567,58392787
2833,16,58392571,58392572,58392487,+,215,58392572,58392787
2834,16,65784140,65784141,65784106,+,582617,65784141,65784141
2835,16,66552733,66552734,66552649,+,59,66552734,66552793
2836,16,66604774,66604775,66604704,+,154,66604775,66604929
2837,16,66830935,66830936,66830959,-,89,66830936,66830847
2838,16,66830946,66830947,66830976,-,100,66830947,66830847
2839,16,66934352,66934353,66934382,-,130,66934353,66934223
2840,16,66934353,66934354,66934385,-,131,66934354,66934223
2841,16,66934356,66934357,66934388,-,134,66934357,66934223
2842,16,66934358,66934359,66934379,-,136,66934359,66934223
2843,16,66934373,66934374,66934405,-,151,66934374,66934223
2844,16,67227213,67227214,67227130,+,10,67227214,67227224
2845,16,67227215,67227216,67227132,+,8,67227216,67227224
2846,16,67227217,67227218,67227133,+,6,67227218,67227224
2847,16,67227220,67227221,67227136,+,3,67227221,67227224
2848,16,67227221,67227222,67227140,+,2,67227222,67227224
2849,16,67227222,67227223,67227138,+,1,67227223,67227224
2850,16,67227223,67227224,67227148,+,0,67227224,67227224
2851,16,67227223,67227224,67227151,+,0,67227224,67227224
2852,16,67562592,67562593,67562557,+,131,67562593,67562724
2853,16,67562635,67562636,67562556,+,88,67562636,67562724
2854,16,67645234,67645235,67645172,+,51,67645235,67645286
2855,16,67806528,67806529,67806560,-,227,67806529,67806302
2856,16,67846984,67846985,67846935,+,0,67846985,67846985
2857,16,67936797,67936798,67936829,-,104,67936798,67936694
2858,16,67936820,67936821,67936852,-,127,67936821,67936694
2859,16,67936823,67936824,67936850,-,130,67936824,67936694
2860,16,67936828,67936829,67936859,-,135,67936829,67936694
2861,16,68023181,68023182,68023211,-,2266,68023182,68020916
2862,16,68023192,68023193,68023214,-,2277,68023193,68020916
2863,16,68023346,68023347,68023284,+,4,68023347,68023351
2864,16,69132539,69132540,69132570,-,56,69132540,69132484
2865,16,69330556,69330557,69330588,-,560,69330557,69329997
2866,16,69424693,69424694,69424621,+,163,69424694,69424857
2867,16,69424700,69424701,69424620,+,156,69424701,69424857
2868,16,69424719,69424720,69424640,+,137,69424720,69424857
2869,16,69424725,69424726,69424646,+,131,69424726,69424857
2870,16,69424730,69424731,69424649,+,126,69424731,69424857
2871,16,69424730,69424731,69424653,+,126,69424731,69424857
2872,16,69424731,69424732,69424647,+,125,69424732,69424857
2873,16,69424736,69424737,69424664,+,120,69424737,69424857
2874,16,69424736,69424737,69424667,+,120,69424737,69424857
2875,16,69424738,69424739,69424681,+,118,69424739,69424857
2876,16,69424747,69424748,69424663,+,109,69424748,69424857
2877,16,69754891,69754892,69754921,-,44,69754892,69754848
2878,16,70289495,70289496,70289527,-,-34,70289496,70289530
2879,16,70523879,70523880,70523808,+,48,70523880,70523928
2880,16,70523881,70523882,70523811,+,46,70523882,70523928
2881,16,70523884,70523885,70523816,+,43,70523885,70523928
2882,16,70523889,70523890,70523822,+,38,70523890,70523928
2883,16,70523894,70523895,70523828,+,33,70523895,70523928
2884,16,70523927,70523928,70523847,+,0,70523928,70523928
2885,16,70801138,70801139,70801170,-,342,70801139,70800797
2886,16,71895588,71895589,71895531,+,0,71895589,71895589
2887,16,71895588,71895589,71895532,+,0,71895589,71895589
2888,16,72093888,72093889,72093847,+,0,72093889,72093889
2889,16,72093991,72093992,72093924,+,59,72093992,72094051
2890,16,74296901,74296902,74296817,+,86,74296902,74296988
2891,16,74296901,74296902,74296824,+,86,74296902,74296988
2892,16,74296919,74296920,74296835,+,68,74296920,74296988
2893,16,74607067,74607068,74607097,-,129,74607068,74606939
2894,16,74607082,74607083,74607114,-,144,74607083,74606939
2895,16,74607083,74607084,74607101,-,145,74607084,74606939
2896,16,74666835,74666836,74666867,-,50,74666836,74666786
2897,16,74666845,74666846,74666874,-,60,74666846,74666786
2898,16,74666845,74666846,74666876,-,60,74666846,74666786
2899,16,74666849,74666850,74666881,-,64,74666850,74666786
2900,16,75433469,75433470,75433501,-,181,75433470,75433289
2901,16,75566455,75566456,75566375,+,64,75566456,75566520
2902,16,75566461,75566462,75566377,+,58,75566462,75566520
2903,16,75566463,75566464,75566379,+,56,75566464,75566520
2904,16,75647646,75647647,75647665,-,69,75647647,75647578
2905,16,75647847,75647848,75647773,+,704,75647848,75648552
2906,16,75647875,75647876,75647791,+,676,75647876,75648552
2907,16,75647898,75647899,75647814,+,653,75647899,75648552
2908,16,75647900,75647901,75647818,+,651,75647901,75648552
2909,16,75647903,75647904,75647823,+,648,75647904,75648552
2910,16,81006820,81006821,81006851,-,87,81006821,81006734
2911,16,81007269,81007270,81007214,+,7,81007270,81007277
2912,16,81007270,81007271,81007207,+,6,81007271,81007277
2913,16,83808082,83808083,83808017,+,38,83808083,83808121
2914,16,83808090,83808091,83808019,+,30,83808091,83808121
2915,16,83808092,83808093,83808021,+,28,83808093,83808121
2916,16,84700069,84700070,84700004,+,41,84700070,84700111
2917,16,85613382,85613383,85613313,+,15,85613383,85613398
2918,16,85613392,85613393,85613322,+,5,85613393,85613398
2919,16,85613393,85613394,85613318,+,4,85613394,85613398
2920,16,85613397,85613398,85613316,+,0,85613398,85613398
2921,16,85613397,85613398,85613327,+,0,85613398,85613398
2922,16,85799751,85799752,85799720,+,0,85799752,85799752
2923,16,85799751,85799752,85799722,+,0,85799752,85799752
2924,16,86555164,86555165,86555196,-,-4,86555165,86555169
2925,16,87869484,87869485,87869507,-,600,87869485,87868885
2926,16,88651032,88651033,88651053,-,77,88651033,88650956
2927,16,88703549,88703550,88703581,-,760,88703550,88702790
2928,16,89098529,89098530,89098445,+,3870,89098530,89102400
2929,16,89098561,89098562,89098477,+,3838,89098562,89102400
2930,16,89102399,89102400,89102351,+,0,89102400,89102400
2931,16,89490531,89490532,89490561,-,287,89490532,89490245
2932,16,89560711,89560712,89560659,+,0,89560712,89560712
2933,16,89560711,89560712,89560664,+,0,89560712,89560712
2934,16,89722330,89722331,89722272,+,-486,89722331,89721845
2935,16,89873690,89873691,89873616,+,168,89873691,89873859
2936,16,89873698,89873699,89873614,+,160,89873699,89873859
2937,16,89948813,89948814,89948795,+,0,89948814,89948814
2938,17,782232,782233,782262,-,67,782233,782166
2939,17,782255,782256,782280,-,90,782256,782166
2940,17,782456,782457,782372,+,235,782457,782692
2941,17,1400177,1400178,1400209,-,131,1400178,1400047
2942,17,1400183,1400184,1400206,-,137,1400184,1400047
2943,17,1400185,1400186,1400217,-,139,1400186,1400047
2944,17,1400189,1400190,1400221,-,143,1400190,1400047
2945,17,1400190,1400191,1400222,-,144,1400191,1400047
2946,17,1400198,1400199,1400220,-,152,1400199,1400047
2947,17,1684799,1684800,1684823,-,20,1684800,1684780
2948,17,1684806,1684807,1684835,-,27,1684807,1684780
2949,17,1684808,1684809,1684837,-,29,1684809,1684780
2950,17,2030215,2030216,2030153,+,14,2030216,2030230
2951,17,2511830,2511831,2511859,-,72,2511831,2511759
2952,17,2511856,2511857,2511888,-,98,2511857,2511759
2953,17,3668896,3668897,3668812,+,2,3668897,3668899
2954,17,3723767,3723768,3723799,-,-19721,3723768,3743489
2955,17,3723783,3723784,3723801,-,-19705,3723784,3743489
2956,17,3846215,3846216,3846246,-,175,3846216,3846041
2957,17,4555352,4555353,4555384,-,226,4555353,4555127
2958,17,4731494,4731495,4731428,+,79,4731495,4731574
2959,17,4796233,4796234,4796164,+,62,4796234,4796296
2960,17,4940474,4940475,4940394,+,-115,4940475,4940360
2961,17,4948526,4948527,4948559,-,264,4948527,4948263
2962,17,4948531,4948532,4948560,-,269,4948532,4948263
2963,17,4948531,4948532,4948561,-,269,4948532,4948263
2964,17,4948531,4948532,4948562,-,269,4948532,4948263
2965,17,4948531,4948532,4948563,-,269,4948532,4948263
2966,17,4948943,4948944,4948945,-,0,4948944,4948944
2967,17,4967785,4967786,4967817,-,66,4967786,4967720
2968,17,5419633,5419634,5419662,-,280,5419634,5419354
2969,17,5420263,5420264,5420185,+,27,5420264,5420291
2970,17,5439053,5439054,5439085,-,212,5439054,5438842
2971,17,5439054,5439055,5439086,-,213,5439055,5438842
2972,17,5439065,5439066,5439096,-,224,5439066,5438842
2973,17,5439076,5439077,5439104,-,235,5439077,5438842
2974,17,5439079,5439080,5439111,-,238,5439080,5438842
2975,17,5439084,5439085,5439116,-,243,5439085,5438842
2976,17,5439097,5439098,5439114,-,256,5439098,5438842
2977,17,5439097,5439098,5439122,-,256,5439098,5438842
2978,17,5439104,5439105,5439126,-,263,5439105,5438842
2979,17,5486628,5486629,5486569,+,55,5486629,5486684
2980,17,6444487,6444488,6444418,+,0,6444488,6444488
2981,17,6444487,6444488,6444426,+,0,6444488,6444488
2982,17,6641099,6641100,6641060,+,52,6641100,6641152
2983,17,7012706,7012707,7012624,+,50,7012707,7012757
2984,17,7012721,7012722,7012637,+,35,7012722,7012757
2985,17,7014858,7014859,7014782,+,19,7014859,7014878
2986,17,7251935,7251936,7251965,-,-29,7251936,7251965
2987,17,7251946,7251947,7251978,-,-18,7251947,7251965
2988,17,7251947,7251948,7251979,-,-17,7251948,7251965
2989,17,7251960,7251961,7251977,-,-4,7251961,7251965
2990,17,7252336,7252337,7252286,+,0,7252337,7252337
2991,17,7252336,7252337,7252304,+,0,7252337,7252337
2992,17,7252336,7252337,7252308,+,0,7252337,7252337
2993,17,7252336,7252337,7252313,+,0,7252337,7252337
2994,17,7252595,7252596,7252524,+,0,7252596,7252596
2995,17,7252595,7252596,7252542,+,0,7252596,7252596
2996,17,7307635,7307636,7307559,+,116,7307636,7307752
2997,17,7307648,7307649,7307564,+,103,7307649,7307752
2998,17,7307664,7307665,7307601,+,87,7307665,7307752
2999,17,7307666,7307667,7307585,+,85,7307667,7307752
3000,17,7307666,7307667,7307590,+,85,7307667,7307752
3001,17,7307666,7307667,7307593,+,85,7307667,7307752
3002,17,7307668,7307669,7307596,+,83,7307669,7307752
3003,17,7307669,7307670,7307588,+,82,7307670,7307752
3004,17,7307673,7307674,7307608,+,78,7307674,7307752
3005,17,7307681,7307682,7307633,+,70,7307682,7307752
3006,17,7307682,7307683,7307630,+,69,7307683,7307752
3007,17,7307684,7307685,7307640,+,67,7307685,7307752
3008,17,7307686,7307687,7307628,+,65,7307687,7307752
3009,17,7307687,7307688,7307642,+,64,7307688,7307752
3010,17,7307709,7307710,7307658,+,42,7307710,7307752
3011,17,7435519,7435520,7435435,+,176,7435520,7435696
3012,17,7572829,7572830,7572830,+,34,7572830,7572864
3013,17,7572863,7572864,7572826,+,0,7572864,7572864
3014,17,7572863,7572864,7572827,+,0,7572864,7572864
3015,17,7572863,7572864,7572828,+,0,7572864,7572864
3016,17,7572863,7572864,7572829,+,0,7572864,7572864
3017,17,7583917,7583918,7583848,+,47,7583918,7583965
3018,17,7583936,7583937,7583852,+,28,7583937,7583965
3019,17,7584060,7584061,7584092,-,-4938,7584061,7588999
3020,17,7857515,7857516,7857532,-,133,7857516,7857383
3021,17,7857799,7857800,7857718,+,406,7857800,7858206
3022,17,7931917,7931918,7931946,-,-10,7931918,7931928
3023,17,7931917,7931918,7931948,-,-10,7931918,7931928
3024,17,7931920,7931921,7931955,-,-7,7931921,7931928
3025,17,7931942,7931943,7931973,-,3,7931943,7931940
3026,17,8119244,8119245,8119196,+,-79943,8119245,8119245
3027,17,8120370,8120371,8120400,-,1675,8120371,8118696
3028,17,8120993,8120994,8120921,+,-81692,8120994,8120994
3029,17,8173554,8173555,8173588,-,-2645,8173555,8176200
3030,17,8176350,8176351,8176380,-,151,8176351,8176200
3031,17,8210543,8210544,8210575,-,14,8210544,8210530
3032,17,8210551,8210552,8210581,-,22,8210552,8210530
3033,17,8210551,8210552,8210583,-,22,8210552,8210530
3034,17,8210579,8210580,8210611,-,50,8210580,8210530
3035,17,8210587,8210588,8210617,-,58,8210588,8210530
3036,17,8249338,8249339,8249289,+,0,8249339,8249339
3037,17,8249338,8249339,8249302,+,0,8249339,8249339
3038,17,8249338,8249339,8249307,+,0,8249339,8249339
3039,17,8383122,8383123,8383154,-,-34,8383123,8383157
3040,17,8383156,8383157,8383175,-,0,8383157,8383157
3041,17,8383170,8383171,8383204,-,14,8383171,8383157
3042,17,8383192,8383193,8383224,-,36,8383193,8383157
3043,17,8630696,8630697,8630725,-,43,8630697,8630654
3044,17,10697500,10697501,10697532,-,266,10697501,10697235
3045,17,13017982,13017983,13018014,-,-8,13017983,13017991
3046,17,13017995,13017996,13018027,-,5,13017996,13017991
3047,17,15999899,15999900,15999824,+,132,15999900,16000032
3048,17,16215515,16215516,16215534,-,-138,16215516,16215654
3049,17,16217294,16217295,16217210,+,166,16217295,16217461
3050,17,16381151,16381152,16381092,+,32,16381152,16381184
3051,17,16381159,16381160,16381089,+,24,16381160,16381184
3052,17,16381169,16381170,16381095,+,14,16381170,16381184
3053,17,16381175,16381176,16381091,+,8,16381176,16381184
3054,17,16381183,16381184,16381118,+,0,16381184,16381184
3055,17,16381183,16381184,16381119,+,0,16381184,16381184
3056,17,16439059,16439060,16439037,+,-6760,16439060,16432300
3057,17,18039485,18039486,18039408,+,416,18039486,18039902
3058,17,18183558,18183559,18183479,+,-294,18183559,18183265
3059,17,18183559,18183560,18183480,+,-295,18183560,18183265
3060,17,18315377,18315378,18315293,+,2771,18315378,18318149
3061,17,18858202,18858203,18858133,+,58,18858203,18858261
3062,17,27294198,27294199,27294114,+,236,27294199,27294435
3063,17,27631263,27631264,27631211,+,40,27631264,27631304
3064,17,27631271,27631272,27631195,+,32,27631272,27631304
3065,17,27631276,27631277,27631209,+,27,27631277,27631304
3066,17,28335442,28335443,28335472,-,103,28335443,28335340
3067,17,28335449,28335450,28335481,-,110,28335450,28335340
3068,17,28357741,28357742,28357657,+,139,28357742,28357881
3069,17,28357741,28357742,28357667,+,139,28357742,28357881
3070,17,28598985,28598986,28599017,-,90,28598986,28598896
3071,17,28598987,28598988,28599019,-,92,28598988,28598896
3072,17,28598988,28598989,28599013,-,93,28598989,28598896
3073,17,28598989,28598990,28599015,-,94,28598990,28598896
3074,17,28598994,28598995,28599025,-,99,28598995,28598896
3075,17,28598995,28598996,28599027,-,100,28598996,28598896
3076,17,28598998,28598999,28599030,-,103,28598999,28598896
3077,17,28661885,28661886,28661906,-,160,28661886,28661726
3078,17,28720029,28720030,28719985,+,0,28720030,28720030
3079,17,28855100,28855101,28855016,+,216,28855101,28855317
3080,17,28855102,28855103,28855018,+,214,28855103,28855317
3081,17,29294118,29294119,29294148,-,336,29294119,29293783
3082,17,32350216,32350217,32350165,+,109,32350217,32350326
3083,17,32350233,32350234,32350157,+,92,32350234,32350326
3084,17,32350244,32350245,32350164,+,81,32350245,32350326
3085,17,32350246,32350247,32350169,+,79,32350247,32350326
3086,17,32444576,32444577,32444504,+,37,32444577,32444614
3087,17,32444576,32444577,32444512,+,37,32444577,32444614
3088,17,32444585,32444586,32444510,+,28,32444586,32444614
3089,17,34961616,34961617,34961540,+,2160,34961617,34963777
3090,17,35373589,35373590,35373621,-,8,35373590,35373582
3091,17,35809566,35809567,35809489,+,9,35809567,35809576
3092,17,35809568,35809569,35809484,+,7,35809569,35809576
3093,17,35809571,35809572,35809487,+,4,35809572,35809576
3094,17,35809575,35809576,35809518,+,0,35809576,35809576
3095,17,36486758,36486759,36486674,+,26,36486759,36486785
3096,17,36486761,36486762,36486677,+,23,36486762,36486785
3097,17,36486763,36486764,36486679,+,21,36486764,36486785
3098,17,36486765,36486766,36486681,+,19,36486766,36486785
3099,17,36486776,36486777,36486692,+,8,36486777,36486785
3100,17,36486778,36486779,36486694,+,6,36486779,36486785
3101,17,37643405,37643406,37643435,-,72,37643406,37643334
3102,17,37643415,37643416,37643446,-,82,37643416,37643334
3103,17,38752822,38752823,38752738,+,6,38752823,38752829
3104,17,38752823,38752824,38752739,+,5,38752824,38752829
3105,17,38752825,38752826,38752741,+,3,38752826,38752829
3106,17,38752828,38752829,38752744,+,0,38752829,38752829
3107,17,38752828,38752829,38752747,+,0,38752829,38752829
3108,17,38752828,38752829,38752748,+,0,38752829,38752829
3109,17,38752828,38752829,38752753,+,0,38752829,38752829
3110,17,38752828,38752829,38752759,+,0,38752829,38752829
3111,17,38752828,38752829,38752761,+,0,38752829,38752829
3112,17,38752828,38752829,38752762,+,0,38752829,38752829
3113,17,38752828,38752829,38752764,+,0,38752829,38752829
3114,17,38752828,38752829,38752771,+,0,38752829,38752829
3115,17,38752828,38752829,38752782,+,0,38752829,38752829
3116,17,38752828,38752829,38752785,+,0,38752829,38752829
3117,17,38752828,38752829,38752786,+,0,38752829,38752829
3118,17,38752828,38752829,38752787,+,0,38752829,38752829
3119,17,38752828,38752829,38752791,+,0,38752829,38752829
3120,17,38825290,38825291,38825321,-,125,38825291,38825166
3121,17,38853670,38853671,38853717,-,-27,38853671,38853698
3122,17,38853697,38853698,38853720,-,0,38853698,38853698
3123,17,38853739,38853740,38853771,-,42,38853740,38853698
3124,17,38853745,38853746,38853764,-,48,38853746,38853698
3125,17,38869336,38869337,38869367,-,15639,38869337,38853698
3126,17,38870105,38870106,38870061,+,152,38870106,38870258
3127,17,39154537,39154538,39154567,-,271,39154538,39154267
3128,17,39200348,39200349,39200312,+,0,39200349,39200349
3129,17,39200348,39200349,39200313,+,0,39200349,39200349
3130,17,39200348,39200349,39200314,+,0,39200349,39200349
3131,17,39200348,39200349,39200316,+,0,39200349,39200349
3132,17,39461560,39461561,39461486,+,1556,39461561,39463117
3133,17,39980882,39980883,39980807,+,307,39980883,39981190
3134,17,40054364,40054365,40054398,-,4,40054365,40054361
3135,17,40054372,40054373,40054408,-,12,40054373,40054361
3136,17,40054373,40054374,40054405,-,13,40054374,40054361
3137,17,40054374,40054375,40054407,-,14,40054375,40054361
3138,17,40122031,40122032,40121971,+,728,40122032,40122760
3139,17,40140601,40140602,40140537,+,177,40140602,40140779
3140,17,40287948,40287949,40287883,+,0,40287949,40287949
3141,17,40287963,40287964,40287879,+,-15,40287964,40287949
3142,17,40417851,40417852,40417881,-,81,40417852,40417771
3143,17,40417853,40417854,40417885,-,83,40417854,40417771
3144,17,40417885,40417886,40417917,-,115,40417886,40417771
3145,17,40818935,40818936,40818962,-,-3023,40818936,40821959
3146,17,40819207,40819208,40819179,+,265936,40819208,40819208
3147,17,40819207,40819208,40819181,+,265936,40819208,40819208
3148,17,42017401,42017402,42017422,-,62,42017402,42017340
3149,17,42017409,42017410,42017439,-,70,42017410,42017340
3150,17,42306198,42306199,42306114,+,-16660,42306199,42289539
3151,17,42567165,42567166,42567102,+,0,42567166,42567166
3152,17,42773527,42773528,42773449,+,0,42773528,42773528
3153,17,42773527,42773528,42773456,+,0,42773528,42773528
3154,17,42773527,42773528,42773470,+,0,42773528,42773528
3155,17,42798661,42798662,42798693,-,194,42798662,42798468
3156,17,42824228,42824229,42824260,-,74,42824229,42824155
3157,17,42824236,42824237,42824268,-,82,42824237,42824155
3158,17,42964412,42964413,42964444,-,11,42964413,42964402
3159,17,42964422,42964423,42964454,-,-20,42964423,42964443
3160,17,42964454,42964455,42964455,-,12,42964455,42964443
3161,17,42980639,42980640,42980565,+,434,42980640,42981074
3162,17,42998548,42998549,42998471,+,-78,42998549,42998471
3163,17,42998558,42998559,42998474,+,-88,42998559,42998471
3164,17,42998560,42998561,42998478,+,-90,42998561,42998471
3165,17,43022336,43022337,43022371,-,197,43022337,43022140
3166,17,43022353,43022354,43022385,-,214,43022354,43022140
3167,17,43125694,43125695,43125610,+,44916,43125695,43125695
3168,17,43171278,43171279,43171214,+,23,43171279,43171302
3169,17,43315992,43315993,43315916,+,83100,43315993,43315993
3170,17,43361326,43361327,43361356,-,56459,43361327,43361327
3171,17,43361329,43361330,43361361,-,56462,43361330,43361330
3172,17,44218325,44218326,44218358,-,154,44218326,44218172
3173,17,44708738,44708739,44708665,+,100,44708739,44708839
3174,17,44708775,44708776,44708691,+,63,44708776,44708839
3175,17,44899368,44899369,44899385,-,0,44899369,44899369
3176,17,44899385,44899386,44899403,-,17,44899386,44899369
3177,17,44899386,44899387,44899418,-,18,44899387,44899369
3178,17,46193671,46193672,46193600,+,100357,46193672,46193672
3179,17,47650020,47650021,47649945,+,-144,47650021,47649877
3180,17,47650021,47650022,47649941,+,-145,47650022,47649877
3181,17,47971148,47971149,47971076,+,3,47971149,47971152
3182,17,48578318,48578319,48578350,-,456,48578319,48577863
3183,17,48831077,48831078,48831030,+,0,48831078,48831078
3184,17,48831077,48831078,48831035,+,0,48831078,48831078
3185,17,48831077,48831078,48831045,+,0,48831078,48831078
3186,17,49414850,49414851,49414882,-,16,49414851,49414835
3187,17,49678005,49678006,49678037,-,73,49678006,49677933
3188,17,49678009,49678010,49678041,-,77,49678010,49677933
3189,17,49678048,49678049,49678080,-,116,49678049,49677933
3190,17,49678048,49678049,49678082,-,116,49678049,49677933
3191,17,49678067,49678068,49678099,-,135,49678068,49677933
3192,17,50373149,50373150,50373180,-,19,50373150,50373131
3193,17,50373151,50373152,50373182,-,21,50373152,50373131
3194,17,50373154,50373155,50373184,-,24,50373155,50373131
3195,17,50373156,50373157,50373188,-,26,50373157,50373131
3196,17,50373157,50373158,50373189,-,27,50373158,50373131
3197,17,50373161,50373162,50373183,-,31,50373162,50373131
3198,17,50373161,50373162,50373193,-,31,50373162,50373131
3199,17,50373166,50373167,50373196,-,36,50373167,50373131
3200,17,50373168,50373169,50373187,-,38,50373169,50373131
3201,17,50373172,50373173,50373190,-,42,50373173,50373131
3202,17,50397486,50397487,50397518,-,274,50397487,50397213
3203,17,50397489,50397490,50397520,-,277,50397490,50397213
3204,17,50397491,50397492,50397523,-,279,50397492,50397213
3205,17,50719663,50719664,50719598,+,167,50719664,50719831
3206,17,50719682,50719683,50719603,+,148,50719683,50719831
3207,17,50866322,50866323,50866354,-,265,50866323,50866058
3208,17,51153613,51153614,51153561,+,48,51153614,51153662
3209,17,51153637,51153638,51153559,+,24,51153638,51153662
3210,17,51153642,51153643,51153567,+,19,51153643,51153662
3211,17,51153651,51153652,51153576,+,10,51153652,51153662
3212,17,51153652,51153653,51153580,+,9,51153653,51153662
3213,17,51153656,51153657,51153578,+,5,51153657,51153662
3214,17,51153659,51153660,51153587,+,2,51153660,51153662
3215,17,51153661,51153662,51153609,+,0,51153662,51153662
3216,17,51153661,51153662,51153611,+,0,51153662,51153662
3217,17,51153661,51153662,51153638,+,0,51153662,51153662
3218,17,51153661,51153662,51153639,+,0,51153662,51153662
3219,17,51260612,51260613,51260546,+,313,51260613,51260926
3220,17,54968622,54968623,54968654,-,342,54968623,54968281
3221,17,56960997,56960998,56961029,-,223,56960998,56960775
3222,17,57085318,57085319,57085246,+,79,57085319,57085398
3223,17,57257108,57257109,57257024,+,29,57257109,57257138
3224,17,57789526,57789527,57789449,+,-114401,57789527,57789527
3225,17,57850006,57850007,57850037,-,40,57850007,57849967
3226,17,57850012,57850013,57850044,-,46,57850013,57849967
3227,17,58007121,58007122,58007153,-,178,58007122,58006944
3228,17,58007193,58007194,58007224,-,250,58007194,58006944
3229,17,58007193,58007194,58007225,-,250,58007194,58006944
3230,17,58007195,58007196,58007227,-,252,58007196,58006944
3231,17,58007214,58007215,58007243,-,271,58007215,58006944
3232,17,58007214,58007215,58007246,-,271,58007215,58006944
3233,17,58007228,58007229,58007260,-,285,58007229,58006944
3234,17,58007606,58007607,58007634,-,663,58007607,58006944
3235,17,58083468,58083469,58083419,+,214,58083469,58083683
3236,17,58332490,58332491,58332520,-,4903,58332491,58327588
3237,17,58352137,58352138,58352169,-,71,58352138,58352067
3238,17,58352139,58352140,58352165,-,73,58352140,58352067
3239,17,58352150,58352151,58352182,-,84,58352151,58352067
3240,17,58352151,58352152,58352184,-,85,58352152,58352067
3241,17,58352160,58352161,58352200,-,94,58352161,58352067
3242,17,58352166,58352167,58352197,-,100,58352167,58352067
3243,17,58352179,58352180,58352201,-,113,58352180,58352067
3244,17,58352186,58352187,58352218,-,120,58352187,58352067
3245,17,58352191,58352192,58352209,-,125,58352192,58352067
3246,17,58631805,58631806,58631836,-,-60133,58631806,58631806
3247,17,58659283,58659284,58659306,-,-32655,58659284,58659284
3248,17,58692631,58692632,58692602,+,0,58692632,58692632
3249,17,58692684,58692685,58692628,+,0,58692685,58692685
3250,17,58692684,58692685,58692631,+,0,58692685,58692685
3251,17,59155145,59155146,59155177,-,15,59155146,59155131
3252,17,59155152,59155153,59155174,-,22,59155153,59155131
3253,17,59155153,59155154,59155170,-,23,59155154,59155131
3254,17,59155160,59155161,59155184,-,30,59155161,59155131
3255,17,59155185,59155186,59155218,-,55,59155186,59155131
3256,17,59210119,59210120,59210035,+,-609,59210120,59209511
3257,17,59210121,59210122,59210037,+,-611,59210122,59209511
3258,17,59565692,59565693,59565610,+,30,59565693,59565723
3259,17,60078889,60078890,60078921,-,194,60078890,60078696
3260,17,62661688,62661689,62661725,-,-82687,62661689,62661689
3261,17,63550527,63550528,63550461,+,287,63550528,63550815
3262,17,63550566,63550567,63550495,+,248,63550567,63550815
3263,17,63550570,63550571,63550490,+,244,63550571,63550815
3264,17,63550570,63550571,63550500,+,244,63550571,63550815
3265,17,63600955,63600956,63600895,+,407,63600956,63601363
3266,17,63827047,63827048,63827080,-,-4,63827048,63827052
3267,17,63827063,63827064,63827094,-,12,63827064,63827052
3268,17,63827066,63827067,63827096,-,15,63827067,63827052
3269,17,63827067,63827068,63827098,-,16,63827068,63827052
3270,17,63827513,63827514,63827450,+,0,63827514,63827514
3271,17,64020563,64020564,64020595,-,41,64020564,64020523
3272,17,64020587,64020588,64020604,-,65,64020588,64020523
3273,17,64020598,64020599,64020630,-,76,64020599,64020523
3274,17,64020601,64020602,64020631,-,79,64020602,64020523
3275,17,64020604,64020605,64020624,-,82,64020605,64020523
3276,17,64020607,64020608,64020633,-,85,64020608,64020523
3277,17,64020613,64020614,64020632,-,91,64020614,64020523
3278,17,64398348,64398349,64398380,-,35,64398349,64398314
3279,17,64398359,64398360,64398382,-,46,64398360,64398314
3280,17,64398367,64398368,64398398,-,54,64398368,64398314
3281,17,64398381,64398382,64398401,-,68,64398382,64398314
3282,17,64496987,64496988,64497019,-,581,64496988,64496407
3283,17,64497012,64497013,64497044,-,606,64497013,64496407
3284,17,64506252,64506253,64506284,-,177,64506253,64506076
3285,17,64506254,64506255,64506287,-,179,64506255,64506076
3286,17,64506272,64506273,64506289,-,197,64506273,64506076
3287,17,66302652,66302653,66302613,+,371,66302653,66303024
3288,17,67245151,67245152,67245182,-,4,67245152,67245148
3289,17,67245153,67245154,67245185,-,6,67245154,67245148
3290,17,67245162,67245163,67245188,-,15,67245163,67245148
3291,17,67245165,67245166,67245196,-,18,67245166,67245148
3292,17,67366555,67366556,67366587,-,144,67366556,67366412
3293,17,67718012,67718013,67717945,+,75,67718013,67718088
3294,17,67718013,67718014,67717929,+,74,67718014,67718088
3295,17,67718015,67718016,67717931,+,72,67718016,67718088
3296,17,67718019,67718020,67717935,+,68,67718020,67718088
3297,17,68035782,68035783,68035737,+,53,68035783,68035836
3298,17,68035793,68035794,68035734,+,42,68035794,68035836
3299,17,68035816,68035817,68035735,+,19,68035817,68035836
3300,17,73232250,73232251,73232282,-,165,73232251,73232086
3301,17,74203709,74203710,74203675,+,0,74203710,74203710
3302,17,74203744,74203745,74203697,+,0,74203745,74203745
3303,17,74203744,74203745,74203698,+,0,74203745,74203745
3304,17,74203744,74203745,74203701,+,0,74203745,74203745
3305,17,74203744,74203745,74203704,+,0,74203745,74203745
3306,17,74203744,74203745,74203711,+,0,74203745,74203745
3307,17,74203744,74203745,74203713,+,0,74203745,74203745
3308,17,74203744,74203745,74203717,+,0,74203745,74203745
3309,17,74748702,74748703,74748629,+,584,74748703,74749287
3310,17,74748711,74748712,74748628,+,575,74748712,74749287
3311,17,75046934,75046935,75046964,-,10,75046935,75046925
3312,17,75046935,75046936,75046967,-,11,75046936,75046925
3313,17,75154483,75154484,75154515,-,142,75154484,75154342
3314,17,75154488,75154489,75154512,-,147,75154489,75154342
3315,17,75182913,75182914,75182945,-,100,75182914,75182814
3316,17,75182917,75182918,75182949,-,104,75182918,75182814
3317,17,75182927,75182928,75182959,-,114,75182928,75182814
3318,17,75182932,75182933,75182964,-,119,75182933,75182814
3319,17,75182935,75182936,75182966,-,122,75182936,75182814
3320,17,75182938,75182939,75182970,-,125,75182939,75182814
3321,17,75405635,75405636,75405667,-,147,75405636,75405489
3322,17,75405639,75405640,75405671,-,151,75405640,75405489
3323,17,75405643,75405644,75405674,-,155,75405644,75405489
3324,17,75779746,75779747,75779778,-,90,75779747,75779657
3325,17,75779747,75779748,75779780,-,91,75779748,75779657
3326,17,75779752,75779753,75779773,-,96,75779753,75779657
3327,17,75779753,75779754,75779777,-,97,75779754,75779657
3328,17,75779757,75779758,75779775,-,101,75779758,75779657
3329,17,75779762,75779763,75779779,-,106,75779763,75779657
3330,17,75855318,75855319,75855335,-,80,75855319,75855239
3331,17,76072488,76072489,76072517,-,144,76072489,76072345
3332,17,76652047,76652048,76652081,-,8540,76652048,76643508
3333,17,76726878,76726879,76726839,+,0,76726879,76726879
3334,17,76737292,76737293,76737330,-,458,76737293,76736835
3335,17,76737293,76737294,76737332,-,459,76737294,76736835
3336,17,76737305,76737306,76737331,-,471,76737306,76736835
3337,17,77958762,77958763,77958703,+,505,77958763,77959268
3338,17,78187021,78187022,78187051,-,93,78187022,78186929
3339,17,78187428,78187429,78187362,+,4,78187429,78187433
3340,17,78214334,78214335,78214263,+,92,78214335,78214427
3341,17,78214349,78214350,78214273,+,77,78214350,78214427
3342,17,78214350,78214351,78214279,+,76,78214351,78214427
3343,17,78214362,78214363,78214293,+,64,78214363,78214427
3344,17,79839410,79839411,79839440,-,228,79839411,79839183
3345,17,80263725,80263726,80263647,+,-2824,80263726,80260902
3346,17,80544921,80544922,80544838,+,212,80544922,80545134
3347,17,80544926,80544927,80544849,+,207,80544927,80545134
3348,17,80544929,80544930,80544846,+,204,80544930,80545134
3349,17,81295275,81295276,81295307,-,-146,81295276,81295422
3350,17,81395546,81395547,81395462,+,88,81395547,81395635
3351,17,81512752,81512753,81512774,-,19,81512753,81512734
3352,17,81512763,81512764,81512796,-,30,81512764,81512734
3353,17,81512766,81512767,81512798,-,33,81512767,81512734
3354,17,81512767,81512768,81512799,-,34,81512768,81512734
3355,17,81512774,81512775,81512800,-,41,81512775,81512734
3356,17,81512781,81512782,81512801,-,48,81512782,81512734
3357,17,81512783,81512784,81512802,-,50,81512784,81512734
3358,17,81514610,81514611,81514611,-,0,81514611,81514611
3359,17,81514610,81514611,81514612,-,0,81514611,81514611
3360,17,81683731,81683732,81683763,-,39,81683732,81683693
3361,17,81703423,81703424,81703371,+,151,81703424,81703575
3362,17,81703433,81703434,81703370,+,141,81703434,81703575
3363,17,81703437,81703438,81703367,+,137,81703438,81703575
3364,17,81891518,81891519,81891550,-,196,81891519,81891323
3365,17,81891527,81891528,81891553,-,205,81891528,81891323
3366,17,81891527,81891528,81891559,-,205,81891528,81891323
3367,17,81891541,81891542,81891573,-,219,81891542,81891323
3368,17,81891557,81891558,81891574,-,235,81891558,81891323
3369,17,82022845,82022846,82022876,-,20,82022846,82022826
3370,17,82022848,82022849,82022878,-,23,82022849,82022826
3371,17,82037665,82037666,82037697,-,35,82037666,82037631
3372,17,82051963,82051964,82051897,+,0,82051964,82051964
3373,17,82051963,82051964,82051921,+,0,82051964,82051964
3374,17,82273682,82273683,82273700,-,377,82273683,82273306
3375,17,82418555,82418556,82418586,-,144,82418556,82418412
3376,17,82458779,82458780,82458711,+,50,82458780,82458830
3377,18,657749,657750,657673,+,197,657750,657947
3378,18,657750,657751,657678,+,196,657751,657947
3379,18,657755,657756,657683,+,191,657756,657947
3380,18,657761,657762,657696,+,185,657762,657947
3381,18,657765,657766,657681,+,181,657766,657947
3382,18,657770,657771,657711,+,176,657771,657947
3383,18,657772,657773,657706,+,174,657773,657947
3384,18,657779,657780,657709,+,167,657780,657947
3385,18,2571641,2571642,2571557,+,41,2571642,2571683
3386,18,2571646,2571647,2571563,+,36,2571647,2571683
3387,18,3247867,3247868,3247801,+,41,3247868,3247909
3388,18,3247879,3247880,3247823,+,29,3247880,3247909
3389,18,3247881,3247882,3247815,+,27,3247882,3247909
3390,18,3247892,3247893,3247821,+,16,3247893,3247909
3391,18,3247898,3247899,3247828,+,10,3247899,3247909
3392,18,3247902,3247903,3247831,+,6,3247903,3247909
3393,18,3247905,3247906,3247822,+,3,3247906,3247909
3394,18,3247908,3247909,3247841,+,0,3247909,3247909
3395,18,3247908,3247909,3247851,+,0,3247909,3247909
3396,18,3247908,3247909,3247852,+,0,3247909,3247909
3397,18,3247908,3247909,3247854,+,0,3247909,3247909
3398,18,3262221,3262222,3262137,+,15,3262222,3262237
3399,18,3262224,3262225,3262140,+,12,3262225,3262237
3400,18,3262236,3262237,3262156,+,0,3262237,3262237
3401,18,3262236,3262237,3262167,+,0,3262237,3262237
3402,18,9102763,9102764,9102699,+,33,9102764,9102797
3403,18,9102797,9102798,9102731,+,-1,9102798,9102797
3404,18,9914067,9914068,9913994,+,267,9914068,9914335
3405,18,9914093,9914094,9914016,+,241,9914094,9914335
3406,18,9914106,9914107,9914026,+,228,9914107,9914335
3407,18,11851446,11851447,11851414,+,2997,11851447,11854444
3408,18,12776104,12776105,12776136,-,-25865,12776105,12776105
3409,18,12776105,12776106,12776137,-,-25864,12776106,12776106
3410,18,13612690,13612691,13612624,+,83,13612691,13612774
3411,18,13612700,13612701,13612623,+,73,13612701,13612774
3412,18,13726526,13726527,13726558,-,198,13726527,13726329
3413,18,13726728,13726729,13726696,+,0,13726729,13726729
3414,18,13726728,13726729,13726704,+,0,13726729,13726729
3415,18,13726728,13726729,13726708,+,0,13726729,13726729
3416,18,13726728,13726729,13726711,+,0,13726729,13726729
3417,18,21612359,21612360,21612280,+,83,21612360,21612443
3418,18,21612417,21612418,21612333,+,25,21612418,21612443
3419,18,21612418,21612419,21612334,+,24,21612419,21612443
3420,18,21612419,21612420,21612335,+,23,21612420,21612443
3421,18,21612420,21612421,21612336,+,22,21612421,21612443
3422,18,21612422,21612423,21612338,+,20,21612423,21612443
3423,18,21612426,21612427,21612342,+,16,21612427,21612443
3424,18,21612436,21612437,21612352,+,6,21612437,21612443
3425,18,21612438,21612439,21612358,+,4,21612439,21612443
3426,18,21612440,21612441,21612356,+,2,21612441,21612443
3427,18,21612442,21612443,21612361,+,0,21612443,21612443
3428,18,21612442,21612443,21612363,+,0,21612443,21612443
3429,18,21612442,21612443,21612371,+,0,21612443,21612443
3430,18,31943097,31943098,31943128,-,146,31943098,31942952
3431,18,32091971,32091972,32091902,+,263,32091972,32092235
3432,18,32092760,32092761,32092694,+,125,32092761,32092886
3433,18,35041470,35041471,35041421,+,190,35041471,35041661
3434,18,35290388,35290389,35290316,+,-47448,35290389,35290389
3435,18,35344407,35344408,35344439,-,38,35344408,35344370
3436,18,36067527,36067528,36067559,-,274,36067528,36067254
3437,18,36129308,36129309,36129340,-,195,36129309,36129114
3438,18,36129315,36129316,36129347,-,202,36129316,36129114
3439,18,36129985,36129986,36129901,+,85,36129986,36130071
3440,18,36129995,36129996,36129924,+,75,36129996,36130071
3441,18,46098235,46098236,46098261,-,64,46098236,46098172
3442,18,46098253,46098254,46098284,-,82,46098254,46098172
3443,18,46098263,46098264,46098295,-,92,46098264,46098172
3444,18,46098264,46098265,46098285,-,93,46098265,46098172
3445,18,46104136,46104137,46104138,-,0,46104137,46104137
3446,18,46104421,46104422,46104354,+,19,46104422,46104441
3447,18,46104425,46104426,46104378,+,15,46104426,46104441
3448,18,49487209,49487210,49487234,-,3,49487210,49487207
3449,18,49487210,49487211,49487244,-,4,49487211,49487207
3450,18,49492419,49492420,49492451,-,-38,49492420,49492458
3451,18,49492422,49492423,49492454,-,-35,49492423,49492458
3452,18,49492425,49492426,49492455,-,-32,49492426,49492458
3453,18,49492433,49492434,49492465,-,-24,49492434,49492458
3454,18,49492484,49492485,49492516,-,27,49492485,49492458
3455,18,51030275,51030276,51030219,+,0,51030276,51030276
3456,18,51030275,51030276,51030222,+,0,51030276,51030276
3457,18,57621745,57621746,57621776,-,7,57621746,57621739
3458,18,57621753,57621754,57621785,-,15,57621754,57621739
3459,18,57621756,57621757,57621782,-,18,57621757,57621739
3460,18,57621760,57621761,57621792,-,22,57621761,57621739
3461,18,57621769,57621770,57621801,-,31,57621770,57621739
3462,18,57621770,57621771,57621802,-,32,57621771,57621739
3463,18,57621776,57621777,57621800,-,38,57621777,57621739
3464,18,57621777,57621778,57621808,-,39,57621778,57621739
3465,18,57621786,57621787,57621807,-,48,57621787,57621739
3466,18,57621793,57621794,57621810,-,55,57621794,57621739
3467,18,59359222,59359223,59359254,-,192,59359223,59359031
3468,18,59900031,59900032,59899960,+,203,59900032,59900235
3469,18,59900080,59900081,59899996,+,154,59900081,59900235
3470,18,69968036,69968037,69968082,-,6445,69968037,69961592
3471,18,69968050,69968051,69968085,-,6459,69968051,69961592
3472,18,69968088,69968089,69968120,-,6497,69968089,69961592
3473,18,74148596,74148597,74148528,+,512,74148597,74149109
3474,18,74148598,74148599,74148527,+,510,74148599,74149109
3475,18,74148607,74148608,74148523,+,501,74148608,74149109
3476,18,75210856,75210857,75210797,+,386,75210857,75211243
3477,18,79988512,79988513,79988544,-,273,79988513,79988240
3478,18,79988517,79988518,79988549,-,278,79988518,79988240
3479,18,79988531,79988532,79988563,-,292,79988532,79988240
3480,18,80034509,80034510,80034434,+,143,80034510,80034653
3481,19,572637,572638,572572,+,63,572638,572701
3482,19,572675,572676,572600,+,25,572676,572701
3483,19,572680,572681,572596,+,20,572681,572701
3484,19,572683,572684,572599,+,17,572684,572701
3485,19,797499,797500,797415,+,5,797500,797505
3486,19,797500,797501,797416,+,4,797501,797505
3487,19,797504,797505,797449,+,0,797505,797505
3488,19,797504,797505,797451,+,0,797505,797505
3489,19,797504,797505,797452,+,0,797505,797505
3490,19,893155,893156,893187,-,70,893156,893086
3491,19,984429,984430,984345,+,133,984430,984563
3492,19,984430,984431,984346,+,132,984431,984563
3493,19,984431,984432,984347,+,131,984432,984563
3494,19,1104126,1104127,1104057,+,0,1104127,1104127
3495,19,1104126,1104127,1104070,+,0,1104127,1104127
3496,19,1241818,1241819,1241751,+,172,1241819,1241991
3497,19,1241824,1241825,1241765,+,166,1241825,1241991
3498,19,1249945,1249946,1249888,+,583,1249946,1250529
3499,19,1269409,1269410,1269335,+,0,1269410,1269410
3500,19,1383941,1383942,1383900,+,0,1383942,1383942
3501,19,1383941,1383942,1383904,+,0,1383942,1383942
3502,19,1383941,1383942,1383907,+,0,1383942,1383942
3503,19,1438427,1438428,1438367,+,0,1438428,1438428
3504,19,1438427,1438428,1438375,+,0,1438428,1438428
3505,19,1438427,1438428,1438397,+,0,1438428,1438428
3506,19,1438427,1438428,1438399,+,0,1438428,1438428
3507,19,1438427,1438428,1438400,+,0,1438428,1438428
3508,19,1438427,1438428,1438402,+,0,1438428,1438428
3509,19,1438427,1438428,1438403,+,0,1438428,1438428
3510,19,1438507,1438508,1438423,+,72,1438508,1438580
3511,19,1479183,1479184,1479215,-,21,1479184,1479163
3512,19,1605427,1605428,1605459,-,68,1605428,1605360
3513,19,1605434,1605435,1605464,-,75,1605435,1605360
3514,19,1605443,1605444,1605461,-,84,1605444,1605360
3515,19,1605444,1605445,1605462,-,85,1605445,1605360
3516,19,1885463,1885464,1885489,-,112,1885464,1885352
3517,19,2015676,2015677,2015708,-,380,2015677,2015297
3518,19,2269568,2269569,2269521,+,175,2269569,2269744
3519,19,2269588,2269589,2269525,+,155,2269589,2269744
3520,19,2269589,2269590,2269520,+,154,2269590,2269744
3521,19,2328549,2328550,2328581,-,-11,2328550,2328561
3522,19,2328562,2328563,2328589,-,2,2328563,2328561
3523,19,2427519,2427520,2427551,-,61,2427520,2427459
3524,19,2427554,2427555,2427586,-,96,2427555,2427459
3525,19,2427561,2427562,2427582,-,103,2427562,2427459
3526,19,2456930,2456931,2456959,-,261,2456931,2456670
3527,19,2739985,2739986,2740017,-,41,2739986,2739945
3528,19,2783241,2783242,2783273,-,9,2783242,2783233
3529,19,3985439,3985440,3985463,-,62,3985440,3985378
3530,19,4124115,4124116,4124147,-,332,4124116,4123784
3531,19,4182523,4182524,4182547,-,50,4182524,4182474
3532,19,4670310,4670311,4670342,-,150,4670311,4670161
3533,19,4724148,4724149,4724064,+,77124,4724149,4724149
3534,19,4724151,4724152,4724067,+,77121,4724152,4724152
3535,19,4867638,4867639,4867667,-,30,4867639,4867609
3536,19,4909561,4909562,4909501,+,93,4909562,4909655
3537,19,5622744,5622745,5622776,-,215,5622745,5622530
3538,19,5623164,5623165,5623083,+,229,5623165,5623394
3539,19,5623174,5623175,5623104,+,219,5623175,5623394
3540,19,5680480,5680481,5680512,-,23,5680481,5680458
3541,19,5680494,5680495,5680516,-,37,5680495,5680458
3542,19,5690326,5690327,5690265,+,0,5690327,5690327
3543,19,5720115,5720116,5720146,-,73,5720116,5720043
3544,19,5903702,5903703,5903734,-,91,5903703,5903612
3545,19,5903724,5903725,5903756,-,113,5903725,5903612
3546,19,5903758,5903759,5903790,-,147,5903759,5903612
3547,19,6393391,6393392,6393423,-,408,6393392,6392984
3548,19,6424782,6424783,6424811,-,330,6424783,6424453
3549,19,7629513,7629514,7629545,-,37,7629514,7629477
3550,19,7680877,7680878,7680857,+,0,7680878,7680878
3551,19,7680877,7680878,7680861,+,0,7680878,7680878
3552,19,7903936,7903937,7903877,+,131,7903937,7904068
3553,19,7943636,7943637,7943666,-,30,7943637,7943607
3554,19,8321351,8321352,8321375,-,44,8321352,8321308
3555,19,8445042,8445043,8444977,+,68,8445043,8445111
3556,19,8445047,8445048,8444975,+,63,8445048,8445111
3557,19,8445051,8445052,8444986,+,59,8445052,8445111
3558,19,9140455,9140456,9140397,+,136,9140456,9140592
3559,19,9324227,9324228,9324197,+,0,9324228,9324228
3560,19,9584476,9584477,9584504,-,16,9584477,9584461
3561,19,9827976,9827977,9827892,+,7,9827977,9827984
3562,19,9827983,9827984,9827915,+,0,9827984,9827984
3563,19,9827983,9827984,9827918,+,0,9827984,9827984
3564,19,9827983,9827984,9827922,+,0,9827984,9827984
3565,19,9827983,9827984,9827935,+,0,9827984,9827984
3566,19,9827983,9827984,9827946,+,0,9827984,9827984
3567,19,10119836,10119837,10119869,-,-3,10119837,10119840
3568,19,10119839,10119840,10119871,-,0,10119840,10119840
3569,19,10119841,10119842,10119873,-,2,10119842,10119840
3570,19,10119855,10119856,10119875,-,16,10119856,10119840
3571,19,10119856,10119857,10119874,-,17,10119857,10119840
3572,19,10119876,10119877,10119908,-,37,10119877,10119840
3573,19,10119878,10119879,10119902,-,39,10119879,10119840
3574,19,10119883,10119884,10119918,-,44,10119884,10119840
3575,19,10194919,10194920,10194951,-,100,10194920,10194820
3576,19,10252283,10252284,10252214,+,26,10252284,10252310
3577,19,10315971,10315972,10316001,-,2,10315972,10315970
3578,19,10333497,10333498,10333529,-,209,10333498,10333289
3579,19,10339606,10339607,10339638,-,68,10339607,10339539
3580,19,10403512,10403513,10403542,-,135,10403513,10403378
3581,19,10565978,10565979,10566010,-,73,10565979,10565906
3582,19,10653809,10653810,10653841,-,66620,10653810,10653810
3583,19,10654347,10654348,10654286,+,139,10654348,10654487
3584,19,10654415,10654416,10654346,+,71,10654416,10654487
3585,19,10654436,10654437,10654370,+,50,10654437,10654487
3586,19,10654436,10654437,10654375,+,50,10654437,10654487
3587,19,10701514,10701515,10701441,+,188,10701515,10701703
3588,19,10701527,10701528,10701454,+,175,10701528,10701703
3589,19,11155764,11155765,11155782,-,148,11155765,11155617
3590,19,11435702,11435703,11435630,+,3,11435703,11435706
3591,19,11435704,11435705,11435620,+,1,11435705,11435706
3592,19,11435705,11435706,11435643,+,0,11435706,11435706
3593,19,11559199,11559200,11559230,-,9,11559200,11559191
3594,19,11559214,11559215,11559244,-,24,11559215,11559191
3595,19,12611020,12611021,12610936,+,61,12611021,12611082
3596,19,12669377,12669378,12669403,-,24,12669378,12669354
3597,19,12669379,12669380,12669411,-,26,12669380,12669354
3598,19,12669393,12669394,12669425,-,40,12669394,12669354
3599,19,12669398,12669399,12669430,-,45,12669399,12669354
3600,19,12669402,12669403,12669434,-,49,12669403,12669354
3601,19,12669414,12669415,12669431,-,61,12669415,12669354
3602,19,12681842,12681843,12681873,-,283,12681843,12681560
3603,19,12734710,12734711,12734742,-,375,12734711,12734336
3604,19,12737551,12737552,12737497,+,114,12737552,12737666
3605,19,12801769,12801770,12801800,-,30,12801770,12801740
3606,19,12806682,12806683,12806607,+,117,12806683,12806800
3607,19,12806683,12806684,12806606,+,116,12806684,12806800
3608,19,12806717,12806718,12806634,+,82,12806718,12806800
3609,19,12806717,12806718,12806640,+,82,12806718,12806800
3610,19,12891201,12891202,12891160,+,0,12891202,12891202
3611,19,12891201,12891202,12891180,+,0,12891202,12891202
3612,19,12933669,12933670,12933700,-,-92,12933670,12933762
3613,19,12933677,12933678,12933709,-,-84,12933678,12933762
3614,19,12933688,12933689,12933720,-,-73,12933689,12933762
3615,19,12933691,12933692,12933715,-,-70,12933692,12933762
3616,19,12933693,12933694,12933711,-,-68,12933694,12933762
3617,19,12938692,12938693,12938609,+,77,12938693,12938770
3618,19,12938696,12938697,12938613,+,73,12938697,12938770
3619,19,12945937,12945938,12945872,+,82,12945938,12946020
3620,19,12945946,12945947,12945873,+,73,12945947,12946020
3621,19,12945953,12945954,12945877,+,66,12945954,12946020
3622,19,12957189,12957190,12957221,-,327,12957190,12956863
3623,19,12957191,12957192,12957223,-,329,12957192,12956863
3624,19,12957198,12957199,12957215,-,336,12957199,12956863
3625,19,13116674,13116675,13116706,-,22,13116675,13116653
3626,19,13116713,13116714,13116736,-,61,13116714,13116653
3627,19,13116926,13116927,13116852,+,8,13116927,13116935
3628,19,13153137,13153138,13153053,+,1770,13153138,13154908
3629,19,13153139,13153140,13153055,+,1768,13153140,13154908
3630,19,13952566,13952567,13952509,+,77,13952567,13952644
3631,19,14090671,14090672,14090703,-,-266,14090672,14090938
3632,19,14090683,14090684,14090715,-,-254,14090684,14090938
3633,19,14117733,14117734,14117762,-,-153,14117734,14117887
3634,19,14419299,14419300,14419318,-,30,14419300,14419270
3635,19,14419309,14419310,14419341,-,40,14419310,14419270
3636,19,14529594,14529595,14529595,+,116,14529595,14529711
3637,19,14529665,14529666,14529586,+,45,14529666,14529711
3638,19,14529669,14529670,14529603,+,41,14529670,14529711
3639,19,14529672,14529673,14529594,+,38,14529673,14529711
3640,19,14529677,14529678,14529598,+,33,14529678,14529711
3641,19,14529682,14529683,14529624,+,28,14529683,14529711
3642,19,14572033,14572034,14572063,-,145,14572034,14571889
3643,19,14572035,14572036,14572066,-,147,14572036,14571889
3644,19,15379783,15379784,15379815,-,71,15379784,15379713
3645,19,15418939,15418940,15418969,-,29,15418940,15418911
3646,19,15418956,15418957,15418988,-,46,15418957,15418911
3647,19,15418990,15418991,15419022,-,-68,15418991,15419059
3648,19,16076517,16076518,16076468,+,179,16076518,16076697
3649,19,16111956,16111957,16111890,+,68,16111957,16112025
3650,19,16111959,16111960,16111889,+,65,16111960,16112025
3651,19,16111962,16111963,16111891,+,62,16111963,16112025
3652,19,16111962,16111963,16111892,+,62,16111963,16112025
3653,19,16111963,16111964,16111893,+,61,16111964,16112025
3654,19,16111969,16111970,16111897,+,55,16111970,16112025
3655,19,16111972,16111973,16111894,+,52,16111973,16112025
3656,19,16111976,16111977,16111895,+,48,16111977,16112025
3657,19,16185478,16185479,16185401,+,37,16185479,16185516
3658,19,16185498,16185499,16185430,+,17,16185499,16185516
3659,19,16660112,16660113,16660144,-,28,16660113,16660085
3660,19,17215471,17215472,17215390,+,35,17215472,17215507
3661,19,17267515,17267516,17267445,+,0,17267516,17267516
3662,19,17267515,17267516,17267458,+,0,17267516,17267516
3663,19,17267515,17267516,17267460,+,0,17267516,17267516
3664,19,17267526,17267527,17267443,+,0,17267527,17267527
3665,19,17305953,17305954,17305869,+,3,17305954,17305957
3666,19,17309608,17309609,17309540,+,48,17309609,17309657
3667,19,17309617,17309618,17309537,+,39,17309618,17309657
3668,19,17309626,17309627,17309563,+,30,17309627,17309657
3669,19,17309628,17309629,17309564,+,28,17309629,17309657
3670,19,17309628,17309629,17309565,+,28,17309629,17309657
3671,19,17309629,17309630,17309568,+,27,17309630,17309657
3672,19,17555731,17555732,17555682,+,241,17555732,17555973
3673,19,18323046,18323047,18323076,-,29,18323047,18323018
3674,19,18323058,18323059,18323077,-,41,18323059,18323018
3675,19,18323087,18323088,18323107,-,70,18323088,18323018
3676,19,18571886,18571887,18571855,+,0,18571887,18571887
3677,19,18571886,18571887,18571860,+,0,18571887,18571887
3678,19,18571886,18571887,18571870,+,0,18571887,18571887
3679,19,18832031,18832032,18831959,+,408,18832032,18832440
3680,19,18919818,18919819,18919738,+,37,18919819,18919856
3681,19,18919819,18919820,18919736,+,36,18919820,18919856
3682,19,19193015,19193016,19192938,+,84,19193016,19193100
3683,19,19320477,19320478,19320509,-,15,19320478,19320463
3684,19,19320897,19320898,19320842,+,237,19320898,19321135
3685,19,19320897,19320898,19320845,+,237,19320898,19321135
3686,19,19516303,19516304,19516226,+,28,19516304,19516332
3687,19,19516306,19516307,19516228,+,25,19516307,19516332
3688,19,19516307,19516308,19516223,+,24,19516308,19516332
3689,19,19516307,19516308,19516227,+,24,19516308,19516332
3690,19,19516309,19516310,19516225,+,22,19516310,19516332
3691,19,19516314,19516315,19516230,+,17,19516315,19516332
3692,19,19516317,19516318,19516235,+,14,19516318,19516332
3693,19,21142124,21142125,21142040,+,61,21142125,21142186
3694,19,23274200,23274201,23274232,-,125,23274201,23274076
3695,19,29213119,29213120,29213151,-,215,29213120,29212905
3696,19,29606324,29606325,29606283,+,0,29606325,29606325
3697,19,29606324,29606325,29606294,+,0,29606325,29606325
3698,19,29606324,29606325,29606297,+,0,29606325,29606325
3699,19,29606324,29606325,29606298,+,0,29606325,29606325
3700,19,29606324,29606325,29606304,+,0,29606325,29606325
3701,19,32581256,32581257,32581190,+,70,32581257,32581327
3702,19,34172582,34172583,34172525,+,180,34172583,34172763
3703,19,34365280,34365281,34365196,+,107,34365281,34365388
3704,19,34365321,34365322,34365246,+,66,34365322,34365388
3705,19,35269024,35269025,35268962,+,138,35269025,35269163
3706,19,35545680,35545681,35545626,+,135,35545681,35545816
3707,19,35545680,35545681,35545630,+,135,35545681,35545816
3708,19,35629146,35629147,35629091,+,134,35629147,35629281
3709,19,35629150,35629151,35629094,+,130,35629151,35629281
3710,19,35648377,35648378,35648293,+,25,35648378,35648403
3711,19,35648402,35648403,35648320,+,0,35648403,35648403
3712,19,35648402,35648403,35648321,+,0,35648403,35648403
3713,19,35648402,35648403,35648323,+,0,35648403,35648403
3714,19,35648402,35648403,35648326,+,0,35648403,35648403
3715,19,35648402,35648403,35648327,+,0,35648403,35648403
3716,19,35648402,35648403,35648339,+,0,35648403,35648403
3717,19,35648402,35648403,35648347,+,0,35648403,35648403
3718,19,35648402,35648403,35648349,+,0,35648403,35648403
3719,19,35648402,35648403,35648352,+,0,35648403,35648403
3720,19,35648402,35648403,35648358,+,0,35648403,35648403
3721,19,35648402,35648403,35648368,+,0,35648403,35648403
3722,19,35902551,35902552,35902473,+,84,35902552,35902636
3723,19,35902580,35902581,35902510,+,55,35902581,35902636
3724,19,36114860,36114861,36114892,-,63,36114861,36114798
3725,19,36215154,36215155,36215106,+,41,36215155,36215196
3726,19,36215195,36215196,36215133,+,0,36215196,36215196
3727,19,38315736,38315737,38315768,-,-10,38315737,38315747
3728,19,38315738,38315739,38315770,-,-8,38315739,38315747
3729,19,38315748,38315749,38315780,-,2,38315749,38315747
3730,19,38374842,38374843,38374784,+,118,38374843,38374961
3731,19,38374846,38374847,38374788,+,114,38374847,38374961
3732,19,38619222,38619223,38619171,+,0,38619223,38619223
3733,19,38619222,38619223,38619186,+,0,38619223,38619223
3734,19,38619280,38619281,38619196,+,36,38619281,38619317
3735,19,38831752,38831753,38831785,-,32,38831753,38831721
3736,19,38831756,38831757,38831789,-,36,38831757,38831721
3737,19,38831758,38831759,38831791,-,38,38831759,38831721
3738,19,38831760,38831761,38831792,-,40,38831761,38831721
3739,19,38831762,38831763,38831794,-,42,38831763,38831721
3740,19,38849901,38849902,38849939,-,31,38849902,38849871
3741,19,38849902,38849903,38849937,-,32,38849903,38849871
3742,19,38849902,38849903,38849938,-,32,38849903,38849871
3743,19,38899551,38899552,38899583,-,46,38899552,38899506
3744,19,38930997,38930998,38930944,+,0,38930998,38930998
3745,19,38930997,38930998,38930951,+,0,38930998,38930998
3746,19,39125855,39125856,39125788,+,23,39125856,39125879
3747,19,39125859,39125860,39125794,+,19,39125860,39125879
3748,19,39335975,39335976,39335999,-,2,39335976,39335974
3749,19,39335976,39335977,39336008,-,3,39335977,39335974
3750,19,39336028,39336029,39336060,-,55,39336029,39335974
3751,19,39391482,39391483,39391398,+,155,39391483,39391638
3752,19,39435881,39435882,39435912,-,34,39435882,39435848
3753,19,39435884,39435885,39435916,-,37,39435885,39435848
3754,19,39435888,39435889,39435919,-,41,39435889,39435848
3755,19,39435889,39435890,39435921,-,42,39435890,39435848
3756,19,39435892,39435893,39435922,-,45,39435893,39435848
3757,19,39435892,39435893,39435924,-,45,39435893,39435848
3758,19,39435893,39435894,39435925,-,46,39435894,39435848
3759,19,39435915,39435916,39435947,-,68,39435916,39435848
3760,19,39435916,39435917,39435948,-,69,39435917,39435848
3761,19,39435916,39435917,39435949,-,69,39435917,39435848
3762,19,39480909,39480910,39480846,+,51,39480910,39480961
3763,19,39480921,39480922,39480838,+,39,39480922,39480961
3764,19,39480922,39480923,39480849,+,38,39480923,39480961
3765,19,39480934,39480935,39480851,+,26,39480935,39480961
3766,19,39846290,39846291,39846317,-,0,39846291,39846291
3767,19,39846316,39846317,39846348,-,26,39846317,39846291
3768,19,39846320,39846321,39846349,-,30,39846321,39846291
3769,19,39846329,39846330,39846351,-,39,39846330,39846291
3770,19,39846345,39846346,39846366,-,55,39846346,39846291
3771,19,39846355,39846356,39846372,-,65,39846356,39846291
3772,19,39971235,39971236,39971162,+,2,39971236,39971238
3773,19,39971237,39971238,39971163,+,0,39971238,39971238
3774,19,39971237,39971238,39971165,+,0,39971238,39971238
3775,19,39971237,39971238,39971180,+,0,39971238,39971238
3776,19,39971237,39971238,39971182,+,0,39971238,39971238
3777,19,39971237,39971238,39971184,+,0,39971238,39971238
3778,19,40750951,40750952,40750878,+,-15,40750952,40750937
3779,19,41264442,41264443,41264372,+,162,41264443,41264605
3780,19,41397894,41397895,41397810,+,-11,41397895,41397884
3781,19,41397895,41397896,41397815,+,-12,41397896,41397884
3782,19,41397901,41397902,41397818,+,-18,41397902,41397884
3783,19,41439879,41439880,41439910,-,-2,41439880,41439882
3784,19,41860288,41860289,41860226,+,0,41860289,41860289
3785,19,41860288,41860289,41860252,+,0,41860289,41860289
3786,19,41860288,41860289,41860255,+,0,41860289,41860289
3787,19,41959289,41959290,41959321,-,53,41959290,41959237
3788,19,43575498,43575499,43575527,-,91,43575499,43575408
3789,19,43580465,43580466,43580497,-,101,43580466,43580365
3790,19,44165141,44165142,44165116,+,0,44165142,44165142
3791,19,45178186,45178187,45178218,-,52,45178187,45178135
3792,19,45178210,45178211,45178237,-,76,45178211,45178135
3793,19,45691895,45691896,45691914,-,9,45691896,45691887
3794,19,45691900,45691901,45691934,-,14,45691901,45691887
3795,19,45691909,45691910,45691941,-,23,45691910,45691887
3796,19,46601384,46601385,46601330,+,52,46601385,46601437
3797,19,46601385,46601386,46601333,+,51,46601386,46601437
3798,19,47048592,47048593,47048624,-,186,47048593,47048407
3799,19,47048594,47048595,47048626,-,188,47048595,47048407
3800,19,47745618,47745619,47745541,+,164,47745619,47745783
3801,19,47778782,47778783,47778703,+,31,47778783,47778814
3802,19,47778793,47778794,47778709,+,20,47778794,47778814
3803,19,48363906,48363907,48363938,-,9,48363907,48363898
3804,19,48446042,48446043,48445983,+,-129,48446043,48445914
3805,19,48446064,48446065,48446002,+,127,48446065,48446192
3806,19,48619144,48619145,48619175,-,4,48619145,48619141
3807,19,48619148,48619149,48619176,-,8,48619149,48619141
3808,19,48619161,48619162,48619183,-,21,48619162,48619141
3809,19,48811007,48811008,48811029,-,24,48811008,48810984
3810,19,48872497,48872498,48872421,+,153,48872498,48872651
3811,19,48965377,48965378,48965311,+,231,48965378,48965609
3812,19,48965391,48965392,48965309,+,217,48965392,48965609
3813,19,48993922,48993923,48993887,+,0,48993923,48993923
3814,19,48993922,48993923,48993889,+,0,48993923,48993923
3815,19,48993922,48993923,48993890,+,0,48993923,48993923
3816,19,48993922,48993923,48993898,+,0,48993923,48993923
3817,19,49085519,49085520,49085451,+,116,49085520,49085636
3818,19,49085521,49085522,49085455,+,114,49085522,49085636
3819,19,49085523,49085524,49085458,+,112,49085524,49085636
3820,19,49451731,49451732,49451769,-,247,49451732,49451485
3821,19,49451777,49451778,49451808,-,293,49451778,49451485
3822,19,49451780,49451781,49451810,-,296,49451781,49451485
3823,19,49451782,49451783,49451814,-,298,49451783,49451485
3824,19,49451790,49451791,49451822,-,306,49451791,49451485
3825,19,49451794,49451795,49451826,-,310,49451795,49451485
3826,19,49451796,49451797,49451828,-,312,49451797,49451485
3827,19,49487643,49487644,49487608,+,0,49487644,49487644
3828,19,49487643,49487644,49487609,+,0,49487644,49487644
3829,19,49496468,49496469,49496397,+,2,49496469,49496471
3830,19,49496470,49496471,49496433,+,0,49496471,49496471
3831,19,49496470,49496471,49496434,+,0,49496471,49496471
3832,19,49496470,49496471,49496435,+,0,49496471,49496471
3833,19,49496470,49496471,49496443,+,0,49496471,49496471
3834,19,49580522,49580523,49580554,-,8,49580523,49580515
3835,19,49580526,49580527,49580558,-,12,49580527,49580515
3836,19,49580529,49580530,49580556,-,15,49580530,49580515
3837,19,49666037,49666038,49665967,+,29,49666038,49666067
3838,19,49666040,49666041,49665997,+,26,49666041,49666067
3839,19,49666066,49666067,49665994,+,0,49666067,49666067
3840,19,49677315,49677316,49677263,+,0,49677316,49677316
3841,19,49677315,49677316,49677267,+,0,49677316,49677316
3842,19,49677315,49677316,49677277,+,0,49677316,49677316
3843,19,49851207,49851208,49851159,+,-112,49851208,49851096
3844,19,49876587,49876588,49876619,-,-15,49876588,49876603
3845,19,49929289,49929290,49929205,+,110,49929290,49929400
3846,19,50025337,50025338,50025369,-,-8,50025338,50025346
3847,19,50025338,50025339,50025370,-,-7,50025339,50025346
3848,19,50025340,50025341,50025372,-,-5,50025341,50025346
3849,19,50376543,50376544,50376491,+,32,50376544,50376576
3850,19,50804560,50804561,50804594,-,11447,50804561,50793114
3851,19,51372697,51372698,51372715,-,319,51372698,51372379
3852,19,51571362,51571363,51571287,+,112,51571363,51571475
3853,19,52139894,52139895,52139926,-,163,52139895,52139732
3854,19,52269630,52269631,52269587,+,0,52269631,52269631
3855,19,52690454,52690455,52690486,-,12,52690455,52690443
3856,19,52821601,52821602,52821633,-,16,52821602,52821586
3857,19,53432027,53432028,53431984,+,0,53432028,53432028
3858,19,54102887,54102888,54102872,+,0,54102888,54102888
3859,19,54102887,54102888,54102875,+,0,54102888,54102888
3860,19,54115796,54115797,54115754,+,0,54115797,54115797
3861,19,54115796,54115797,54115771,+,0,54115797,54115797
3862,19,54159686,54159687,54159718,-,123,54159687,54159564
3863,19,54200887,54200888,54200858,+,0,54200888,54200888
3864,19,54200887,54200888,54200859,+,0,54200888,54200888
3865,19,54364853,54364854,54364887,-,83,54364854,54364771
3866,19,54449283,54449284,54449209,+,22,54449284,54449306
3867,19,54449303,54449304,54449219,+,2,54449304,54449306
3868,19,55255683,55255684,55255715,-,9,55255684,55255675
3869,19,55280061,55280062,55280093,-,27,55280062,55280035
3870,19,55280089,55280090,55280121,-,55,55280090,55280035
3871,19,55280098,55280099,55280115,-,64,55280099,55280035
3872,19,55385964,55385965,55385932,+,0,55385965,55385965
3873,19,55385964,55385965,55385933,+,0,55385965,55385965
3874,19,55385964,55385965,55385934,+,0,55385965,55385965
3875,19,55385964,55385965,55385935,+,0,55385965,55385965
3876,19,55407754,55407755,55407783,-,168,55407755,55407587
3877,19,55407756,55407757,55407788,-,170,55407757,55407587
3878,19,55407767,55407768,55407785,-,181,55407768,55407587
3879,19,55675291,55675292,55675228,+,143,55675292,55675435
3880,19,57363618,57363619,57363557,+,84,57363619,57363703
3881,19,57363650,57363651,57363566,+,52,57363651,57363703
3882,19,57746887,57746888,57746812,+,203,57746888,57747091
3883,19,57746889,57746890,57746815,+,201,57746890,57747091
3884,19,57746918,57746919,57746841,+,172,57746919,57747091
3885,19,57814881,57814882,57814913,-,171,57814882,57814711
3886,19,57916560,57916561,57916592,-,182,57916561,57916379
3887,19,58305444,58305445,58305377,+,0,58305445,58305445
3888,19,58305444,58305445,58305384,+,0,58305445,58305445
3889,19,58326901,58326902,58326933,-,-26026,58326902,58326902
3890,19,58326918,58326919,58326935,-,-26009,58326919,58326919
3891,19,58387338,58387339,58387269,+,0,58387339,58387339
3892,19,58387338,58387339,58387270,+,0,58387339,58387339
3893,19,58387338,58387339,58387277,+,0,58387339,58387339
3894,19,58387338,58387339,58387286,+,0,58387339,58387339
3895,19,58544508,58544509,58544424,+,52,58544509,58544561
3896,19,58544527,58544528,58544457,+,33,58544528,58544561
3897,19,58544528,58544529,58544455,+,32,58544529,58544561
3898,19,58555073,58555074,58555105,-,86,58555074,58554988
3899,2,264778,264779,264810,-,-3,264779,264782
3900,2,265006,265007,264947,+,0,265007,265007
3901,2,265006,265007,264959,+,0,265007,265007
3902,2,265006,265007,264961,+,0,265007,265007
3903,2,677370,677371,677402,-,82,677371,677289
3904,2,3377789,3377790,3377818,-,142,3377790,3377648
3905,2,3377820,3377821,3377852,-,173,3377821,3377648
3906,2,3558257,3558258,3558289,-,125,3558258,3558133
3907,2,3575349,3575350,3575265,+,0,3575350,3575350
3908,2,3575349,3575350,3575294,+,0,3575350,3575350
3909,2,3575349,3575350,3575312,+,0,3575350,3575350
3910,2,3575349,3575350,3575314,+,0,3575350,3575350
3911,2,3575349,3575350,3575315,+,0,3575350,3575350
3912,2,3575349,3575350,3575323,+,0,3575350,3575350
3913,2,5696270,5696271,5696209,+,5114,5696271,5701385
3914,2,8837581,8837582,8837613,-,102,8837582,8837480
3915,2,9423719,9423720,9423651,+,103,9423720,9423823
3916,2,9423719,9423720,9423652,+,103,9423720,9423823
3917,2,9423723,9423724,9423655,+,99,9423724,9423823
3918,2,9423724,9423725,9423654,+,98,9423725,9423823
3919,2,9423733,9423734,9423657,+,89,9423734,9423823
3920,2,9630940,9630941,9630972,-,0,9630941,9630941
3921,2,9630941,9630942,9630970,-,1,9630942,9630941
3922,2,9630945,9630946,9630977,-,5,9630946,9630941
3923,2,9630946,9630947,9630969,-,6,9630947,9630941
3924,2,9630950,9630951,9630980,-,10,9630951,9630941
3925,2,9630956,9630957,9630985,-,16,9630957,9630941
3926,2,9630959,9630960,9630991,-,19,9630960,9630941
3927,2,9630966,9630967,9630997,-,26,9630967,9630941
3928,2,9630969,9630970,9631001,-,29,9630970,9630941
3929,2,10122822,10122823,10122738,+,74,10122823,10122897
3930,2,10122823,10122824,10122739,+,73,10122824,10122897
3931,2,10122825,10122826,10122741,+,71,10122826,10122897
3932,2,10448297,10448298,10448327,-,177,10448298,10448121
3933,2,20350785,20350786,20350817,-,-24,20350786,20350810
3934,2,24047361,24047362,24047391,-,48,24047362,24047314
3935,2,24076294,24076295,24076326,-,95,24076295,24076200
3936,2,24076295,24076296,24076328,-,96,24076296,24076200
3937,2,24076318,24076319,24076350,-,119,24076319,24076200
3938,2,24076322,24076323,24076352,-,123,24076323,24076200
3939,2,24076323,24076324,24076355,-,124,24076324,24076200
3940,2,24076329,24076330,24076347,-,130,24076330,24076200
3941,2,24076333,24076334,24076363,-,134,24076334,24076200
3942,2,26034207,26034208,26034123,+,527,26034208,26034735
3943,2,26244587,26244588,26244619,-,58,26244588,26244530
3944,2,27050847,27050848,27050773,+,182,27050848,27051030
3945,2,27050852,27050853,27050775,+,177,27050853,27051030
3946,2,27071612,27071613,27071644,-,12,27071613,27071601
3947,2,27071618,27071619,27071649,-,18,27071619,27071601
3948,2,27071619,27071620,27071650,-,19,27071620,27071601
3949,2,27071626,27071627,27071658,-,26,27071627,27071601
3950,2,27071637,27071638,27071669,-,37,27071638,27071601
3951,2,27134604,27134605,27134636,-,318,27134605,27134287
3952,2,27212444,27212445,27212360,+,22,27212445,27212467
3953,2,27212445,27212446,27212361,+,21,27212446,27212467
3954,2,27356732,27356733,27356764,-,-6,27356733,27356739
3955,2,27370295,27370296,27370327,-,12,27370296,27370284
3956,2,27370677,27370678,27370615,+,128,27370678,27370806
3957,2,27370686,27370687,27370620,+,119,27370687,27370806
3958,2,27370693,27370694,27370636,+,112,27370694,27370806
3959,2,27370700,27370701,27370617,+,105,27370701,27370806
3960,2,27409561,27409562,27409591,-,259,27409562,27409303
3961,2,27409580,27409581,27409611,-,278,27409581,27409303
3962,2,27428686,27428687,27428626,+,44,27428687,27428731
3963,2,27663577,27663578,27663609,-,63,27663578,27663515
3964,2,27663582,27663583,27663614,-,68,27663583,27663515
3965,2,27663956,27663957,27663887,+,92,27663957,27664049
3966,2,27663973,27663974,27663889,+,75,27663974,27664049
3967,2,27663974,27663975,27663890,+,74,27663975,27664049
3968,2,27663976,27663977,27663896,+,72,27663977,27664049
3969,2,27771795,27771796,27771717,+,3,27771796,27771799
3970,2,27771796,27771797,27771720,+,2,27771797,27771799
3971,2,27771797,27771798,27771713,+,1,27771798,27771799
3972,2,27771798,27771799,27771716,+,0,27771799,27771799
3973,2,27771798,27771799,27771719,+,0,27771799,27771799
3974,2,27771798,27771799,27771723,+,0,27771799,27771799
3975,2,28870253,28870254,28870285,-,675,28870254,28869579
3976,2,28894721,28894722,28894667,+,201,28894722,28894923
3977,2,28894757,28894758,28894690,+,165,28894758,28894923
3978,2,32039761,32039762,32039793,-,29,32039762,32039733
3979,2,32165902,32165903,32165864,+,0,32165903,32165903
3980,2,33599199,33599200,33599227,-,5,33599200,33599195
3981,2,38751326,38751327,38751358,-,98,38751327,38751229
3982,2,38751339,38751340,38751359,-,111,38751340,38751229
3983,2,38751344,38751345,38751361,-,116,38751345,38751229
3984,2,42361153,42361154,42361173,-,64,42361154,42361090
3985,2,46617287,46617288,46617210,+,10,46617288,46617298
3986,2,47176453,47176454,47176484,-,13,47176454,47176441
3987,2,47176467,47176468,47176486,-,27,47176468,47176441
3988,2,47176480,47176481,47176511,-,40,47176481,47176441
3989,2,47176482,47176483,47176514,-,42,47176483,47176441
3990,2,47176483,47176484,47176515,-,43,47176484,47176441
3991,2,47176484,47176485,47176516,-,44,47176485,47176441
3992,2,47783225,47783226,47783145,+,5,47783226,47783231
3993,2,55232707,55232708,55232681,+,0,55232708,55232708
3994,2,55232707,55232708,55232694,+,0,55232708,55232708
3995,2,55232797,55232798,55232713,+,74,55232798,55232872
3996,2,55232799,55232800,55232715,+,72,55232800,55232872
3997,2,55617569,55617570,55617600,-,426,55617570,55617144
3998,2,55617573,55617574,55617605,-,430,55617574,55617144
3999,2,55617574,55617575,55617606,-,431,55617575,55617144
4000,2,55617575,55617576,55617607,-,432,55617576,55617144
4001,2,55617578,55617579,55617604,-,435,55617579,55617144
4002,2,55617578,55617579,55617610,-,435,55617579,55617144
4003,2,55617579,55617580,55617603,-,436,55617580,55617144
4004,2,55617977,55617978,55617933,+,-98062,55617978,55617978
4005,2,55934398,55934399,55934433,-,10688,55934399,55923711
4006,2,58241314,58241315,58241346,-,97,58241315,58241218
4007,2,60756348,60756349,60756268,+,146,60756349,60756495
4008,2,61888567,61888568,61888597,-,187,61888568,61888381
4009,2,61888571,61888572,61888603,-,191,61888572,61888381
4010,2,61888574,61888575,61888605,-,194,61888575,61888381
4011,2,61888579,61888580,61888611,-,199,61888580,61888381
4012,2,61888580,61888581,61888612,-,200,61888581,61888381
4013,2,61888582,61888583,61888614,-,202,61888583,61888381
4014,2,61888590,61888591,61888621,-,210,61888591,61888381
4015,2,61888592,61888593,61888613,-,212,61888593,61888381
4016,2,61905737,61905738,61905674,+,120,61905738,61905858
4017,2,63050894,63050895,63050819,+,2,63050895,63050897
4018,2,63589043,63589044,63588974,+,2,63589044,63589046
4019,2,63589045,63589046,63588963,+,0,63589046,63589046
4020,2,63589045,63589046,63588965,+,0,63589046,63589046
4021,2,63589045,63589046,63588968,+,0,63589046,63589046
4022,2,63589045,63589046,63588979,+,0,63589046,63589046
4023,2,63589045,63589046,63588985,+,0,63589046,63589046
4024,2,65130076,65130077,65130106,-,184,65130077,65129893
4025,2,65227907,65227908,65227840,+,49,65227908,65227957
4026,2,65227910,65227911,65227839,+,46,65227911,65227957
4027,2,65227914,65227915,65227841,+,42,65227915,65227957
4028,2,65227918,65227919,65227846,+,38,65227919,65227957
4029,2,65227919,65227920,65227843,+,37,65227920,65227957
4030,2,65227920,65227921,65227847,+,36,65227921,65227957
4031,2,67397411,67397412,67397340,+,259,67397412,67397671
4032,2,69437404,69437405,69437435,-,44,69437405,69437361
4033,2,69894017,69894018,69893958,+,0,69894018,69894018
4034,2,70086242,70086243,70086273,-,-94920,70086243,70086243
4035,2,70086248,70086249,70086269,-,-94914,70086249,70086249
4036,2,70248584,70248585,70248615,-,180,70248585,70248405
4037,2,70248592,70248593,70248622,-,188,70248593,70248405
4038,2,70293645,70293646,70293675,-,28,70293646,70293618
4039,2,70293650,70293651,70293680,-,33,70293651,70293618
4040,2,70293655,70293656,70293687,-,38,70293656,70293618
4041,2,70293658,70293659,70293690,-,41,70293659,70293618
4042,2,70293660,70293661,70293692,-,43,70293661,70293618
4043,2,70293664,70293665,70293694,-,47,70293665,70293618
4044,2,70293667,70293668,70293699,-,50,70293668,70293618
4045,2,70293668,70293669,70293700,-,51,70293669,70293618
4046,2,70293673,70293674,70293703,-,56,70293674,70293618
4047,2,70293673,70293674,70293704,-,56,70293674,70293618
4048,2,70293677,70293678,70293706,-,60,70293678,70293618
4049,2,70293699,70293700,70293731,-,82,70293700,70293618
4050,2,70293705,70293706,70293737,-,88,70293706,70293618
4051,2,70293711,70293712,70293730,-,94,70293712,70293618
4052,2,71068711,71068712,71068650,+,0,71068712,71068712
4053,2,71130712,71130713,71130634,+,41,71130713,71130754
4054,2,71130712,71130713,71130641,+,41,71130713,71130754
4055,2,71227071,71227072,71227103,-,144,71227072,71226928
4056,2,71331874,71331875,71331791,+,0,71331875,71331875
4057,2,73214323,73214324,73214245,+,38,73214324,73214362
4058,2,73233233,73233234,73233264,-,140,73233234,73233094
4059,2,73234290,73234291,73234291,+,93,73234291,73234384
4060,2,73234347,73234348,73234288,+,36,73234348,73234384
4061,2,73234359,73234360,73234290,+,24,73234360,73234384
4062,2,73234369,73234370,73234308,+,14,73234370,73234384
4063,2,73737301,73737302,73737316,-,0,73737302,73737302
4064,2,73737301,73737302,73737318,-,0,73737302,73737302
4065,2,73737301,73737302,73737332,-,0,73737302,73737302
4066,2,73737319,73737320,73737351,-,18,73737320,73737302
4067,2,73737326,73737327,73737345,-,25,73737327,73737302
4068,2,73737326,73737327,73737358,-,25,73737327,73737302
4069,2,73737328,73737329,73737359,-,27,73737329,73737302
4070,2,73780071,73780072,73780103,-,198,73780072,73779874
4071,2,73926952,73926953,73926868,+,99,73926953,73927052
4072,2,73926954,73926955,73926883,+,97,73926955,73927052
4073,2,73926959,73926960,73926884,+,92,73926960,73927052
4074,2,73926961,73926962,73926886,+,90,73926962,73927052
4075,2,73926964,73926965,73926880,+,87,73926965,73927052
4076,2,73926968,73926969,73926895,+,83,73926969,73927052
4077,2,73926971,73926972,73926890,+,80,73926972,73927052
4078,2,73926977,73926978,73926893,+,74,73926978,73927052
4079,2,74472660,74472661,74472687,-,92,74472661,74472569
4080,2,74483134,74483135,74483087,+,0,74483135,74483135
4081,2,74483134,74483135,74483089,+,0,74483135,74483135
4082,2,75646865,75646866,75646785,+,44,75646866,75646910
4083,2,75646867,75646868,75646783,+,42,75646868,75646910
4084,2,76445378,76445379,76445410,-,734788,76445379,76445379
4085,2,84905705,84905706,84905653,+,12,84905706,84905718
4086,2,84905715,84905716,84905657,+,2,84905716,84905718
4087,2,84905717,84905718,84905652,+,0,84905718,84905718
4088,2,84905717,84905718,84905654,+,0,84905718,84905718
4089,2,84905717,84905718,84905655,+,0,84905718,84905718
4090,2,84905717,84905718,84905656,+,0,84905718,84905718
4091,2,85327959,85327960,85327989,-,43,85327960,85327917
4092,2,85410316,85410317,85410337,-,0,85410317,85410317
4093,2,85410316,85410317,85410338,-,0,85410317,85410317
4094,2,85539214,85539215,85539165,+,163,85539215,85539378
4095,2,85539252,85539253,85539168,+,125,85539253,85539378
4096,2,85561461,85561462,85561493,-,76,85561462,85561386
4097,2,85595825,85595826,85595745,+,23,85595826,85595849
4098,2,85595827,85595828,85595743,+,21,85595828,85595849
4099,2,85595831,85595832,85595748,+,17,85595832,85595849
4100,2,85616253,85616254,85616186,+,209,85616254,85616463
4101,2,85616268,85616269,85616189,+,194,85616269,85616463
4102,2,86105853,86105854,86105880,-,154,86105854,86105700
4103,2,86105857,86105858,86105875,-,158,86105858,86105700
4104,2,86105859,86105860,86105878,-,160,86105860,86105700
4105,2,86106302,86106303,86106233,+,48,86106303,86106351
4106,2,86106303,86106304,86106226,+,47,86106304,86106351
4107,2,86106303,86106304,86106228,+,47,86106304,86106351
4108,2,86106303,86106304,86106236,+,47,86106304,86106351
4109,2,86106307,86106308,86106223,+,43,86106308,86106351
4110,2,86106307,86106308,86106238,+,43,86106308,86106351
4111,2,86106319,86106320,86106235,+,31,86106320,86106351
4112,2,86199532,86199533,86199463,+,0,86199533,86199533
4113,2,86441427,86441428,86441371,+,16,86441428,86441444
4114,2,88016524,88016525,88016547,-,-39101,88016525,88016525
4115,2,96208797,96208798,96208822,-,259,96208798,96208539
4116,2,96208798,96208799,96208827,-,260,96208799,96208539
4117,2,96208799,96208800,96208825,-,261,96208800,96208539
4118,2,96208804,96208805,96208824,-,266,96208805,96208539
4119,2,96305490,96305491,96305508,-,98,96305491,96305393
4120,2,96305499,96305500,96305530,-,107,96305500,96305393
4121,2,96307309,96307310,96307311,-,1917,96307310,96305393
4122,2,96740033,96740034,96740064,-,180,96740034,96739854
4123,2,97646117,97646118,97646064,+,71,97646118,97646189
4124,2,97646122,97646123,97646046,+,66,97646123,97646189
4125,2,97646129,97646130,97646053,+,59,97646130,97646189
4126,2,97646130,97646131,97646060,+,58,97646131,97646189
4127,2,97646132,97646133,97646048,+,56,97646133,97646189
4128,2,97646132,97646133,97646061,+,56,97646133,97646189
4129,2,97646132,97646133,97646063,+,56,97646133,97646189
4130,2,97646134,97646135,97646059,+,54,97646135,97646189
4131,2,97646137,97646138,97646071,+,51,97646138,97646189
4132,2,97646142,97646143,97646068,+,46,97646143,97646189
4133,2,97646144,97646145,97646062,+,44,97646145,97646189
4134,2,97646144,97646145,97646074,+,44,97646145,97646189
4135,2,97646144,97646145,97646078,+,44,97646145,97646189
4136,2,97713639,97713640,97713582,+,34,97713640,97713674
4137,2,97713644,97713645,97713576,+,29,97713645,97713674
4138,2,97713673,97713674,97713652,+,0,97713674,97713674
4139,2,98444929,98444930,98444858,+,155,98444930,98445085
4140,2,98663535,98663536,98663567,-,195,98663536,98663341
4141,2,99181036,99181037,99181058,-,206,99181037,99180831
4142,2,99181214,99181215,99181152,+,34,99181215,99181249
4143,2,99181248,99181249,99181186,+,0,99181249,99181249
4144,2,99336289,99336290,99336321,-,51,99336290,99336239
4145,2,99337461,99337462,99337389,+,127,99337462,99337589
4146,2,99337471,99337472,99337394,+,117,99337472,99337589
4147,2,101002314,101002315,101002259,+,0,101002315,101002315
4148,2,101002314,101002315,101002274,+,0,101002315,101002315
4149,2,101002314,101002315,101002299,+,0,101002315,101002315
4150,2,105038165,105038166,105038084,+,61,105038166,105038227
4151,2,108786803,108786804,108786782,+,111,108786804,108786915
4152,2,110212501,110212502,110212529,-,287,110212502,110212215
4153,2,110212513,110212514,110212545,-,-278,110212514,110212792
4154,2,110678041,110678042,110678063,-,72,110678042,110677970
4155,2,110678048,110678049,110678065,-,79,110678049,110677970
4156,2,112646013,112646014,112645939,+,115,112646014,112646129
4157,2,112646020,112646021,112645941,+,108,112646021,112646129
4158,2,112764579,112764580,112764609,-,18,112764580,112764562
4159,2,112764599,112764600,112764627,-,38,112764600,112764562
4160,2,113174035,113174036,113173971,+,18,113174036,113174054
4161,2,113890155,113890156,113890072,+,167,113890156,113890323
4162,2,113890170,113890171,113890089,+,152,113890171,113890323
4163,2,113890181,113890182,113890097,+,141,113890182,113890323
4164,2,117814774,117814775,117814689,+,87,117814775,117814862
4165,2,117814775,117814776,117814691,+,86,117814776,117814862
4166,2,117814788,117814789,117814704,+,73,117814789,117814862
4167,2,117814790,117814791,117814707,+,71,117814791,117814862
4168,2,117814792,117814793,117814708,+,69,117814793,117814862
4169,2,117814793,117814794,117814709,+,68,117814794,117814862
4170,2,117814796,117814797,117814712,+,65,117814797,117814862
4171,2,117814799,117814800,117814715,+,62,117814800,117814862
4172,2,117814802,117814803,117814718,+,59,117814803,117814862
4173,2,117814807,117814808,117814723,+,54,117814808,117814862
4174,2,117814808,117814809,117814724,+,53,117814809,117814862
4175,2,117814809,117814810,117814725,+,52,117814810,117814862
4176,2,117814810,117814811,117814726,+,51,117814811,117814862
4177,2,117814818,117814819,117814734,+,43,117814819,117814862
4178,2,119367031,119367032,119366947,+,28,119367032,119367060
4179,2,119367059,119367060,119366977,+,0,119367060,119367060
4180,2,119367059,119367060,119366980,+,0,119367060,119367060
4181,2,119367059,119367060,119366989,+,0,119367060,119367060
4182,2,119367059,119367060,119366991,+,0,119367060,119367060
4183,2,119367059,119367060,119366992,+,0,119367060,119367060
4184,2,121075361,121075362,121075393,-,-209686,121075362,121075362
4185,2,121736840,121736841,121736872,-,95,121736841,121736746
4186,2,121736843,121736844,121736875,-,98,121736844,121736746
4187,2,121736863,121736864,121736895,-,118,121736864,121736746
4188,2,121755735,121755736,121755660,+,109,121755736,121755845
4189,2,127294114,127294115,127294144,-,61,127294115,127294054
4190,2,127526460,127526461,127526482,-,-175,127526461,127526636
4191,2,127598284,127598285,127598200,+,21869,127598285,127598285
4192,2,127598300,127598301,127598216,+,21853,127598301,127598301
4193,2,127620052,127620053,127619984,+,101,127620053,127620154
4194,2,127620066,127620067,127619983,+,87,127620067,127620154
4195,2,127620079,127620080,127620012,+,74,127620080,127620154
4196,2,127620084,127620085,127620006,+,69,127620085,127620154
4197,2,127620090,127620091,127620005,+,63,127620091,127620154
4198,2,127620100,127620101,127620020,+,53,127620101,127620154
4199,2,127620106,127620107,127620022,+,47,127620107,127620154
4200,2,127620108,127620109,127620034,+,45,127620109,127620154
4201,2,127811141,127811142,127811171,-,130,127811142,127811012
4202,2,128091281,128091282,128091200,+,133,128091282,128091415
4203,2,128318836,128318837,128318868,-,800,128318837,128318037
4204,2,130181563,130181564,130181595,-,34,130181564,130181530
4205,2,130181564,130181565,130181596,-,35,130181565,130181530
4206,2,130182320,130182321,130182262,+,125,130182321,130182446
4207,2,130342117,130342118,130342143,-,-16,130342118,130342134
4208,2,130342934,130342935,130342897,+,0,130342935,130342935
4209,2,130372305,130372306,130372229,+,-2116,130372306,130370190
4210,2,131105361,131105362,131105305,+,36,131105362,131105398
4211,2,131105397,131105398,131105336,+,0,131105398,131105398
4212,2,131105397,131105398,131105346,+,0,131105398,131105398
4213,2,131492374,131492375,131492397,-,168,131492375,131492207
4214,2,135820365,135820366,135820298,+,-78355,135820366,135820366
4215,2,135820373,135820374,135820301,+,-78363,135820374,135820374
4216,2,135876379,135876380,135876411,-,121,135876380,135876259
4217,2,135876392,135876393,135876423,-,134,135876393,135876259
4218,2,135876394,135876395,135876424,-,136,135876395,135876259
4219,2,135876401,135876402,135876426,-,143,135876402,135876259
4220,2,135876404,135876405,135876433,-,146,135876405,135876259
4221,2,135876406,135876407,135876425,-,148,135876407,135876259
4222,2,135876409,135876410,135876441,-,151,135876410,135876259
4223,2,135876413,135876414,135876443,-,155,135876414,135876259
4224,2,136118131,136118132,136118149,-,84,136118132,136118048
4225,2,143129414,143129415,143129330,+,51,143129415,143129466
4226,2,143129430,143129431,143129346,+,35,143129431,143129466
4227,2,143129437,143129438,143129364,+,28,143129438,143129466
4228,2,143129464,143129465,143129388,+,1,143129465,143129466
4229,2,143129465,143129466,143129395,+,0,143129466,143129466
4230,2,143129465,143129466,143129401,+,0,143129466,143129466
4231,2,143129465,143129466,143129404,+,0,143129466,143129466
4232,2,143129465,143129466,143129407,+,0,143129466,143129466
4233,2,143129465,143129466,143129408,+,0,143129466,143129466
4234,2,143129465,143129466,143129409,+,0,143129466,143129466
4235,2,143129465,143129466,143129410,+,0,143129466,143129466
4236,2,143129465,143129466,143129413,+,0,143129466,143129466
4237,2,143129465,143129466,143129416,+,0,143129466,143129466
4238,2,143129465,143129466,143129419,+,0,143129466,143129466
4239,2,143129465,143129466,143129420,+,0,143129466,143129466
4240,2,143129465,143129466,143129423,+,0,143129466,143129466
4241,2,148020705,148020706,148020737,-,73,148020706,148020633
4242,2,148020729,148020730,148020761,-,97,148020730,148020633
4243,2,149587673,149587674,149587705,-,10,149587674,149587664
4244,2,149587674,149587675,149587706,-,11,149587675,149587664
4245,2,149587683,149587684,149587715,-,20,149587684,149587664
4246,2,149587688,149587689,149587720,-,25,149587689,149587664
4247,2,151289849,151289850,151289881,-,257,151289850,151289593
4248,2,151289855,151289856,151289887,-,263,151289856,151289593
4249,2,151289874,151289875,151289900,-,282,151289875,151289593
4250,2,151289876,151289877,151289894,-,284,151289877,151289593
4251,2,151289885,151289886,151289904,-,293,151289886,151289593
4252,2,151289889,151289890,151289911,-,297,151289890,151289593
4253,2,151289897,151289898,151289914,-,305,151289898,151289593
4254,2,152717377,152717378,152717409,-,22,152717378,152717356
4255,2,152717440,152717441,152717461,-,85,152717441,152717356
4256,2,161308531,161308532,161308447,+,72,161308532,161308604
4257,2,161308535,161308536,161308451,+,68,161308536,161308604
4258,2,161308544,161308545,161308460,+,59,161308545,161308604
4259,2,161308559,161308560,161308475,+,44,161308560,161308604
4260,2,161308570,161308571,161308486,+,33,161308571,161308604
4261,2,168890413,168890414,168890445,-,96,168890414,168890318
4262,2,169584879,169584880,169584802,+,19,169584880,169584899
4263,2,169798945,169798946,169798871,+,30,169798946,169798976
4264,2,169798954,169798955,169798880,+,21,169798955,169798976
4265,2,169798954,169798955,169798884,+,21,169798955,169798976
4266,2,169798957,169798958,169798879,+,18,169798958,169798976
4267,2,169798967,169798968,169798889,+,8,169798968,169798976
4268,2,169824839,169824840,169824871,-,-28,169824840,169824868
4269,2,171687826,171687827,171687755,+,46,171687827,171687873
4270,2,171687827,171687828,171687759,+,45,171687828,171687873
4271,2,171922506,171922507,171922422,+,0,171922507,171922507
4272,2,171922506,171922507,171922461,+,0,171922507,171922507
4273,2,171922506,171922507,171922484,+,0,171922507,171922507
4274,2,171922506,171922507,171922486,+,0,171922507,171922507
4275,2,174395649,174395650,174395680,-,99,174395650,174395551
4276,2,174395666,174395667,174395698,-,116,174395667,174395551
4277,2,174597772,174597773,174597804,-,172,174597773,174597601
4278,2,175181682,175181683,175181711,-,27,175181683,175181656
4279,2,175181687,175181688,175181710,-,32,175181688,175181656
4280,2,175181691,175181692,175181709,-,36,175181692,175181656
4281,2,175181696,175181697,175181714,-,41,175181697,175181656
4282,2,177212804,177212805,177212760,+,0,177212805,177212805
4283,2,177392833,177392834,177392773,+,215,177392834,177393049
4284,2,177392840,177392841,177392776,+,208,177392841,177393049
4285,2,180007063,180007064,180007095,-,-6,180007064,180007070
4286,2,180980852,180980853,180980795,+,120,180980853,180980973
4287,2,181123979,181123980,181123941,+,-141744,181123980,181123980
4288,2,181123979,181123980,181123953,+,-141744,181123980,181123980
4289,2,181456939,181456940,181456880,+,911,181456940,181457851
4290,2,181456944,181456945,181456892,+,906,181456945,181457851
4291,2,181457067,181457068,181456988,+,783,181457068,181457851
4292,2,181457096,181457097,181457012,+,754,181457097,181457851
4293,2,183124496,183124497,183124443,+,0,183124497,183124497
4294,2,186486344,186486345,186486260,+,112,186486345,186486457
4295,2,186486402,186486403,186486325,+,54,186486403,186486457
4296,2,189441551,189441552,189441474,+,26,189441552,189441578
4297,2,190880884,190880885,190880821,+,585,190880885,190881470
4298,2,191678220,191678221,191678136,+,20,191678221,191678241
4299,2,197434980,197434981,197435010,-,9,197434981,197434972
4300,2,197434986,197434987,197435016,-,15,197434987,197434972
4301,2,197434988,197434989,197435018,-,17,197434989,197434972
4302,2,197434990,197434991,197435022,-,19,197434991,197434972
4303,2,197435007,197435008,197435028,-,36,197435008,197434972
4304,2,197435012,197435013,197435044,-,41,197435013,197434972
4305,2,197435014,197435015,197435045,-,43,197435015,197434972
4306,2,197435014,197435015,197435046,-,43,197435015,197434972
4307,2,197435015,197435016,197435047,-,44,197435016,197434972
4308,2,197453633,197453634,197453552,+,30,197453634,197453664
4309,2,197499819,197499820,197499849,-,38,197499820,197499782
4310,2,197499825,197499826,197499847,-,44,197499826,197499782
4311,2,197499836,197499837,197499866,-,55,197499837,197499782
4312,2,197500416,197500417,197500351,+,22,197500417,197500439
4313,2,197500419,197500420,197500345,+,19,197500420,197500439
4314,2,197500419,197500420,197500350,+,19,197500420,197500439
4315,2,197500422,197500423,197500349,+,16,197500423,197500439
4316,2,197500424,197500425,197500347,+,14,197500425,197500439
4317,2,197500437,197500438,197500382,+,1,197500438,197500439
4318,2,197500438,197500439,197500379,+,0,197500439,197500439
4319,2,197500438,197500439,197500381,+,0,197500439,197500439
4320,2,197500438,197500439,197500404,+,0,197500439,197500439
4321,2,197500438,197500439,197500409,+,0,197500439,197500439
4322,2,197705445,197705446,197705369,+,2949,197705446,197708395
4323,2,199955862,199955863,199955785,+,385,199955863,199956248
4324,2,199955867,199955868,199955783,+,380,199955868,199956248
4325,2,199955877,199955878,199955793,+,370,199955878,199956248
4326,2,200811945,200811946,200811910,+,0,200811946,200811946
4327,2,200811945,200811946,200811922,+,0,200811946,200811946
4328,2,200811989,200811990,200811923,+,0,200811990,200811990
4329,2,200811989,200811990,200811924,+,0,200811990,200811990
4330,2,200864615,200864616,200864657,-,52,200864616,200864564
4331,2,200864626,200864627,200864658,-,63,200864627,200864564
4332,2,200864632,200864633,200864664,-,69,200864633,200864564
4333,2,200864668,200864669,200864700,-,105,200864669,200864564
4334,2,200889499,200889500,200889420,+,-109,200889500,200889391
4335,2,200889499,200889500,200889424,+,-109,200889500,200889391
4336,2,200889500,200889501,200889426,+,-110,200889501,200889391
4337,2,201071886,201071887,201071802,+,172,201071887,201072059
4338,2,201071915,201071916,201071831,+,143,201071916,201072059
4339,2,201072002,201072003,201072003,+,56,201072003,201072059
4340,2,201072058,201072059,201071992,+,0,201072059,201072059
4341,2,201072058,201072059,201072002,+,0,201072059,201072059
4342,2,201072058,201072059,201072008,+,0,201072059,201072059
4343,2,201072058,201072059,201072018,+,0,201072059,201072059
4344,2,201072058,201072059,201072019,+,0,201072059,201072059
4345,2,201072058,201072059,201072022,+,0,201072059,201072059
4346,2,201072058,201072059,201072024,+,0,201072059,201072059
4347,2,201072058,201072059,201072025,+,0,201072059,201072059
4348,2,201072058,201072059,201072030,+,0,201072059,201072059
4349,2,201072058,201072059,201072031,+,0,201072059,201072059
4350,2,201072058,201072059,201072047,+,0,201072059,201072059
4351,2,201183208,201183209,201183141,+,99,201183209,201183308
4352,2,201260612,201260613,201260533,+,0,201260613,201260613
4353,2,201260612,201260613,201260536,+,0,201260613,201260613
4354,2,201260612,201260613,201260559,+,0,201260613,201260613
4355,2,201260612,201260613,201260563,+,0,201260613,201260613
4356,2,202238565,202238566,202238586,-,126,202238566,202238440
4357,2,202238565,202238566,202238594,-,126,202238566,202238440
4358,2,202238565,202238566,202238597,-,126,202238566,202238440
4359,2,202265808,202265809,202265727,+,177,202265809,202265986
4360,2,202265820,202265821,202265736,+,165,202265821,202265986
4361,2,202265828,202265829,202265744,+,157,202265829,202265986
4362,2,202265845,202265846,202265765,+,140,202265846,202265986
4363,2,202265845,202265846,202265774,+,140,202265846,202265986
4364,2,202265847,202265848,202265771,+,138,202265848,202265986
4365,2,203706616,203706617,203706587,+,0,203706617,203706617
4366,2,206159388,206159389,206159420,-,48,206159389,206159341
4367,2,206159392,206159393,206159423,-,52,206159393,206159341
4368,2,206159407,206159408,206159425,-,67,206159408,206159341
4369,2,206160000,206160001,206159925,+,58,206160001,206160059
4370,2,206160008,206160009,206159927,+,50,206160009,206160059
4371,2,206765653,206765654,206765606,+,0,206765654,206765654
4372,2,206765653,206765654,206765615,+,0,206765654,206765654
4373,2,208255039,208255040,208255071,-,101,208255040,208254939
4374,2,210002712,210002713,210002628,+,59,210002713,210002772
4375,2,210002719,210002720,210002638,+,52,210002720,210002772
4376,2,210002720,210002721,210002643,+,51,210002721,210002772
4377,2,210476736,210476737,210476759,-,15,210476737,210476722
4378,2,215312141,215312142,215312062,+,19,215312142,215312161
4379,2,216109456,216109457,216109402,+,0,216109457,216109457
4380,2,216109456,216109457,216109404,+,0,216109457,216109457
4381,2,216109456,216109457,216109405,+,0,216109457,216109457
4382,2,216109456,216109457,216109411,+,0,216109457,216109457
4383,2,216109456,216109457,216109415,+,0,216109457,216109457
4384,2,216109456,216109457,216109424,+,0,216109457,216109457
4385,2,216498876,216498877,216498842,+,0,216498877,216498877
4386,2,216498876,216498877,216498844,+,0,216498877,216498877
4387,2,216498876,216498877,216498845,+,0,216498877,216498877
4388,2,216498876,216498877,216498852,+,0,216498877,216498877
4389,2,216498876,216498877,216498856,+,0,216498877,216498877
4390,2,218217247,218217248,218217192,+,6,218217248,218217254
4391,2,218217248,218217249,218217189,+,5,218217249,218217254
4392,2,218217252,218217253,218217195,+,1,218217253,218217254
4393,2,218217253,218217254,218217203,+,0,218217254,218217254
4394,2,218270082,218270083,218270114,-,117,218270083,218269966
4395,2,218270105,218270106,218270137,-,140,218270106,218269966
4396,2,218270590,218270591,218270523,+,11,218270591,218270602
4397,2,218270590,218270591,218270525,+,11,218270591,218270602
4398,2,218671958,218671959,218671979,-,29,218671959,218671930
4399,2,218671967,218671968,218672002,-,38,218671968,218671930
4400,2,222656055,222656056,222656087,-,40,222656056,222656016
4401,2,222656059,222656060,222656090,-,44,222656060,222656016
4402,2,222656062,222656063,222656092,-,47,222656063,222656016
4403,2,223957539,223957540,223957455,+,111,223957540,223957651
4404,2,223957542,223957543,223957458,+,108,223957543,223957651
4405,2,230219953,230219954,230219989,-,80,230219954,230219874
4406,2,230327259,230327260,230327193,+,41,230327260,230327301
4407,2,231464463,231464464,231464484,-,128,231464464,231464336
4408,2,231464464,231464465,231464496,-,129,231464465,231464336
4409,2,231464465,231464466,231464497,-,130,231464466,231464336
4410,2,231708614,231708615,231708530,+,136,231708615,231708751
4411,2,231708626,231708627,231708556,+,124,231708627,231708751
4412,2,231708629,231708630,231708550,+,121,231708630,231708751
4413,2,231786494,231786495,231786434,+,43,231786495,231786538
4414,2,232550743,232550744,232550689,+,0,232550744,232550744
4415,2,232550743,232550744,232550701,+,0,232550744,232550744
4416,2,232697391,232697392,232697331,+,0,232697392,232697392
4417,2,233854516,233854517,233854535,-,133,233854517,233854384
4418,2,234497057,234497058,234497081,-,1046,234497058,234496012
4419,2,237085956,237085957,237085889,+,85,237085957,237086042
4420,2,237085981,237085982,237085914,+,60,237085982,237086042
4421,2,241102255,241102256,241102287,-,3,241102256,241102253
4422,2,241315640,241315641,241315672,-,71,241315641,241315570
4423,2,241637723,241637724,241637693,+,0,241637724,241637724
4424,2,241686755,241686756,241686787,-,102,241686756,241686654
4425,20,408354,408355,408299,+,424,408355,408779
4426,20,543727,543728,543759,-,56,543728,543672
4427,20,1118701,1118702,1118637,+,200,1118702,1118902
4428,20,1393024,1393025,1393054,-,63,1393025,1392962
4429,20,1393026,1393027,1393059,-,65,1393027,1392962
4430,20,1393055,1393056,1393079,-,94,1393056,1392962
4431,20,1393055,1393056,1393086,-,94,1393056,1392962
4432,20,1657747,1657748,1657779,-,106,1657748,1657642
4433,20,2470739,2470740,2470769,-,52,2470740,2470688
4434,20,2470756,2470757,2470787,-,69,2470757,2470688
4435,20,2470761,2470762,2470789,-,74,2470762,2470688
4436,20,2470767,2470768,2470799,-,80,2470768,2470688
4437,20,2470772,2470773,2470804,-,85,2470773,2470688
4438,20,2652662,2652663,2652630,+,0,2652663,2652663
4439,20,2652662,2652663,2652632,+,0,2652663,2652663
4440,20,2664163,2664164,2664195,-,11,2664164,2664153
4441,20,2664174,2664175,2664204,-,22,2664175,2664153
4442,20,2664180,2664181,2664205,-,28,2664181,2664153
4443,20,2664184,2664185,2664216,-,32,2664185,2664153
4444,20,3204648,3204649,3204680,-,112,3204649,3204537
4445,20,3786714,3786715,3786745,-,2864,3786715,3783851
4446,20,3796394,3796395,3796310,+,336,3796395,3796731
4447,20,5119896,5119897,5119927,-,319,5119897,5119578
4448,20,5119898,5119899,5119930,-,321,5119899,5119578
4449,20,5119920,5119921,5119957,-,343,5119921,5119578
4450,20,5119928,5119929,5119960,-,351,5119929,5119578
4451,20,5119931,5119932,5119955,-,354,5119932,5119578
4452,20,5119941,5119942,5119958,-,364,5119942,5119578
4453,20,5119942,5119943,5119961,-,365,5119943,5119578
4454,20,6006173,6006174,6006093,+,378,6006174,6006552
4455,20,6006181,6006182,6006104,+,370,6006182,6006552
4456,20,6006198,6006199,6006120,+,353,6006199,6006552
4457,20,6006207,6006208,6006123,+,344,6006208,6006552
4458,20,10434173,10434174,10434205,-,66,10434174,10434108
4459,20,13785102,13785103,13785034,+,187,13785103,13785290
4460,20,13785116,13785117,13785049,+,173,13785117,13785290
4461,20,16730063,16730064,16729998,+,0,16730064,16730064
4462,20,16730063,16730064,16730029,+,0,16730064,16730064
4463,20,16730063,16730064,16730035,+,0,16730064,16730064
4464,20,16730063,16730064,16730036,+,0,16730064,16730064
4465,20,16730063,16730064,16730047,+,0,16730064,16730064
4466,20,17570187,17570188,17570104,+,23,17570188,17570211
4467,20,17968764,17968765,17968796,-,65,17968765,17968700
4468,20,17969140,17969141,17969100,+,0,17969141,17969141
4469,20,18011858,18011859,18011795,+,-42718,18011859,18011859
4470,20,18507971,18507972,18507940,+,0,18507972,18507972
4471,20,18567535,18567536,18567451,+,60,18567536,18567596
4472,20,18567558,18567559,18567486,+,37,18567559,18567596
4473,20,24992718,24992719,24992750,-,125,24992719,24992594
4474,20,25058107,25058108,25058139,-,339,25058108,25057769
4475,20,25407827,25407828,25407759,+,67,25407828,25407895
4476,20,31514526,31514527,31514442,+,207,31514527,31514734
4477,20,31605373,31605374,31605289,+,439,31605374,31605813
4478,20,31739343,31739344,31739273,+,277,31739344,31739621
4479,20,31739345,31739346,31739267,+,275,31739346,31739621
4480,20,31739348,31739349,31739269,+,272,31739349,31739621
4481,20,31739350,31739351,31739281,+,270,31739351,31739621
4482,20,31739353,31739354,31739287,+,267,31739354,31739621
4483,20,31739357,31739358,31739284,+,263,31739358,31739621
4484,20,31739362,31739363,31739290,+,258,31739363,31739621
4485,20,32109754,32109755,32109717,+,0,32109755,32109755
4486,20,32109754,32109755,32109725,+,0,32109755,32109755
4487,20,32109754,32109755,32109728,+,0,32109755,32109755
4488,20,32109754,32109755,32109730,+,0,32109755,32109755
4489,20,32109754,32109755,32109732,+,0,32109755,32109755
4490,20,32820023,32820024,32819954,+,4,32820024,32820028
4491,20,33993962,33993963,33993911,+,168,33993963,33994131
4492,20,33993971,33993972,33993914,+,159,33993972,33994131
4493,20,34112210,34112211,34112243,-,115,34112211,34112096
4494,20,34363348,34363349,34363273,+,0,34363349,34363349
4495,20,34516460,34516461,34516400,+,0,34516461,34516461
4496,20,34516460,34516461,34516402,+,0,34516461,34516461
4497,20,34516460,34516461,34516410,+,0,34516461,34516461
4498,20,34516460,34516461,34516419,+,0,34516461,34516461
4499,20,34516460,34516461,34516422,+,0,34516461,34516461
4500,20,34677061,34677062,34677092,-,106,34677062,34676956
4501,20,35092775,35092776,35092807,-,162,35092776,35092614
4502,20,35284730,35284731,35284762,-,5,35284731,35284726
4503,20,35284739,35284740,35284771,-,14,35284740,35284726
4504,20,35284740,35284741,35284772,-,15,35284741,35284726
4505,20,35284741,35284742,35284773,-,16,35284742,35284726
4506,20,35284744,35284745,35284776,-,19,35284745,35284726
4507,20,35284755,35284756,35284787,-,-9,35284756,35284765
4508,20,35284767,35284768,35284788,-,3,35284768,35284765
4509,20,35381774,35381775,35381807,-,-12317,35381775,35394092
4510,20,35411944,35411945,35411976,-,5,35411945,35411940
4511,20,35411949,35411950,35411981,-,10,35411950,35411940
4512,20,35411950,35411951,35411973,-,11,35411951,35411940
4513,20,35411955,35411956,35411987,-,16,35411956,35411940
4514,20,35411961,35411962,35411994,-,22,35411962,35411940
4515,20,35490950,35490951,35490982,-,36311,35490951,35490951
4516,20,35664866,35664867,35664895,-,-12,35664867,35664879
4517,20,35664869,35664870,35664900,-,-9,35664870,35664879
4518,20,35664875,35664876,35664907,-,-3,35664876,35664879
4519,20,35664880,35664881,35664904,-,2,35664881,35664879
4520,20,35699321,35699322,35699352,-,12,35699322,35699310
4521,20,35699450,35699451,35699405,+,0,35699451,35699451
4522,20,35699450,35699451,35699423,+,0,35699451,35699451
4523,20,35742186,35742187,35742218,-,246,35742187,35741941
4524,20,35742202,35742203,35742221,-,262,35742203,35741941
4525,20,35742221,35742222,35742238,-,281,35742222,35741941
4526,20,35742226,35742227,35742258,-,286,35742227,35741941
4527,20,35742231,35742232,35742262,-,291,35742232,35741941
4528,20,35742234,35742235,35742266,-,294,35742235,35741941
4529,20,35742243,35742244,35742260,-,303,35742244,35741941
4530,20,35742244,35742245,35742268,-,304,35742245,35741941
4531,20,35954278,35954279,35954310,-,-169,35954279,35954448
4532,20,36050921,36050922,36050960,-,91509,36050922,36050922
4533,20,36605840,36605841,36605779,+,224,36605841,36606065
4534,20,38435301,38435302,38435328,-,174804,38435302,38435302
4535,20,41028887,41028888,41028823,+,212,41028888,41029100
4536,20,43451226,43451227,43451260,-,261581,43451227,43451227
4537,20,43457947,43457948,43457897,+,192,43457948,43458140
4538,20,43457980,43457981,43457896,+,159,43457981,43458140
4539,20,43667144,43667145,43667085,+,158,43667145,43667303
4540,20,43667153,43667154,43667081,+,149,43667154,43667303
4541,20,43667175,43667176,43667114,+,127,43667176,43667303
4542,20,44522028,44522029,44522060,-,116,44522029,44521913
4543,20,44522031,44522032,44522049,-,119,44522032,44521913
4544,20,44966597,44966598,44966536,+,5,44966598,44966603
4545,20,45812678,45812679,45812609,+,117,45812679,45812796
4546,20,45812716,45812717,45812644,+,79,45812717,45812796
4547,20,45812716,45812717,45812646,+,79,45812717,45812796
4548,20,45812717,45812718,45812638,+,78,45812718,45812796
4549,20,45857370,45857371,45857402,-,183,45857371,45857188
4550,20,45857373,45857374,45857405,-,186,45857374,45857188
4551,20,45857693,45857694,45857617,+,286,45857694,45857980
4552,20,46089912,46089913,46089944,-,96,46089913,46089817
4553,20,47356696,47356697,47356728,-,40,47356697,47356657
4554,20,49046380,49046381,49046321,+,42,49046381,49046423
4555,20,49046389,49046390,49046320,+,33,49046390,49046423
4556,20,49936450,49936451,49936397,+,101,49936451,49936552
4557,20,49936455,49936456,49936399,+,96,49936456,49936552
4558,20,50510446,50510447,50510380,+,143,50510447,50510590
4559,20,50510448,50510449,50510383,+,141,50510449,50510590
4560,20,50958500,50958501,50958532,-,138,50958501,50958363
4561,20,54208123,54208124,54208087,+,0,54208124,54208124
4562,20,54208123,54208124,54208092,+,0,54208124,54208124
4563,20,54208123,54208124,54208098,+,0,54208124,54208124
4564,20,56392183,56392184,56392215,-,16,56392184,56392168
4565,20,58891493,58891494,58891421,+,371,58891494,58891865
4566,20,59032270,59032271,59032302,-,51,59032271,59032220
4567,20,59032273,59032274,59032304,-,54,59032274,59032220
4568,20,59032273,59032274,59032305,-,54,59032274,59032220
4569,20,59042763,59042764,59042795,-,65,59042764,59042699
4570,20,60056006,60056007,60055925,+,-59419,60056007,60056007
4571,20,62143325,62143326,62143357,-,118,62143326,62143208
4572,20,62143349,62143350,62143381,-,142,62143350,62143208
4573,20,62143362,62143363,62143394,-,155,62143363,62143208
4574,20,62143395,62143396,62143424,-,188,62143396,62143208
4575,20,62387135,62387136,62387091,+,0,62387136,62387136
4576,20,62387135,62387136,62387092,+,0,62387136,62387136
4577,20,62387135,62387136,62387095,+,0,62387136,62387136
4578,20,62387135,62387136,62387104,+,0,62387136,62387136
4579,20,62387135,62387136,62387105,+,0,62387136,62387136
4580,20,63272881,63272882,63272813,+,38,63272882,63272920
4581,20,63736706,63736707,63736622,+,5,63736707,63736712
4582,20,63736711,63736712,63736680,+,0,63736712,63736712
4583,20,63865343,63865344,63865270,+,40,63865344,63865384
4584,20,63981208,63981209,63981132,+,107,63981209,63981316
4585,20,63981225,63981226,63981141,+,90,63981226,63981316
4586,21,14383103,14383104,14383135,-,9,14383104,14383095
4587,21,14383124,14383125,14383143,-,30,14383125,14383095
4588,21,14383125,14383126,14383146,-,31,14383126,14383095
4589,21,14546285,14546286,14546315,-,81,14546286,14546205
4590,21,14546325,14546326,14546357,-,121,14546326,14546205
4591,21,25607451,25607452,25607481,-,49,25607452,25607403
4592,21,25734861,25734862,25734893,-,9,25734862,25734853
4593,21,25734863,25734864,25734895,-,11,25734864,25734853
4594,21,25734873,25734874,25734904,-,21,25734874,25734853
4595,21,25734876,25734877,25734908,-,24,25734877,25734853
4596,21,25734889,25734890,25734906,-,37,25734890,25734853
4597,21,29073580,29073581,29073612,-,50,29073581,29073531
4598,21,29073581,29073582,29073613,-,51,29073582,29073531
4599,21,29073584,29073585,29073615,-,54,29073585,29073531
4600,21,29073607,29073608,29073644,-,77,29073608,29073531
4601,21,29073631,29073632,29073663,-,101,29073632,29073531
4602,21,29073633,29073634,29073665,-,103,29073634,29073531
4603,21,31659733,31659734,31659661,+,50,31659734,31659784
4604,21,31659737,31659738,31659663,+,46,31659738,31659784
4605,21,31659767,31659768,31659688,+,16,31659768,31659784
4606,21,31659768,31659769,31659690,+,15,31659769,31659784
4607,21,31659773,31659774,31659689,+,10,31659774,31659784
4608,21,32278987,32278988,32279019,-,307,32278988,32278681
4609,21,32278989,32278990,32279021,-,309,32278990,32278681
4610,21,32278998,32278999,32279030,-,318,32278999,32278681
4611,21,32279002,32279003,32279026,-,322,32279003,32278681
4612,21,32392938,32392939,32392970,-,170,32392939,32392769
4613,21,32612340,32612341,32612372,-,236,32612341,32612105
4614,21,32612556,32612557,32612586,-,452,32612557,32612105
4615,21,33542062,33542063,33542094,-,-2,33542063,33542065
4616,21,33542064,33542065,33542083,-,0,33542065,33542065
4617,21,33543141,33543142,33543073,+,27,33543142,33543169
4618,21,33543148,33543149,33543069,+,20,33543149,33543169
4619,21,33915736,33915737,33915768,-,9,33915737,33915728
4620,21,33931690,33931691,33931614,+,-56170,33931691,33931691
4621,21,34073657,34073658,34073578,+,87,34073658,34073745
4622,21,34888661,34888662,34888693,-,-1015,34888662,34889677
4623,21,35049245,35049246,35049277,-,78,35049246,35049168
4624,21,38805999,38806000,38805930,+,120,38806000,38806120
4625,21,38805999,38806000,38805933,+,120,38806000,38806120
4626,21,38806002,38806003,38805929,+,117,38806003,38806120
4627,21,39349006,39349007,39349036,-,104,39349007,39348903
4628,21,39349022,39349023,39349054,-,120,39349023,39348903
4629,21,39349030,39349031,39349063,-,128,39349031,39348903
4630,21,42010323,42010324,42010354,-,72,42010324,42010252
4631,21,42879496,42879497,42879526,-,90,42879497,42879407
4632,21,43776318,43776319,43776345,-,115,43776319,43776204
4633,21,43789657,43789658,43789577,+,104,43789658,43789762
4634,21,44801771,44801772,44801802,-,66,44801772,44801706
4635,21,44818029,44818030,44818060,-,82,44818030,44817948
4636,21,44818030,44818031,44818062,-,83,44818031,44817948
4637,21,44873649,44873650,44873680,-,148,44873650,44873502
4638,21,44873649,44873650,44873681,-,148,44873650,44873502
4639,21,44873658,44873659,44873690,-,157,44873659,44873502
4640,21,46228730,46228731,46228762,-,-1,46228731,46228732
4641,21,46228740,46228741,46228764,-,9,46228741,46228732
4642,21,46228748,46228749,46228774,-,17,46228749,46228732
4643,22,17219403,17219404,17219435,-,48,17219404,17219356
4644,22,17628717,17628718,17628749,-,115,17628718,17628603
4645,22,17777395,17777396,17777322,+,-138510,17777396,17777396
4646,22,19122380,19122381,19122412,-,253,19122381,19122128
4647,22,19479095,19479096,19479127,-,13,19479096,19479083
4648,22,21567770,21567771,21567736,+,0,21567771,21567771
4649,22,21867613,21867614,21867645,-,292,21867614,21867322
4650,22,23696493,23696494,23696452,+,194,23696494,23696688
4651,22,23787055,23787056,23787001,+,206,23787056,23787262
4652,22,23894428,23894429,23894368,+,153,23894429,23894582
4653,22,23894439,23894440,23894371,+,142,23894440,23894582
4654,22,23894446,23894447,23894366,+,135,23894447,23894582
4655,22,23894448,23894449,23894380,+,133,23894449,23894582
4656,22,23894455,23894456,23894375,+,126,23894456,23894582
4657,22,23894459,23894460,23894389,+,122,23894460,23894582
4658,22,23894460,23894461,23894384,+,121,23894461,23894582
4659,22,23894460,23894461,23894386,+,121,23894461,23894582
4660,22,23894465,23894466,23894381,+,116,23894466,23894582
4661,22,23894467,23894468,23894383,+,114,23894468,23894582
4662,22,23894477,23894478,23894393,+,104,23894478,23894582
4663,22,23894478,23894479,23894394,+,103,23894479,23894582
4664,22,23894479,23894480,23894395,+,102,23894480,23894582
4665,22,23894480,23894481,23894396,+,101,23894481,23894582
4666,22,23894481,23894482,23894397,+,100,23894482,23894582
4667,22,23894485,23894486,23894401,+,96,23894486,23894582
4668,22,23894488,23894489,23894405,+,93,23894489,23894582
4669,22,23894491,23894492,23894407,+,90,23894492,23894582
4670,22,23894493,23894494,23894409,+,88,23894494,23894582
4671,22,23894508,23894509,23894424,+,73,23894509,23894582
4672,22,23894513,23894514,23894429,+,68,23894514,23894582
4673,22,23894519,23894520,23894435,+,62,23894520,23894582
4674,22,23894550,23894551,23894472,+,31,23894551,23894582
4675,22,24556045,24556046,24555970,+,25,24556046,24556071
4676,22,24556046,24556047,24555973,+,24,24556047,24556071
4677,22,24556046,24556047,24555987,+,24,24556047,24556071
4678,22,24556059,24556060,24555975,+,11,24556060,24556071
4679,22,24556070,24556071,24555999,+,0,24556071,24556071
4680,22,26479517,26479518,26479549,-,253,26479518,26479265
4681,22,26512444,26512445,26512476,-,51,26512445,26512394
4682,22,28443629,28443630,28443659,-,137134,28443630,28443630
4683,22,28800505,28800506,28800535,-,208,28800506,28800298
4684,22,28800518,28800519,28800537,-,221,28800519,28800298
4685,22,29268348,29268349,29268326,+,0,29268349,29268349
4686,22,29268348,29268349,29268327,+,0,29268349,29268349
4687,22,29268348,29268349,29268330,+,0,29268349,29268349
4688,22,29268348,29268349,29268331,+,0,29268349,29268349
4689,22,29268348,29268349,29268332,+,0,29268349,29268349
4690,22,29268348,29268349,29268335,+,0,29268349,29268349
4691,22,29553670,29553671,29553689,-,0,29553671,29553671
4692,22,29553677,29553678,29553709,-,7,29553678,29553671
4693,22,29767453,29767454,29767369,+,94,29767454,29767548
4694,22,29767455,29767456,29767371,+,92,29767456,29767548
4695,22,29767456,29767457,29767372,+,91,29767457,29767548
4696,22,29767458,29767459,29767374,+,89,29767459,29767548
4697,22,29767461,29767462,29767377,+,86,29767462,29767548
4698,22,29767463,29767464,29767379,+,84,29767464,29767548
4699,22,29767464,29767465,29767380,+,83,29767465,29767548
4700,22,29767465,29767466,29767381,+,82,29767466,29767548
4701,22,29767468,29767469,29767384,+,79,29767469,29767548
4702,22,29767469,29767470,29767385,+,78,29767470,29767548
4703,22,29767469,29767470,29767386,+,78,29767470,29767548
4704,22,29767473,29767474,29767389,+,74,29767474,29767548
4705,22,29767475,29767476,29767391,+,72,29767476,29767548
4706,22,29767476,29767477,29767392,+,71,29767477,29767548
4707,22,30356860,30356861,30356891,-,131,30356861,30356730
4708,22,31160302,31160303,31160227,+,0,31160303,31160303
4709,22,31399685,31399686,31399604,+,39,31399686,31399725
4710,22,31399706,31399707,31399626,+,18,31399707,31399725
4711,22,31662183,31662184,31662215,-,40,31662184,31662144
4712,22,31944581,31944582,31944535,+,238,31944582,31944820
4713,22,32412139,32412140,32412171,-,76,32412140,32412064
4714,22,32412215,32412216,32412247,-,152,32412216,32412064
4715,22,32412216,32412217,32412248,-,153,32412217,32412064
4716,22,35400166,35400167,35400133,+,41,35400167,35400208
4717,22,35400207,35400208,35400142,+,0,35400208,35400208
4718,22,35400207,35400208,35400144,+,0,35400208,35400208
4719,22,35400207,35400208,35400154,+,0,35400208,35400208
4720,22,35400207,35400208,35400162,+,0,35400208,35400208
4721,22,35400207,35400208,35400188,+,0,35400208,35400208
4722,22,35648523,35648524,35648446,+,99,35648524,35648623
4723,22,36239497,36239498,36239527,-,57,36239498,36239441
4724,22,36239538,36239539,36239570,-,98,36239539,36239441
4725,22,36387933,36387934,36387965,-,127,36387934,36387807
4726,22,36387935,36387936,36387967,-,129,36387936,36387807
4727,22,36529141,36529142,36529173,-,66,36529142,36529076
4728,22,36776045,36776046,36776077,-,15,36776046,36776031
4729,22,36776085,36776086,36776117,-,55,36776086,36776031
4730,22,37244256,37244257,37244291,-,-33,37244257,37244290
4731,22,37486357,37486358,37486381,-,435,37486358,37485923
4732,22,37844302,37844303,37844334,-,392,37844303,37843911
4733,22,37849481,37849482,37849441,+,0,37849482,37849482
4734,22,37849481,37849482,37849446,+,0,37849482,37849482
4735,22,37953746,37953747,37953666,+,60,37953747,37953807
4736,22,37953752,37953753,37953678,+,54,37953753,37953807
4737,22,37953766,37953767,37953695,+,40,37953767,37953807
4738,22,37953773,37953774,37953699,+,33,37953774,37953807
4739,22,37953781,37953782,37953697,+,25,37953782,37953807
4740,22,38506279,38506280,38506308,-,329,38506280,38505951
4741,22,38682034,38682035,38681957,+,60,38682035,38682095
4742,22,38682050,38682051,38681975,+,44,38682051,38682095
4743,22,38682054,38682055,38681973,+,40,38682055,38682095
4744,22,38706017,38706018,38705949,+,129,38706018,38706147
4745,22,38706019,38706020,38705944,+,127,38706020,38706147
4746,22,38872184,38872185,38872216,-,63,38872185,38872122
4747,22,39520630,39520631,39520564,+,21,39520631,39520652
4748,22,39520633,39520634,39520559,+,18,39520634,39520652
4749,22,39520641,39520642,39520563,+,10,39520642,39520652
4750,22,39901244,39901245,39901160,+,85,39901245,39901330
4751,22,39901246,39901247,39901162,+,83,39901247,39901330
4752,22,39901264,39901265,39901180,+,65,39901265,39901330
4753,22,39901265,39901266,39901181,+,64,39901266,39901330
4754,22,39901266,39901267,39901186,+,63,39901267,39901330
4755,22,39901267,39901268,39901183,+,62,39901268,39901330
4756,22,39901269,39901270,39901185,+,60,39901270,39901330
4757,22,39901272,39901273,39901188,+,57,39901273,39901330
4758,22,39901286,39901287,39901202,+,43,39901287,39901330
4759,22,39926682,39926683,39926598,+,170,39926683,39926853
4760,22,39926684,39926685,39926600,+,168,39926685,39926853
4761,22,39926687,39926688,39926603,+,165,39926688,39926853
4762,22,39926688,39926689,39926604,+,164,39926689,39926853
4763,22,39926690,39926691,39926606,+,162,39926691,39926853
4764,22,39926707,39926708,39926637,+,145,39926708,39926853
4765,22,39926708,39926709,39926626,+,144,39926709,39926853
4766,22,39926708,39926709,39926631,+,144,39926709,39926853
4767,22,39926709,39926710,39926628,+,143,39926710,39926853
4768,22,40346584,40346585,40346500,+,71,40346585,40346656
4769,22,40346605,40346606,40346529,+,50,40346606,40346656
4770,22,40856621,40856622,40856651,-,191,40856622,40856431
4771,22,40856628,40856629,40856658,-,198,40856629,40856431
4772,22,40856629,40856630,40856659,-,199,40856630,40856431
4773,22,40951441,40951442,40951371,+,34,40951442,40951476
4774,22,40951443,40951444,40951374,+,32,40951444,40951476
4775,22,40951446,40951447,40951379,+,29,40951447,40951476
4776,22,40951451,40951452,40951388,+,24,40951452,40951476
4777,22,40951455,40951456,40951381,+,20,40951456,40951476
4778,22,40951462,40951463,40951378,+,13,40951463,40951476
4779,22,40951470,40951471,40951386,+,5,40951471,40951476
4780,22,41446765,41446766,41446797,-,387,41446766,41446379
4781,22,41468650,41468651,41468682,-,49,41468651,41468602
4782,22,41468651,41468652,41468683,-,50,41468652,41468602
4783,22,41468653,41468654,41468685,-,52,41468654,41468602
4784,22,41468660,41468661,41468692,-,59,41468661,41468602
4785,22,41469181,41469182,41469117,+,0,41469182,41469182
4786,22,41469181,41469182,41469120,+,0,41469182,41469182
4787,22,41469181,41469182,41469128,+,0,41469182,41469182
4788,22,41469181,41469182,41469142,+,0,41469182,41469182
4789,22,41621344,41621345,41621268,+,0,41621345,41621345
4790,22,41621344,41621345,41621278,+,0,41621345,41621345
4791,22,41621344,41621345,41621282,+,0,41621345,41621345
4792,22,41621344,41621345,41621293,+,0,41621345,41621345
4793,22,41621344,41621345,41621295,+,0,41621345,41621345
4794,22,41621344,41621345,41621299,+,0,41621345,41621345
4795,22,41621344,41621345,41621301,+,0,41621345,41621345
4796,22,41621344,41621345,41621302,+,0,41621345,41621345
4797,22,41621344,41621345,41621303,+,0,41621345,41621345
4798,22,41621344,41621345,41621306,+,0,41621345,41621345
4799,22,41621344,41621345,41621320,+,0,41621345,41621345
4800,22,41621344,41621345,41621342,+,0,41621345,41621345
4801,22,41688793,41688794,41688825,-,0,41688794,41688794
4802,22,41688815,41688816,41688847,-,22,41688816,41688794
4803,22,41688834,41688835,41688866,-,41,41688835,41688794
4804,22,41688852,41688853,41688878,-,59,41688853,41688794
4805,22,41689046,41689047,41688972,+,10665,41689047,41699712
4806,22,41833204,41833205,41833137,+,153,41833205,41833358
4807,22,41947090,41947091,41947121,-,71,41947091,41947020
4808,22,41947106,41947107,41947124,-,87,41947107,41947020
4809,22,41947117,41947118,41947134,-,98,41947118,41947020
4810,22,42090727,42090728,42090759,-,122,42090728,42090606
4811,22,42090730,42090731,42090762,-,125,42090731,42090606
4812,22,42090731,42090732,42090761,-,126,42090732,42090606
4813,22,42090733,42090734,42090764,-,128,42090734,42090606
4814,22,42090734,42090735,42090763,-,129,42090735,42090606
4815,22,42090736,42090737,42090758,-,131,42090737,42090606
4816,22,42090737,42090738,42090769,-,132,42090738,42090606
4817,22,42090740,42090741,42090772,-,135,42090741,42090606
4818,22,42519765,42519766,42519794,-,52,42519766,42519714
4819,22,42614853,42614854,42614883,-,55,42614854,42614799
4820,22,42615328,42615329,42615244,+,-61287,42615329,42615329
4821,22,43110802,43110803,43110750,+,0,43110803,43110803
4822,22,43955513,43955514,43955442,+,84,43955514,43955598
4823,22,50508291,50508292,50508226,+,153,50508292,50508445
4824,22,50508293,50508294,50508224,+,151,50508294,50508445
4825,22,50508318,50508319,50508247,+,126,50508319,50508445
4826,3,2089179,2089180,2089211,-,-1020765,2089180,2089180
4827,3,3179663,3179664,3179695,-,43,3179664,3179621
4828,3,3179668,3179669,3179691,-,48,3179669,3179621
4829,3,4303433,4303434,4303369,+,92,4303434,4303526
4830,3,5122372,5122373,5122292,+,215,5122373,5122588
4831,3,8963438,8963439,8963470,-,104,8963439,8963335
4832,3,9649567,9649568,9649505,+,174,9649568,9649742
4833,3,9793123,9793124,9793082,+,0,9793124,9793124
4834,3,9843984,9843985,9844016,-,95,9843985,9843890
4835,3,9986986,9986987,9986916,+,39486,9986987,9986987
4836,3,10026472,10026473,10026417,+,0,10026473,10026473
4837,3,10115748,10115749,10115681,+,70,10115749,10115819
4838,3,10321036,10321037,10321073,-,-13,10321037,10321050
4839,3,10321063,10321064,10321080,-,14,10321064,10321050
4840,3,14178880,14178881,14178839,+,0,14178881,14178881
4841,3,14178880,14178881,14178840,+,0,14178881,14178881
4842,3,14178880,14178881,14178842,+,0,14178881,14178881
4843,3,14178880,14178881,14178845,+,0,14178881,14178881
4844,3,14178880,14178881,14178847,+,0,14178881,14178881
4845,3,14178880,14178881,14178849,+,0,14178881,14178881
4846,3,14178880,14178881,14178850,+,0,14178881,14178881
4847,3,14178880,14178881,14178852,+,0,14178881,14178881
4848,3,14178880,14178881,14178853,+,0,14178881,14178881
4849,3,14178880,14178881,14178856,+,0,14178881,14178881
4850,3,14178880,14178881,14178857,+,0,14178881,14178881
4851,3,15271805,15271806,15271838,-,-3862,15271806,15275668
4852,3,15271832,15271833,15271854,-,-3835,15271833,15275668
4853,3,15271837,15271838,15271860,-,-3830,15271838,15275668
4854,3,15601539,15601540,15601569,-,157,15601540,15601383
4855,3,15797957,15797958,15797979,-,-13,15797958,15797971
4856,3,20186186,20186187,20186206,-,128,20186187,20186059
4857,3,23806030,23806031,23805955,+,57,23806031,23806088
4858,3,23917172,23917173,23917127,+,0,23917173,23917173
4859,3,23917172,23917173,23917130,+,0,23917173,23917173
4860,3,23917172,23917173,23917132,+,0,23917173,23917173
4861,3,23917172,23917173,23917133,+,0,23917173,23917173
4862,3,23917172,23917173,23917134,+,0,23917173,23917173
4863,3,23917172,23917173,23917135,+,0,23917173,23917173
4864,3,23917172,23917173,23917138,+,0,23917173,23917173
4865,3,23917172,23917173,23917140,+,0,23917173,23917173
4866,3,23917172,23917173,23917148,+,0,23917173,23917173
4867,3,23917172,23917173,23917149,+,0,23917173,23917173
4868,3,23917172,23917173,23917155,+,0,23917173,23917173
4869,3,23917238,23917239,23917176,+,0,23917239,23917239
4870,3,25664886,25664887,25664915,-,11,25664887,25664876
4871,3,31532703,31532704,31532631,+,608,31532704,31533312
4872,3,31532719,31532720,31532635,+,592,31532720,31533312
4873,3,31532722,31532723,31532638,+,589,31532723,31533312
4874,3,32685260,32685261,32685188,+,221,32685261,32685482
4875,3,33114061,33114062,33113977,+,486,33114062,33114548
4876,3,33114068,33114069,33113983,+,479,33114069,33114548
4877,3,33798713,33798714,33798634,+,223,33798714,33798937
4878,3,33798714,33798715,33798630,+,222,33798715,33798937
4879,3,36993571,36993572,36993495,+,91,36993572,36993663
4880,3,36993595,36993596,36993514,+,67,36993596,36993663
4881,3,36993602,36993603,36993518,+,60,36993603,36993663
4882,3,36993609,36993610,36993545,+,53,36993610,36993663
4883,3,36993886,36993887,36993812,+,3,36993887,36993890
4884,3,38137095,38137096,38137127,-,231,38137096,38136865
4885,3,38137100,38137101,38137132,-,236,38137101,38136865
4886,3,38137116,38137117,38137148,-,252,38137117,38136865
4887,3,38496409,38496410,38496345,+,120,38496410,38496530
4888,3,39052072,39052073,39052016,+,0,39052073,39052073
4889,3,39406763,39406764,39406720,+,0,39406764,39406764
4890,3,39406763,39406764,39406721,+,0,39406764,39406764
4891,3,40453134,40453135,40453177,-,1171526,40453135,40453135
4892,3,40457362,40457363,40457339,+,0,40457363,40457363
4893,3,41199563,41199564,41199505,+,58,41199564,41199622
4894,3,42590942,42590943,42590860,+,23,42590943,42590966
4895,3,42590960,42590961,42590886,+,5,42590961,42590966
4896,3,44338206,44338207,44338129,+,112,44338207,44338319
4897,3,44761857,44761858,44761790,+,26,44761858,44761884
4898,3,44761859,44761860,44761794,+,24,44761860,44761884
4899,3,44976319,44976320,44976244,+,14,44976320,44976334
4900,3,45388651,45388652,45388579,+,28,45388652,45388680
4901,3,46976713,46976714,46976745,-,77,46976714,46976637
4902,3,48088844,48088845,48088876,-,72,48088845,48088773
4903,3,48440257,48440258,48440258,+,54,48440258,48440312
4904,3,48440311,48440312,48440257,+,0,48440312,48440312
4905,3,48609603,48609604,48609635,-,52,48609604,48609552
4906,3,48609612,48609613,48609644,-,61,48609613,48609552
4907,3,48609629,48609630,48609646,-,78,48609630,48609552
4908,3,48657118,48657119,48657150,-,-1768,48657119,48658887
4909,3,48717183,48717184,48717215,-,27,48717184,48717157
4910,3,49007465,49007466,49007387,+,65,49007466,49007531
4911,3,49007502,49007503,49007423,+,28,49007503,49007531
4912,3,49094040,49094041,49094071,-,129,49094041,49093912
4913,3,49104724,49104725,49104752,-,72,49104725,49104653
4914,3,49358285,49358286,49358325,-,94,49358286,49358192
4915,3,49358319,49358320,49358353,-,128,49358320,49358192
4916,3,49358319,49358320,49358357,-,128,49358320,49358192
4917,3,49411903,49411904,49411935,-,84,49411904,49411820
4918,3,49411942,49411943,49411968,-,123,49411943,49411820
4919,3,49411958,49411959,49411976,-,139,49411959,49411820
4920,3,49723918,49723919,49723950,-,79,49723919,49723840
4921,3,50089003,50089004,50088919,+,25,50089004,50089029
4922,3,50089028,50089029,50088954,+,0,50089029,50089029
4923,3,50236279,50236280,50236204,+,173,50236280,50236453
4924,3,51385315,51385316,51385257,+,120,51385316,51385436
4925,3,51995916,51995917,51995948,-,60,51995917,51995857
4926,3,51995932,51995933,51995951,-,76,51995933,51995857
4927,3,52198200,52198201,52198121,+,54,52198201,52198255
4928,3,52278595,52278596,52278627,-,395,52278596,52278201
4929,3,52455658,52455659,52455604,+,75,52455659,52455734
4930,3,52536670,52536671,52536605,+,102,52536671,52536773
4931,3,52536772,52536773,52536719,+,0,52536773,52536773
4932,3,52686104,52686105,52686029,+,0,52686105,52686105
4933,3,52686104,52686105,52686032,+,0,52686105,52686105
4934,3,52686104,52686105,52686037,+,0,52686105,52686105
4935,3,53130403,53130404,53130435,-,66,53130404,53130338
4936,3,53882120,53882121,53882152,-,142,53882121,53881979
4937,3,57597312,57597313,57597344,-,-19,57597313,57597332
4938,3,57756341,57756342,57756309,+,0,57756342,57756342
4939,3,58008506,58008507,58008422,+,349,58008507,58008856
4940,3,58433796,58433797,58433827,-,29,58433797,58433768
4941,3,58433797,58433798,58433825,-,30,58433798,58433768
4942,3,58433800,58433801,58433832,-,33,58433801,58433768
4943,3,58433807,58433808,58433829,-,40,58433808,58433768
4944,3,64023430,64023431,64023462,-,39,64023431,64023392
4945,3,64023462,64023463,64023494,-,71,64023463,64023392
4946,3,66221065,66221066,66221012,+,61,66221066,66221127
4947,3,69052301,69052302,69052333,-,357,69052302,69051945
4948,3,69085086,69085087,69085014,+,136,69085087,69085223
4949,3,69085090,69085091,69085027,+,132,69085091,69085223
4950,3,69085104,69085105,69085036,+,118,69085105,69085223
4951,3,69085106,69085107,69085023,+,116,69085107,69085223
4952,3,81509476,81509477,81509477,+,3450191,81509477,81509477
4953,3,87227358,87227359,87227285,+,197,87227359,87227556
4954,3,87227377,87227378,87227300,+,178,87227378,87227556
4955,3,94062884,94062885,94062916,-,16,94062885,94062869
4956,3,97972384,97972385,97972416,-,4,97972385,97972381
4957,3,99817946,99817947,99817862,+,96,99817947,99818043
4958,3,100261051,100261052,100260995,+,19,100261052,100261071
4959,3,100334797,100334798,100334757,+,0,100334798,100334798
4960,3,101561960,101561961,101561876,+,42,101561961,101562003
4961,3,101561964,101561965,101561880,+,38,101561965,101562003
4962,3,101561969,101561970,101561885,+,33,101561970,101562003
4963,3,101686645,101686646,101686690,-,-26,101686646,101686672
4964,3,101686671,101686672,101686695,-,0,101686672,101686672
4965,3,101686676,101686677,101686708,-,5,101686677,101686672
4966,3,101686681,101686682,101686698,-,10,101686682,101686672
4967,3,101686688,101686689,101686705,-,17,101686689,101686672
4968,3,101724701,101724702,101724619,+,17,101724702,101724719
4969,3,108090990,108090991,108091020,-,128,108090991,108090863
4970,3,108090990,108090991,108091022,-,128,108090991,108090863
4971,3,108090997,108090998,108091029,-,135,108090998,108090863
4972,3,108091026,108091027,108091058,-,164,108091027,108090863
4973,3,108125132,108125133,108125048,+,171466,108125133,108125133
4974,3,108222423,108222424,108222455,-,313,108222424,108222111
4975,3,108822855,108822856,108822784,+,78,108822856,108822934
4976,3,108822858,108822859,108822795,+,75,108822859,108822934
4977,3,108822861,108822862,108822787,+,72,108822862,108822934
4978,3,108822864,108822865,108822786,+,69,108822865,108822934
4979,3,108822864,108822865,108822789,+,69,108822865,108822934
4980,3,108822868,108822869,108822801,+,65,108822869,108822934
4981,3,111542254,111542255,111542194,+,54,111542255,111542309
4982,3,111979103,111979104,111979026,+,99,111979104,111979203
4983,3,111979108,111979109,111979034,+,94,111979109,111979203
4984,3,111979133,111979134,111979049,+,69,111979134,111979203
4985,3,111979136,111979137,111979052,+,66,111979137,111979203
4986,3,113746163,113746164,113746195,-,222,113746164,113745942
4987,3,113746218,113746219,113746241,-,277,113746219,113745942
4988,3,113746221,113746222,113746249,-,280,113746222,113745942
4989,3,114056825,114056826,114056768,+,38,114056826,114056864
4990,3,114056837,114056838,114056780,+,26,114056838,114056864
4991,3,114056849,114056850,114056782,+,14,114056850,114056864
4992,3,119498641,119498642,119498567,+,285,119498642,119498927
4993,3,119677348,119677349,119677380,-,145,119677349,119677204
4994,3,119677353,119677354,119677378,-,150,119677354,119677204
4995,3,119677356,119677357,119677388,-,153,119677357,119677204
4996,3,119677359,119677360,119677391,-,156,119677360,119677204
4997,3,119677374,119677375,119677406,-,171,119677375,119677204
4998,3,120596389,120596390,120596306,+,149,120596390,120596539
4999,3,120596406,120596407,120596322,+,132,120596407,120596539
5000,3,120596414,120596415,120596330,+,124,120596415,120596539
5001,3,120596420,120596421,120596336,+,118,120596421,120596539
5002,3,120596422,120596423,120596338,+,116,120596423,120596539
5003,3,120596423,120596424,120596339,+,115,120596424,120596539
5004,3,120596433,120596434,120596349,+,105,120596434,120596539
5005,3,120742484,120742485,120742516,-,23,120742485,120742462
5006,3,120742793,120742794,120742732,+,0,120742794,120742794
5007,3,120742793,120742794,120742744,+,0,120742794,120742794
5008,3,120742793,120742794,120742762,+,0,120742794,120742794
5009,3,121660874,121660875,121660903,-,55,121660875,121660820
5010,3,121660884,121660885,121660916,-,65,121660885,121660820
5011,3,121660904,121660905,121660936,-,85,121660905,121660820
5012,3,122384298,122384299,122384230,+,0,122384299,122384299
5013,3,124730518,124730519,124730442,+,108,124730519,124730627
5014,3,127598471,127598472,127598410,+,0,127598472,127598472
5015,3,127598471,127598472,127598417,+,0,127598472,127598472
5016,3,127598471,127598472,127598419,+,0,127598472,127598472
5017,3,127598471,127598472,127598421,+,0,127598472,127598472
5018,3,127598471,127598472,127598428,+,0,127598472,127598472
5019,3,127598471,127598472,127598429,+,0,127598472,127598472
5020,3,127598471,127598472,127598432,+,0,127598472,127598472
5021,3,127598471,127598472,127598438,+,0,127598472,127598472
5022,3,127598471,127598472,127598440,+,0,127598472,127598472
5023,3,128123783,128123784,128123800,-,200,128123784,128123584
5024,3,128123786,128123787,128123812,-,203,128123787,128123584
5025,3,128123790,128123791,128123822,-,207,128123791,128123584
5026,3,128650795,128650796,128650818,-,256,128650796,128650540
5027,3,128650799,128650800,128650816,-,260,128650800,128650540
5028,3,128726233,128726234,128726165,+,125,128726234,128726359
5029,3,128726236,128726237,128726166,+,122,128726237,128726359
5030,3,128726252,128726253,128726183,+,106,128726253,128726359
5031,3,128726256,128726257,128726182,+,102,128726257,128726359
5032,3,128726256,128726257,128726184,+,102,128726257,128726359
5033,3,128726263,128726264,128726193,+,95,128726264,128726359
5034,3,129161045,129161046,129161063,-,73,129161046,129160973
5035,3,129161045,129161046,129161076,-,73,129161046,129160973
5036,3,129161048,129161049,129161080,-,76,129161049,129160973
5037,3,129161050,129161051,129161082,-,78,129161051,129160973
5038,3,129183866,129183867,129183896,-,91,129183867,129183776
5039,3,129183878,129183879,129183910,-,103,129183879,129183776
5040,3,129249712,129249713,129249632,+,33,129249713,129249746
5041,3,129316266,129316267,129316286,-,1496,129316267,129314771
5042,3,130746777,130746778,130746804,-,460,130746778,130746318
5043,3,130894042,130894043,130893977,+,294,130894043,130894337
5044,3,131502937,131502938,131502969,-,89,131502938,131502849
5045,3,133573724,133573725,133573644,+,559,133573725,133574284
5046,3,133805890,133805891,133805815,+,111,133805891,133806002
5047,3,134485954,134485955,134485985,-,3,134485955,134485952
5048,3,136250437,136250438,136250367,+,30,136250438,136250468
5049,3,136250441,136250442,136250372,+,26,136250442,136250468
5050,3,136250442,136250443,136250369,+,25,136250443,136250468
5051,3,136752356,136752357,136752378,-,162,136752357,136752195
5052,3,138174856,138174857,138174888,-,258,138174857,138174599
5053,3,138187598,138187599,138187552,+,0,138187599,138187599
5054,3,139344104,139344105,139344020,+,93,139344105,139344198
5055,3,139389611,139389612,139389643,-,-19,139389612,139389631
5056,3,139389624,139389625,139389656,-,-6,139389625,139389631
5057,3,139389625,139389626,139389657,-,-5,139389626,139389631
5058,3,139389638,139389639,139389670,-,8,139389639,139389631
5059,3,139389639,139389640,139389671,-,9,139389640,139389631
5060,3,141876713,141876714,141876643,+,196,141876714,141876910
5061,3,142028585,142028586,142028605,-,7,142028586,142028579
5062,3,142028592,142028593,142028624,-,14,142028593,142028579
5063,3,142028593,142028594,142028610,-,15,142028594,142028579
5064,3,142028596,142028597,142028626,-,18,142028597,142028579
5065,3,142028614,142028615,142028646,-,36,142028615,142028579
5066,3,142447955,142447956,142447987,-,86,142447956,142447870
5067,3,143001672,143001673,143001619,+,0,143001673,143001673
5068,3,143848434,143848435,143848458,-,287,143848435,143848148
5069,3,143848454,143848455,143848486,-,307,143848455,143848148
5070,3,149086514,149086515,149086533,-,198,149086515,149086317
5071,3,150546471,150546472,150546496,-,420,150546472,150546052
5072,3,150546471,150546472,150546501,-,420,150546472,150546052
5073,3,150546477,150546478,150546507,-,426,150546478,150546052
5074,3,150546503,150546504,150546526,-,452,150546504,150546052
5075,3,150603405,150603406,150603321,+,93,150603406,150603499
5076,3,150603407,150603408,150603323,+,91,150603408,150603499
5077,3,152268982,152268983,152268901,+,109,152268983,152269092
5078,3,152269013,152269014,152268929,+,78,152269014,152269092
5079,3,152269014,152269015,152268930,+,77,152269015,152269092
5080,3,152269019,152269020,152268938,+,72,152269020,152269092
5081,3,154324401,154324402,154324432,-,228,154324402,154324174
5082,3,154324430,154324431,154324462,-,257,154324431,154324174
5083,3,156555088,156555089,156555117,-,132,156555089,156554957
5084,3,157160119,157160120,157160151,-,328,157160120,157159792
5085,3,157160129,157160130,157160147,-,338,157160130,157159792
5086,3,158110145,158110146,158110095,+,51,158110146,158110197
5087,3,158110148,158110149,158110089,+,48,158110149,158110197
5088,3,160399184,160399185,160399216,-,39,160399185,160399146
5089,3,160565541,160565542,160565571,-,328,160565542,160565214
5090,3,169966857,169966858,169966811,+,0,169966858,169966858
5091,3,172750801,172750802,172750726,+,55,172750802,172750857
5092,3,172750824,172750825,172750756,+,32,172750825,172750857
5093,3,172750829,172750830,172750768,+,27,172750830,172750857
5094,3,172750839,172750840,172750763,+,17,172750840,172750857
5095,3,172750846,172750847,172750787,+,10,172750847,172750857
5096,3,179347809,179347810,179347735,+,0,179347810,179347810
5097,3,179562972,179562973,179562923,+,0,179562973,179562973
5098,3,179562972,179562973,179562926,+,0,179562973,179562973
5099,3,179562972,179562973,179562930,+,0,179562973,179562973
5100,3,179562972,179562973,179562946,+,0,179562973,179562973
5101,3,179604602,179604603,179604634,-,76,179604603,179604527
5102,3,179604616,179604617,179604646,-,90,179604617,179604527
5103,3,179604620,179604621,179604638,-,94,179604621,179604527
5104,3,179604637,179604638,179604654,-,111,179604638,179604527
5105,3,179604891,179604892,179604807,+,47,179604892,179604939
5106,3,179604893,179604894,179604809,+,45,179604894,179604939
5107,3,180602228,180602229,180602198,+,193,180602229,180602422
5108,3,180912735,180912736,180912675,+,0,180912736,180912736
5109,3,180989677,180989678,180989709,-,78,180989678,180989600
5110,3,180989697,180989698,180989729,-,98,180989698,180989600
5111,3,180989699,180989700,180989731,-,100,180989700,180989600
5112,3,182793552,182793553,182793485,+,233,182793553,182793786
5113,3,182793558,182793559,182793504,+,227,182793559,182793786
5114,3,184135451,184135452,184135382,+,128,184135452,184135580
5115,3,184186272,184186273,184186199,+,7,184186273,184186280
5116,3,184314671,184314672,184314590,+,2,184314672,184314674
5117,3,184314673,184314674,184314606,+,0,184314674,184314674
5118,3,184363445,184363446,184363361,+,119,184363446,184363565
5119,3,185937957,185937958,185937987,-,133,185937958,185937825
5120,3,185937983,185937984,185938014,-,159,185937984,185937825
5121,3,185937988,185937989,185938020,-,164,185937989,185937825
5122,3,185937998,185937999,185938029,-,174,185937999,185937825
5123,3,186783638,186783639,186783575,+,0,186783639,186783639
5124,3,186783638,186783639,186783577,+,0,186783639,186783639
5125,3,186783638,186783639,186783583,+,0,186783639,186783639
5126,3,186806419,186806420,186806451,-,-5,186806420,186806425
5127,3,186806436,186806437,186806468,-,12,186806437,186806425
5128,3,186806440,186806441,186806463,-,16,186806441,186806425
5129,3,186930610,186930611,186930526,+,223,186930611,186930834
5130,3,194136210,194136211,194136145,+,277,194136211,194136488
5131,3,194136231,194136232,194136148,+,256,194136232,194136488
5132,3,194672182,194672183,194672212,-,119,194672183,194672064
5133,3,196082064,196082065,196082090,-,22,196082065,196082043
5134,3,196432403,196432404,196432427,-,77,196432404,196432327
5135,3,196639133,196639134,196639049,+,741,196639134,196639875
5136,3,196639806,196639807,196639722,+,68,196639807,196639875
5137,3,196739982,196739983,196739898,+,174,196739983,196740157
5138,3,196739985,196739986,196739901,+,171,196739986,196740157
5139,3,196740013,196740014,196739933,+,143,196740014,196740157
5140,3,196942494,196942495,196942526,-,69,196942495,196942426
5141,3,196942496,196942497,196942528,-,71,196942497,196942426
5142,3,197950220,197950221,197950204,+,0,197950221,197950221
5143,4,674220,674221,674252,-,9,674221,674212
5144,4,674222,674223,674253,-,11,674223,674212
5145,4,674234,674235,674265,-,23,674235,674212
5146,4,674236,674237,674268,-,25,674237,674212
5147,4,674242,674243,674274,-,31,674243,674212
5148,4,674244,674245,674276,-,33,674245,674212
5149,4,674247,674248,674279,-,36,674248,674212
5150,4,674249,674250,674281,-,38,674250,674212
5151,4,674251,674252,674283,-,40,674252,674212
5152,4,674255,674256,674287,-,44,674256,674212
5153,4,1289975,1289976,1289891,+,6,1289976,1289982
5154,4,1289978,1289979,1289894,+,3,1289979,1289982
5155,4,1289981,1289982,1289897,+,0,1289982,1289982
5156,4,1289981,1289982,1289906,+,0,1289982,1289982
5157,4,1712256,1712257,1712288,-,56,1712257,1712201
5158,4,1712300,1712301,1712319,-,100,1712301,1712201
5159,4,1721581,1721582,1721519,+,61,1721582,1721643
5160,4,4290114,4290115,4290146,-,79,4290115,4290036
5161,4,4290122,4290123,4290154,-,87,4290123,4290036
5162,4,6640707,6640708,6640685,+,0,6640708,6640708
5163,4,6640707,6640708,6640686,+,0,6640708,6640708
5164,4,6640707,6640708,6640690,+,0,6640708,6640708
5165,4,6674160,6674161,6674076,+,1886,6674161,6676047
5166,4,6709827,6709828,6709859,-,597,6709828,6709231
5167,4,6709847,6709848,6709879,-,617,6709848,6709231
5168,4,7068012,7068013,7068042,-,42,7068013,7067971
5169,4,7068033,7068034,7068064,-,63,7068034,7067971
5170,4,8229396,8229397,8229322,+,-141,8229397,8229256
5171,4,17577566,17577567,17577497,+,0,17577567,17577567
5172,4,17614708,17614709,17614646,+,104,17614709,17614813
5173,4,24584498,24584499,24584530,-,176,24584499,24584323
5174,4,24584507,24584508,24584539,-,185,24584508,24584323
5175,4,26321047,26321048,26321014,+,0,26321048,26321048
5176,4,26321047,26321048,26321016,+,0,26321048,26321048
5177,4,37826778,37826779,37826718,+,34,37826779,37826813
5178,4,37826778,37826779,37826721,+,34,37826779,37826813
5179,4,39182562,39182563,39182529,+,0,39182563,39182563
5180,4,39182562,39182563,39182531,+,0,39182563,39182563
5181,4,39366330,39366331,39366362,-,92,39366331,39366239
5182,4,39458860,39458861,39458898,-,-30,39458861,39458891
5183,4,39458860,39458861,39458911,-,-30,39458861,39458891
5184,4,39458862,39458863,39458882,-,-28,39458863,39458891
5185,4,39458867,39458868,39458904,-,-23,39458868,39458891
5186,4,39458872,39458873,39458907,-,-18,39458873,39458891
5187,4,39458890,39458891,39458902,-,0,39458891,39458891
5188,4,39458890,39458891,39458910,-,0,39458891,39458891
5189,4,39458890,39458891,39458912,-,0,39458891,39458891
5190,4,39458890,39458891,39458913,-,0,39458891,39458891
5191,4,39458890,39458891,39458914,-,0,39458891,39458891
5192,4,39458890,39458891,39458915,-,0,39458891,39458891
5193,4,39458891,39458892,39458924,-,1,39458892,39458891
5194,4,39458893,39458894,39458925,-,3,39458894,39458891
5195,4,39458894,39458895,39458922,-,4,39458895,39458891
5196,4,39458899,39458900,39458918,-,9,39458900,39458891
5197,4,39458909,39458910,39458941,-,19,39458910,39458891
5198,4,39458915,39458916,39458946,-,25,39458916,39458891
5199,4,39458919,39458920,39458948,-,29,39458920,39458891
5200,4,39698182,39698183,39698140,+,207,39698183,39698390
5201,4,39698211,39698212,39698139,+,178,39698212,39698390
5202,4,39698246,39698247,39698169,+,143,39698247,39698390
5203,4,40197067,40197068,40196989,+,232,40197068,40197300
5204,4,40197075,40197076,40196991,+,224,40197076,40197300
5205,4,40197117,40197118,40197034,+,182,40197118,40197300
5206,4,40197120,40197121,40197036,+,179,40197121,40197300
5207,4,40197143,40197144,40197059,+,156,40197144,40197300
5208,4,40197145,40197146,40197061,+,154,40197146,40197300
5209,4,40197156,40197157,40197077,+,143,40197157,40197300
5210,4,40349866,40349867,40349793,+,-14336,40349867,40335531
5211,4,41935197,41935198,41935137,+,64,41935198,41935262
5212,4,41990614,41990615,41990530,+,145,41990615,41990760
5213,4,41990618,41990619,41990534,+,141,41990619,41990760
5214,4,44726524,44726525,44726556,-,51,44726525,44726474
5215,4,44726556,44726557,44726588,-,83,44726557,44726474
5216,4,48831140,48831141,48831083,+,0,48831141,48831141
5217,4,48831140,48831141,48831088,+,0,48831141,48831141
5218,4,48831140,48831141,48831118,+,0,48831141,48831141
5219,4,48831143,48831144,48831059,+,-3,48831144,48831141
5220,4,48831217,48831218,48831149,+,31,48831218,48831249
5221,4,48831421,48831422,48831341,+,-24,48831422,48831398
5222,4,48906728,48906729,48906760,-,71,48906729,48906658
5223,4,48906737,48906738,48906769,-,80,48906738,48906658
5224,4,52712526,52712527,52712510,+,150122,52712527,52712527
5225,4,53377759,53377760,53377675,+,163,53377760,53377923
5226,4,54064564,54064565,54064597,-,383,54064565,54064182
5227,4,56436327,56436328,56436260,+,0,56436328,56436328
5228,4,56436327,56436328,56436262,+,0,56436328,56436328
5229,4,56436327,56436328,56436303,+,0,56436328,56436328
5230,4,56467716,56467717,56467633,+,27,56467717,56467744
5231,4,56978937,56978938,56978866,+,66,56978938,56979004
5232,4,56978938,56978939,56978864,+,65,56978939,56979004
5233,4,56978973,56978974,56978896,+,30,56978974,56979004
5234,4,56979003,56979004,56978932,+,0,56979004,56979004
5235,4,56979003,56979004,56978934,+,0,56979004,56979004
5236,4,67701436,67701437,67701361,+,-142508,67701437,67701437
5237,4,70688611,70688612,70688532,+,1939,70688612,70690551
5238,4,70839858,70839859,70839890,-,388,70839859,70839471
5239,4,73223025,73223026,73223057,-,52,73223026,73222974
5240,4,73258766,73258767,73258798,-,482,73258767,73258285
5241,4,75514371,75514372,75514403,-,131,75514372,75514241
5242,4,75724376,75724377,75724408,-,101,75724377,75724276
5243,4,76148377,76148378,76148397,-,70,76148378,76148308
5244,4,77862878,77862879,77862830,+,0,77862879,77862879
5245,4,77862878,77862879,77862832,+,0,77862879,77862879
5246,4,77862878,77862879,77862837,+,0,77862879,77862879
5247,4,82373885,82373886,82373917,-,-38,82373886,82373924
5248,4,82373952,82373953,82373984,-,29,82373953,82373924
5249,4,82373968,82373969,82373991,-,45,82373969,82373924
5250,4,82429412,82429413,82429440,-,165,82429413,82429248
5251,4,83035229,83035230,83035171,+,68,83035230,83035298
5252,4,83456133,83456134,83456062,+,43,83456134,83456177
5253,4,83456137,83456138,83456059,+,39,83456138,83456177
5254,4,83456139,83456140,83456061,+,37,83456140,83456177
5255,4,83456141,83456142,83456057,+,35,83456142,83456177
5256,4,83456141,83456142,83456063,+,35,83456142,83456177
5257,4,83456142,83456143,83456058,+,34,83456143,83456177
5258,4,87391158,87391159,87391188,-,298,87391159,87390861
5259,4,98929096,98929097,98929128,-,2,98929097,98929095
5260,4,98929097,98929098,98929129,-,3,98929098,98929095
5261,4,98929101,98929102,98929133,-,7,98929102,98929095
5262,4,98929108,98929109,98929125,-,14,98929109,98929095
5263,4,98929115,98929116,98929136,-,21,98929116,98929095
5264,4,99088673,99088674,99088710,-,-15,99088674,99088689
5265,4,99088686,99088687,99088717,-,-2,99088687,99088689
5266,4,99088688,99088689,99088706,-,0,99088689,99088689
5267,4,99088688,99088689,99088712,-,0,99088689,99088689
5268,4,99088695,99088696,99088713,-,7,99088696,99088689
5269,4,99088698,99088699,99088730,-,10,99088699,99088689
5270,4,99894405,99894406,99894427,-,71,99894406,99894335
5271,4,99950205,99950206,99950236,-,38,99950206,99950168
5272,4,99950247,99950248,99950278,-,80,99950248,99950168
5273,4,99950256,99950257,99950273,-,89,99950257,99950168
5274,4,99950257,99950258,99950275,-,90,99950258,99950168
5275,4,102827094,102827095,102827124,-,-332,102827095,102827427
5276,4,102827490,102827491,102827522,-,64,102827491,102827427
5277,4,102827502,102827503,102827533,-,76,102827503,102827427
5278,4,102827512,102827513,102827542,-,-79,102827513,102827592
5279,4,102827530,102827531,102827551,-,-61,102827531,102827592
5280,4,102827534,102827535,102827561,-,-57,102827535,102827592
5281,4,102827536,102827537,102827554,-,-55,102827537,102827592
5282,4,102827780,102827781,102827812,-,46,102827781,102827735
5283,4,102827796,102827797,102827829,-,62,102827797,102827735
5284,4,103099785,103099786,103099817,-,3,103099786,103099783
5285,4,103099804,103099805,103099835,-,22,103099805,103099783
5286,4,103099810,103099811,103099829,-,28,103099811,103099783
5287,4,103099830,103099831,103099862,-,48,103099831,103099783
5288,4,103099841,103099842,103099873,-,59,103099842,103099783
5289,4,106316593,106316594,106316517,+,0,106316594,106316594
5290,4,106316593,106316594,106316548,+,0,106316594,106316594
5291,4,106316593,106316594,106316550,+,0,106316594,106316594
5292,4,107989928,107989929,107989855,+,135,107989929,107990064
5293,4,107989934,107989935,107989853,+,129,107989935,107990064
5294,4,108166269,108166270,108166301,-,-2,108166270,108166272
5295,4,108168723,108168724,108168753,-,1169,108168724,108167555
5296,4,108620362,108620363,108620395,-,-141830,108620363,108620363
5297,4,108620599,108620600,108620577,+,0,108620600,108620600
5298,4,108620599,108620600,108620587,+,0,108620600,108620600
5299,4,108620599,108620600,108620588,+,0,108620600,108620600
5300,4,108620599,108620600,108620590,+,0,108620600,108620600
5301,4,108620599,108620600,108620593,+,0,108620600,108620600
5302,4,108620599,108620600,108620597,+,0,108620600,108620600
5303,4,108620683,108620684,108620599,+,28,108620684,108620712
5304,4,109815544,109815545,109815515,+,0,109815545,109815545
5305,4,109815544,109815545,109815518,+,0,109815545,109815545
5306,4,109815544,109815545,109815525,+,0,109815545,109815545
5307,4,109815615,109815616,109815531,+,-71,109815616,109815545
5308,4,112636845,112636846,112636877,-,-5,112636846,112636851
5309,4,112636868,112636869,112636900,-,18,112636869,112636851
5310,4,118034563,118034564,118034494,+,28,118034564,118034592
5311,4,118034570,118034571,118034486,+,21,118034571,118034592
5312,4,118278791,118278792,118278758,+,-244200,118278792,118278792
5313,4,118685464,118685465,118685392,+,135,118685465,118685600
5314,4,118685468,118685469,118685400,+,131,118685469,118685600
5315,4,119300544,119300545,119300570,-,209,119300545,119300336
5316,4,119300544,119300545,119300576,-,209,119300545,119300336
5317,4,119300556,119300557,119300588,-,221,119300557,119300336
5318,4,120066757,120066758,120066789,-,96,120066758,120066662
5319,4,120066760,120066761,120066786,-,99,120066761,120066662
5320,4,120066766,120066767,120066798,-,105,120066767,120066662
5321,4,120066771,120066772,120066804,-,110,120066772,120066662
5322,4,120066788,120066789,120066806,-,127,120066789,120066662
5323,4,120066788,120066789,120066818,-,127,120066789,120066662
5324,4,120066791,120066792,120066821,-,130,120066792,120066662
5325,4,120066795,120066796,120066827,-,134,120066796,120066662
5326,4,120066808,120066809,120066830,-,147,120066809,120066662
5327,4,120066812,120066813,120066840,-,151,120066813,120066662
5328,4,120066813,120066814,120066833,-,152,120066814,120066662
5329,4,121823894,121823895,121823926,-,479,121823895,121823416
5330,4,121823907,121823908,121823939,-,492,121823908,121823416
5331,4,122923167,122923168,122923083,+,137,122923168,122923305
5332,4,139295791,139295792,139295821,-,-4810,139295792,139300602
5333,4,139295802,139295803,139295835,-,-4799,139295803,139300602
5334,4,140373371,140373372,140373403,-,-54165,140373372,140373372
5335,4,141220979,141220980,141220895,+,36,141220980,141221016
5336,4,141220987,141220988,141220903,+,28,141220988,141221016
5337,4,143184992,143184993,143184917,+,1139,143184993,143186132
5338,4,144646215,144646216,144646154,+,738,144646216,144646954
5339,4,144646221,144646222,144646156,+,732,144646222,144646954
5340,4,144647187,144647188,144647204,-,-450057,144647188,144647188
5341,4,145098128,145098129,145098158,-,-2,145098129,145098131
5342,4,145098370,145098371,145098318,+,48,145098371,145098419
5343,4,145098396,145098397,145098317,+,22,145098397,145098419
5344,4,145098398,145098399,145098314,+,20,145098399,145098419
5345,4,145098400,145098401,145098335,+,18,145098401,145098419
5346,4,145098410,145098411,145098336,+,8,145098411,145098419
5347,4,146175803,146175804,146175736,+,7,146175804,146175811
5348,4,151099694,151099695,151099621,+,17,151099695,151099712
5349,4,152100816,152100817,152100753,+,-567769,152100817,152100817
5350,4,154550350,154550351,154550382,-,51,154550351,154550300
5351,4,154550352,154550353,154550384,-,53,154550353,154550300
5352,4,154550363,154550364,154550394,-,64,154550364,154550300
5353,4,154550377,154550378,154550400,-,78,154550378,154550300
5354,4,158671850,158671851,158671882,-,235,158671851,158671616
5355,4,163166826,163166827,163166858,-,464,163166827,163166363
5356,4,165327763,165327764,165327720,+,0,165327764,165327764
5357,4,169010223,169010224,169010255,-,276,169010224,169009948
5358,4,169010226,169010227,169010258,-,279,169010227,169009948
5359,4,173334327,173334328,173334360,-,56,173334328,173334272
5360,4,173334335,173334336,173334353,-,64,173334336,173334272
5361,4,173334336,173334337,173334358,-,65,173334337,173334272
5362,4,173334354,173334355,173334384,-,83,173334355,173334272
5363,4,173334359,173334360,173334389,-,88,173334360,173334272
5364,4,173334365,173334366,173334391,-,94,173334366,173334272
5365,4,173334385,173334386,173334416,-,114,173334386,173334272
5366,4,173334392,173334393,173334424,-,121,173334393,173334272
5367,4,173334415,173334416,173334447,-,144,173334416,173334272
5368,4,174283635,174283636,174283667,-,226,174283636,174283410
5369,4,177309949,177309950,177309874,+,159,177309950,177310109
5370,4,183444703,183444704,183444636,+,365,183444704,183445069
5371,4,184649412,184649413,184649444,-,18,184649413,184649395
5372,4,184649430,184649431,184649447,-,36,184649431,184649395
5373,4,186597215,186597216,186597247,-,676,186597216,186596540
5374,4,186597222,186597223,186597254,-,683,186597223,186596540
5375,4,186598830,186598831,186598862,-,859,186598831,186597972
5376,4,189940935,189940936,189940881,+,135,189940936,189941071
5377,4,189940936,189940937,189940872,+,134,189940937,189941071
5378,4,189940939,189940940,189940879,+,131,189940940,189941071
5379,5,218383,218384,218324,+,34,218384,218418
5380,5,892948,892949,892884,+,141,892949,893090
5381,5,1799802,1799803,1799832,-,-7,1799803,1799810
5382,5,1799805,1799806,1799837,-,-4,1799806,1799810
5383,5,1801465,1801466,1801400,+,83,1801466,1801549
5384,5,1801472,1801473,1801407,+,76,1801473,1801549
5385,5,1801484,1801485,1801413,+,64,1801485,1801549
5386,5,1801486,1801487,1801415,+,62,1801487,1801549
5387,5,6633010,6633011,6633042,-,127,6633011,6632884
5388,5,6633012,6633013,6633044,-,129,6633013,6632884
5389,5,6633015,6633016,6633046,-,132,6633016,6632884
5390,5,6633016,6633017,6633048,-,133,6633017,6632884
5391,5,7868970,7868971,7869002,-,-8,7868971,7868979
5392,5,7869188,7869189,7869148,+,0,7869189,7869189
5393,5,7869214,7869215,7869161,+,0,7869215,7869215
5394,5,10250398,10250399,10250318,+,46,10250399,10250445
5395,5,10250400,10250401,10250316,+,44,10250401,10250445
5396,5,10250401,10250402,10250317,+,43,10250402,10250445
5397,5,10250403,10250404,10250319,+,41,10250404,10250445
5398,5,10250404,10250405,10250320,+,40,10250405,10250445
5399,5,10250407,10250408,10250323,+,37,10250408,10250445
5400,5,10250417,10250418,10250333,+,27,10250418,10250445
5401,5,10353775,10353776,10353691,+,141,10353776,10353917
5402,5,10353777,10353778,10353693,+,139,10353778,10353917
5403,5,10353779,10353780,10353695,+,137,10353780,10353917
5404,5,10353800,10353801,10353716,+,116,10353801,10353917
5405,5,10353809,10353810,10353725,+,107,10353810,10353917
5406,5,10353916,10353917,10353892,+,0,10353917,10353917
5407,5,16465768,16465769,16465800,-,728,16465769,16465041
5408,5,20305752,20305753,20305782,-,-269709,20305753,20305753
5409,5,32174287,32174288,32174319,-,478,32174288,32173810
5410,5,32531915,32531916,32531837,+,0,32531916,32531916
5411,5,32585624,32585625,32585557,+,0,32585625,32585625
5412,5,32585624,32585625,32585571,+,0,32585625,32585625
5413,5,32585624,32585625,32585574,+,0,32585625,32585625
5414,5,32585624,32585625,32585600,+,0,32585625,32585625
5415,5,33441077,33441078,33440993,+,65,33441078,33441143
5416,5,34915533,34915534,34915565,-,118,34915534,34915416
5417,5,36151856,36151857,36151887,-,301,36151857,36151556
5418,5,36152179,36152180,36152111,+,90,36152180,36152270
5419,5,39203013,39203014,39203044,-,1188,39203014,39201826
5420,5,39203029,39203030,39203061,-,1204,39203030,39201826
5421,5,39203043,39203044,39203071,-,1218,39203044,39201826
5422,5,40798146,40798147,40798177,-,84,40798147,40798063
5423,5,40835148,40835149,40835180,-,-34,40835149,40835183
5424,5,40835162,40835163,40835194,-,-20,40835163,40835183
5425,5,40835166,40835167,40835188,-,-16,40835167,40835183
5426,5,40835178,40835179,40835211,-,-4,40835179,40835183
5427,5,40835180,40835181,40835212,-,-2,40835181,40835183
5428,5,40835196,40835197,40835214,-,14,40835197,40835183
5429,5,40835208,40835209,40835241,-,26,40835209,40835183
5430,5,40835212,40835213,40835243,-,30,40835213,40835183
5431,5,43040291,43040292,43040323,-,921,43040292,43039371
5432,5,43313383,43313384,43313410,-,28,43313384,43313356
5433,5,44809017,44809018,44808959,+,545,44809018,44809563
5434,5,52800181,52800182,52800112,+,-11768,52800182,52788414
5435,5,53109709,53109710,53109741,-,-2,53109710,53109712
5436,5,53109722,53109723,53109754,-,11,53109723,53109712
5437,5,53109723,53109724,53109755,-,12,53109724,53109712
5438,5,53109725,53109726,53109757,-,14,53109726,53109712
5439,5,53560723,53560724,53560639,+,36,53560724,53560760
5440,5,53560729,53560730,53560645,+,30,53560730,53560760
5441,5,53560741,53560742,53560657,+,18,53560742,53560760
5442,5,55024336,55024337,55024256,+,49,55024337,55024386
5443,5,55102700,55102701,55102642,+,51,55102701,55102752
5444,5,55102709,55102710,55102644,+,42,55102710,55102752
5445,5,55102728,55102729,55102646,+,23,55102729,55102752
5446,5,55308073,55308074,55307989,+,73,55308074,55308147
5447,5,55308073,55308074,55307991,+,73,55308074,55308147
5448,5,55308074,55308075,55308010,+,72,55308075,55308147
5449,5,55308077,55308078,55308001,+,69,55308078,55308147
5450,5,57174113,57174114,57174059,+,97,57174114,57174211
5451,5,60945037,60945038,60945070,-,106,60945038,60944932
5452,5,62306535,62306536,62306463,+,0,62306536,62306536
5453,5,62306535,62306536,62306467,+,0,62306536,62306536
5454,5,62403851,62403852,62403882,-,158,62403852,62403694
5455,5,62578905,62578906,62578821,+,29,62578906,62578935
5456,5,62578905,62578906,62578828,+,29,62578906,62578935
5457,5,64769014,64769015,64768930,+,173,64769015,64769188
5458,5,64769030,64769031,64768946,+,157,64769031,64769188
5459,5,64769033,64769034,64768949,+,154,64769034,64769188
5460,5,65563084,65563085,65563116,-,-13,65563085,65563098
5461,5,65563091,65563092,65563123,-,-6,65563092,65563098
5462,5,65563117,65563118,65563149,-,20,65563118,65563098
5463,5,65563362,65563363,65563299,+,143,65563363,65563506
5464,5,65563364,65563365,65563296,+,141,65563365,65563506
5465,5,65625104,65625105,65625045,+,1,65625105,65625106
5466,5,68280418,68280419,68280349,+,-156,68280419,68280263
5467,5,68280437,68280438,68280357,+,-175,68280438,68280263
5468,5,69167199,69167200,69167123,+,83,69167200,69167283
5469,5,69167205,69167206,69167129,+,77,69167206,69167283
5470,5,69167226,69167227,69167151,+,56,69167227,69167283
5471,5,69167229,69167230,69167153,+,53,69167230,69167283
5472,5,69167234,69167235,69167150,+,48,69167235,69167283
5473,5,69167242,69167243,69167163,+,40,69167243,69167283
5474,5,69167256,69167257,69167172,+,26,69167257,69167283
5475,5,69167259,69167260,69167175,+,23,69167260,69167283
5476,5,69179036,69179037,69179058,-,-141200,69179037,69179037
5477,5,69189644,69189645,69189565,+,123,69189645,69189768
5478,5,69189644,69189645,69189574,+,123,69189645,69189768
5479,5,69217870,69217871,69217806,+,0,69217871,69217871
5480,5,69234957,69234958,69234887,+,-51,69234958,69234907
5481,5,69234957,69234958,69234889,+,-51,69234958,69234907
5482,5,69234962,69234963,69234886,+,-56,69234963,69234907
5483,5,69369480,69369481,69369511,-,18,69369481,69369463
5484,5,69369488,69369489,69369520,-,26,69369489,69369463
5485,5,72320192,72320193,72320224,-,12,72320193,72320181
5486,5,72320457,72320458,72320373,+,51,72320458,72320509
5487,5,72320460,72320461,72320376,+,48,72320461,72320509
5488,5,72848172,72848173,72848103,+,78,72848173,72848251
5489,5,73498510,73498511,73498426,+,47,73498511,73498558
5490,5,73498512,73498513,73498428,+,45,73498513,73498558
5491,5,73498515,73498516,73498431,+,42,73498516,73498558
5492,5,73498532,73498533,73498448,+,25,73498533,73498558
5493,5,73498535,73498536,73498455,+,22,73498536,73498558
5494,5,73498536,73498537,73498452,+,21,73498537,73498558
5495,5,73565857,73565858,73565773,+,54,73565858,73565912
5496,5,74767315,74767316,74767241,+,47,74767316,74767363
5497,5,75337299,75337300,75337239,+,0,75337300,75337300
5498,5,75511913,75511914,75511891,+,0,75511914,75511914
5499,5,75511913,75511914,75511893,+,0,75511914,75511914
5500,5,75717398,75717399,75717430,-,93,75717399,75717306
5501,5,75717403,75717404,75717435,-,98,75717404,75717306
5502,5,75717405,75717406,75717437,-,100,75717406,75717306
5503,5,75717413,75717414,75717448,-,108,75717414,75717306
5504,5,77776305,77776306,77776337,-,101,77776306,77776205
5505,5,81301669,81301670,81301587,+,0,81301670,81301670
5506,5,81301669,81301670,81301641,+,0,81301670,81301670
5507,5,81751019,81751020,81751050,-,39,81751020,81750981
5508,5,81751020,81751021,81751051,-,40,81751021,81750981
5509,5,81751029,81751030,81751048,-,49,81751030,81750981
5510,5,81751038,81751039,81751069,-,58,81751039,81750981
5511,5,81751039,81751040,81751067,-,59,81751040,81750981
5512,5,81751047,81751048,81751070,-,67,81751048,81750981
5513,5,81751047,81751048,81751078,-,67,81751048,81750981
5514,5,81751059,81751060,81751091,-,79,81751060,81750981
5515,5,82278320,82278321,82278352,-,1,82278321,82278320
5516,5,82278322,82278323,82278354,-,3,82278323,82278320
5517,5,82278325,82278326,82278355,-,6,82278326,82278320
5518,5,82278330,82278331,82278353,-,11,82278331,82278320
5519,5,82278330,82278331,82278360,-,11,82278331,82278320
5520,5,82278331,82278332,82278363,-,12,82278332,82278320
5521,5,82278354,82278355,82278385,-,35,82278355,82278320
5522,5,83077320,83077321,83077352,-,0,83077321,83077321
5523,5,83077326,83077327,83077358,-,6,83077327,83077321
5524,5,86617973,86617974,86617929,+,156,86617974,86618130
5525,5,86618012,86618013,86617928,+,117,86618013,86618130
5526,5,86618015,86618016,86617935,+,114,86618016,86618130
5527,5,86618031,86618032,86617947,+,98,86618032,86618130
5528,5,86618042,86618043,86617958,+,87,86618043,86618130
5529,5,86618049,86618050,86617965,+,80,86618050,86618130
5530,5,86618052,86618053,86617968,+,77,86618053,86618130
5531,5,86618052,86618053,86617969,+,77,86618053,86618130
5532,5,86618052,86618053,86617976,+,77,86618053,86618130
5533,5,86618052,86618053,86617977,+,77,86618053,86618130
5534,5,86618052,86618053,86617979,+,77,86618053,86618130
5535,5,86618052,86618053,86617981,+,77,86618053,86618130
5536,5,86618052,86618053,86617982,+,77,86618053,86618130
5537,5,86618052,86618053,86617984,+,77,86618053,86618130
5538,5,86618052,86618053,86617986,+,77,86618053,86618130
5539,5,86618052,86618053,86617992,+,77,86618053,86618130
5540,5,86618052,86618053,86617994,+,77,86618053,86618130
5541,5,86618052,86618053,86618006,+,77,86618053,86618130
5542,5,86618055,86618056,86617971,+,74,86618056,86618130
5543,5,86618058,86618059,86617974,+,71,86618059,86618130
5544,5,86618059,86618060,86617985,+,70,86618060,86618130
5545,5,86618062,86618063,86617978,+,67,86618063,86618130
5546,5,86618064,86618065,86617980,+,65,86618065,86618130
5547,5,90409721,90409722,90409753,-,77,90409722,90409645
5548,5,95554948,95554949,95554977,-,13,95554949,95554936
5549,5,96807907,96807908,96807939,-,48,96807908,96807860
5550,5,96807915,96807916,96807945,-,56,96807916,96807860
5551,5,96876526,96876527,96876488,+,0,96876527,96876527
5552,5,96876526,96876527,96876500,+,0,96876527,96876527
5553,5,96876526,96876527,96876504,+,0,96876527,96876527
5554,5,97183154,97183155,97183186,-,29,97183155,97183126
5555,5,100903240,100903241,100903261,-,398,100903241,100902843
5556,5,103120410,103120411,103120332,+,77,103120411,103120488
5557,5,110739091,110739092,110739007,+,310,110739092,110739402
5558,5,110739093,110739094,110739020,+,308,110739094,110739402
5559,5,110739121,110739122,110739038,+,280,110739122,110739402
5560,5,110739124,110739125,110739040,+,277,110739125,110739402
5561,5,110739126,110739127,110739042,+,275,110739127,110739402
5562,5,111092393,111092394,111092314,+,224,111092394,111092618
5563,5,111092417,111092418,111092339,+,200,111092418,111092618
5564,5,111092432,111092433,111092348,+,185,111092433,111092618
5565,5,111092441,111092442,111092368,+,176,111092442,111092618
5566,5,111512503,111512504,111512535,-,113,111512504,111512391
5567,5,115841527,115841528,115841559,-,138,115841528,115841390
5568,5,115841533,115841534,115841565,-,144,115841534,115841390
5569,5,115841537,115841538,115841569,-,148,115841538,115841390
5570,5,115841539,115841540,115841568,-,150,115841540,115841390
5571,5,119452581,119452582,119452497,+,51,119452582,119452633
5572,5,126601030,126601031,126600947,+,27,126601031,126601058
5573,5,126777228,126777229,126777153,+,23,126777229,126777252
5574,5,126777229,126777230,126777160,+,22,126777230,126777252
5575,5,126777238,126777239,126777156,+,13,126777239,126777252
5576,5,127517724,127517725,127517640,+,51,127517725,127517776
5577,5,129094806,129094807,129094751,+,241,129094807,129095048
5578,5,131165176,131165177,131165208,-,82,131165177,131165095
5579,5,131171015,131171016,131170944,+,22,131171016,131171038
5580,5,132737504,132737505,132737536,-,91,132737505,132737414
5581,5,132737514,132737515,132737546,-,101,132737515,132737414
5582,5,132848661,132848662,132848577,+,18025,132848662,132866687
5583,5,132866686,132866687,132866633,+,0,132866687,132866687
5584,5,132866686,132866687,132866639,+,0,132866687,132866687
5585,5,132866686,132866687,132866640,+,0,132866687,132866687
5586,5,132866686,132866687,132866642,+,0,132866687,132866687
5587,5,132866686,132866687,132866643,+,0,132866687,132866687
5588,5,132866686,132866687,132866644,+,0,132866687,132866687
5589,5,132866686,132866687,132866646,+,0,132866687,132866687
5590,5,132866686,132866687,132866648,+,0,132866687,132866687
5591,5,132866686,132866687,132866651,+,0,132866687,132866687
5592,5,132866686,132866687,132866663,+,0,132866687,132866687
5593,5,133052033,133052034,133051949,+,323,133052034,133052357
5594,5,134004612,134004613,134004658,-,-34,134004613,134004647
5595,5,134004714,134004715,134004739,-,68,134004715,134004647
5596,5,134176915,134176916,134176948,-,61,134176916,134176855
5597,5,134176917,134176918,134176947,-,63,134176918,134176855
5598,5,134176918,134176919,134176950,-,64,134176919,134176855
5599,5,134226043,134226044,134226073,-,284,134226044,134225760
5600,5,134226044,134226045,134226076,-,285,134226045,134225760
5601,5,134371516,134371517,134371451,+,122,134371517,134371639
5602,5,134525730,134525731,134525670,+,11,134525731,134525742
5603,5,134632794,134632795,134632825,-,67,134632795,134632728
5604,5,134758865,134758866,134758781,+,89,134758866,134758955
5605,5,137754325,137754326,137754357,-,8675,137754326,137745651
5606,5,138178923,138178924,138178955,-,328,138178924,138178596
5607,5,138179149,138179150,138179074,+,52,138179150,138179202
5608,5,138179196,138179197,138179112,+,5,138179197,138179202
5609,5,138213291,138213292,138213323,-,140,138213292,138213152
5610,5,138543201,138543202,138543233,-,105,138543202,138543097
5611,5,138575308,138575309,138575339,-,71,138575309,138575238
5612,5,138575341,138575342,138575373,-,104,138575342,138575238
5613,5,138575342,138575343,138575374,-,105,138575343,138575238
5614,5,138575370,138575371,138575401,-,133,138575371,138575238
5615,5,139293804,139293805,139293743,+,0,139293805,139293805
5616,5,139389852,139389853,139389881,-,173,139389853,139389680
5617,5,139389852,139389853,139389883,-,173,139389853,139389680
5618,5,139389857,139389858,139389888,-,178,139389858,139389680
5619,5,139389865,139389866,139389890,-,186,139389866,139389680
5620,5,139389878,139389879,139389911,-,199,139389879,139389680
5621,5,139389883,139389884,139389913,-,204,139389884,139389680
5622,5,139389884,139389885,139389916,-,205,139389885,139389680
5623,5,139482315,139482316,139482347,-,106,139482316,139482210
5624,5,139482318,139482319,139482350,-,109,139482319,139482210
5625,5,139482664,139482665,139482693,-,115,139482665,139482550
5626,5,139482726,139482727,139482758,-,177,139482727,139482550
5627,5,140175272,140175273,140175188,+,12,140175273,140175285
5628,5,140303052,140303053,140303084,-,12,140303053,140303041
5629,5,140303055,140303056,140303086,-,15,140303056,140303041
5630,5,140303062,140303063,140303090,-,22,140303063,140303041
5631,5,140564543,140564544,140564575,-,347,140564544,140564197
5632,5,140564566,140564567,140564598,-,370,140564567,140564197
5633,5,140564857,140564858,140564828,+,0,140564858,140564858
5634,5,140647577,140647578,140647609,-,95,140647578,140647483
5635,5,140647578,140647579,140647610,-,96,140647579,140647483
5636,5,140647586,140647587,140647618,-,104,140647587,140647483
5637,5,140647588,140647589,140647619,-,106,140647589,140647483
5638,5,140647597,140647598,140647628,-,115,140647598,140647483
5639,5,140647598,140647599,140647630,-,116,140647599,140647483
5640,5,140647599,140647600,140647631,-,117,140647600,140647483
5641,5,140647899,140647900,140647815,+,24,140647900,140647924
5642,5,140647902,140647903,140647818,+,21,140647903,140647924
5643,5,140647907,140647908,140647837,+,16,140647908,140647924
5644,5,140647913,140647914,140647829,+,10,140647914,140647924
5645,5,140647915,140647916,140647831,+,8,140647916,140647924
5646,5,140647916,140647917,140647838,+,7,140647917,140647924
5647,5,140647919,140647920,140647848,+,4,140647920,140647924
5648,5,140647923,140647924,140647859,+,0,140647924,140647924
5649,5,140691309,140691310,140691341,-,8,140691310,140691302
5650,5,140700477,140700478,140700443,+,0,140700478,140700478
5651,5,140700477,140700478,140700447,+,0,140700478,140700478
5652,5,141618998,141618999,141619030,-,201,141618999,141618798
5653,5,142108852,142108853,142108788,+,184,142108853,142109037
5654,5,144170614,144170615,144170637,-,80,144170615,144170535
5655,5,146182589,146182590,146182619,-,28,146182590,146182562
5656,5,146182603,146182604,146182626,-,-18,146182604,146182622
5657,5,146182604,146182605,146182623,-,-17,146182605,146182622
5658,5,146182607,146182608,146182635,-,-14,146182608,146182622
5659,5,146182607,146182608,146182639,-,-14,146182608,146182622
5660,5,146182615,146182616,146182647,-,-6,146182616,146182622
5661,5,146182618,146182619,146182650,-,-3,146182619,146182622
5662,5,146182622,146182623,146182654,-,1,146182623,146182622
5663,5,149551345,149551346,149551390,-,504,149551346,149550842
5664,5,149551348,149551349,149551393,-,507,149551349,149550842
5665,5,149551350,149551351,149551386,-,509,149551351,149550842
5666,5,149551359,149551360,149551391,-,518,149551360,149550842
5667,5,150449689,150449690,150449726,-,-13,150449690,150449703
5668,5,150449711,150449712,150449742,-,9,150449712,150449703
5669,5,150758981,150758982,150759017,-,123,150758982,150758859
5670,5,151212195,151212196,151212134,+,63,151212196,151212259
5671,5,151771963,151771964,151771922,+,0,151771964,151771964
5672,5,151772031,151772032,151771952,+,0,151772032,151772032
5673,5,151772031,151772032,151771954,+,0,151772032,151772032
5674,5,151772035,151772036,151771956,+,0,151772036,151772036
5675,5,154038878,154038879,154038910,-,22,154038879,154038857
5676,5,154941137,154941138,154941095,+,0,154941138,154941138
5677,5,154941137,154941138,154941101,+,0,154941138,154941138
5678,5,154941137,154941138,154941104,+,0,154941138,154941138
5679,5,154941137,154941138,154941106,+,0,154941138,154941138
5680,5,155845513,155845514,155845437,+,24910,155845514,155845514
5681,5,160419063,160419064,160419081,-,41,160419064,160419023
5682,5,160421890,160421891,160421834,+,0,160421891,160421891
5683,5,160421890,160421891,160421855,+,0,160421891,160421891
5684,5,160421890,160421891,160421866,+,0,160421891,160421891
5685,5,160421890,160421891,160421867,+,0,160421891,160421891
5686,5,160421890,160421891,160421868,+,0,160421891,160421891
5687,5,160421890,160421891,160421870,+,0,160421891,160421891
5688,5,160421890,160421891,160421880,+,0,160421891,160421891
5689,5,163460702,163460703,163460630,+,35,163460703,163460738
5690,5,163460712,163460713,163460632,+,25,163460713,163460738
5691,5,163460713,163460714,163460637,+,24,163460714,163460738
5692,5,163460713,163460714,163460639,+,24,163460714,163460738
5693,5,163460727,163460728,163460643,+,10,163460728,163460738
5694,5,163460737,163460738,163460660,+,0,163460738,163460738
5695,5,168486542,168486543,168486471,+,0,168486543,168486543
5696,5,168486542,168486543,168486478,+,0,168486543,168486543
5697,5,169583859,169583860,169583788,+,29,169583860,169583889
5698,5,170297777,170297778,170297809,-,244,170297778,170297534
5699,5,170297789,170297790,170297815,-,256,170297790,170297534
5700,5,170297789,170297790,170297817,-,256,170297790,170297534
5701,5,170297793,170297794,170297818,-,260,170297794,170297534
5702,5,170297799,170297800,170297816,-,266,170297800,170297534
5703,5,171387933,171387934,171387860,+,72,171387934,171388006
5704,5,171387936,171387937,171387852,+,69,171387937,171388006
5705,5,171387938,171387939,171387858,+,67,171387939,171388006
5706,5,171387939,171387940,171387855,+,66,171387940,171388006
5707,5,171387941,171387942,171387857,+,64,171387942,171388006
5708,5,172959467,172959468,172959424,+,0,172959468,172959468
5709,5,172959467,172959468,172959440,+,0,172959468,172959468
5710,5,176361732,176361733,176361764,-,131,176361733,176361602
5711,5,176388569,176388570,176388601,-,137,176388570,176388433
5712,5,176388575,176388576,176388606,-,143,176388576,176388433
5713,5,176388577,176388578,176388609,-,145,176388578,176388433
5714,5,176388580,176388581,176388598,-,148,176388581,176388433
5715,5,176388588,176388589,176388605,-,156,176388589,176388433
5716,5,176388603,176388604,176388604,-,171,176388604,176388433
5717,5,176536616,176536617,176536648,-,-323,176536617,176536940
5718,5,176537284,176537285,176537316,-,345,176537285,176536940
5719,5,177303881,177303882,177303807,+,195,177303882,177304077
5720,5,177303883,177303884,177303811,+,193,177303884,177304077
5721,5,177473595,177473596,177473626,-,160,177473596,177473436
5722,5,177473601,177473602,177473624,-,166,177473602,177473436
5723,5,177592277,177592278,177592199,+,120,177592278,177592398
5724,5,177592277,177592278,177592203,+,120,177592278,177592398
5725,5,178153836,178153837,178153868,-,179,178153837,178153658
5726,5,178153842,178153843,178153874,-,185,178153843,178153658
5727,5,178153849,178153850,178153881,-,192,178153850,178153658
5728,5,178153851,178153852,178153883,-,194,178153852,178153658
5729,5,178153854,178153855,178153884,-,197,178153855,178153658
5730,5,178153854,178153855,178153885,-,197,178153855,178153658
5731,5,178153863,178153864,178153895,-,206,178153864,178153658
5732,5,178153878,178153879,178153899,-,221,178153879,178153658
5733,5,178204595,178204596,178204530,+,144,178204596,178204740
5734,5,178204601,178204602,178204533,+,138,178204602,178204740
5735,5,179623637,179623638,179623669,-,2,179623638,179623636
5736,5,179623639,179623640,179623671,-,4,179623640,179623636
5737,5,179623640,179623641,179623665,-,5,179623641,179623636
5738,5,179623650,179623651,179623674,-,15,179623651,179623636
5739,5,179623653,179623654,179623670,-,18,179623654,179623636
5740,5,179699004,179699005,179698977,+,0,179699005,179699005
5741,5,179732892,179732893,179732831,+,534,179732893,179733427
5742,5,179820975,179820976,179820905,+,165,179820976,179821141
5743,5,181223821,181223822,181223737,+,990,181223822,181224812
5744,5,181243834,181243835,181243863,-,143,181243835,181243692
5745,5,181243834,181243835,181243866,-,143,181243835,181243692
5746,5,181243870,181243871,181243902,-,179,181243871,181243692
5747,5,181243874,181243875,181243903,-,183,181243875,181243692
5748,5,181243874,181243875,181243904,-,183,181243875,181243692
5749,5,181243878,181243879,181243897,-,187,181243879,181243692
5750,5,181243883,181243884,181243916,-,192,181243884,181243692
5751,6,4021384,4021385,4021300,+,81,4021385,4021466
5752,6,4021465,4021466,4021414,+,0,4021466,4021466
5753,6,4135534,4135535,4135565,-,24,4135535,4135511
5754,6,4135549,4135550,4135575,-,39,4135550,4135511
5755,6,6004045,6004046,6004076,-,343,6004046,6003703
5756,6,8102508,8102509,8102539,-,74,8102509,8102435
5757,6,10695038,10695039,10694966,+,30,10695039,10695069
5758,6,10695053,10695054,10694972,+,15,10695054,10695069
5759,6,10747880,10747881,10747805,+,0,10747881,10747881
5760,6,10747880,10747881,10747811,+,0,10747881,10747881
5761,6,18155046,18155047,18155077,-,14,18155047,18155033
5762,6,18264503,18264504,18264524,-,119,18264504,18264385
5763,6,18264516,18264517,18264536,-,132,18264517,18264385
5764,6,18264524,18264525,18264541,-,140,18264525,18264385
5765,6,20534534,20534535,20534457,+,39,20534535,20534574
5766,6,20534538,20534539,20534461,+,35,20534539,20534574
5767,6,21593788,21593789,21593751,+,4830,21593789,21598619
5768,6,21593809,21593810,21593750,+,4809,21593810,21598619
5769,6,21593831,21593832,21593749,+,4787,21593832,21598619
5770,6,21883897,21883898,21883836,+,-285279,21883898,21883898
5771,6,22146384,22146385,22146322,+,425281,22146385,22146385
5772,6,22146386,22146387,22146326,+,425279,22146387,22146387
5773,6,22146386,22146387,22146332,+,425279,22146387,22146387
5774,6,22146392,22146393,22146341,+,425273,22146393,22146393
5775,6,24403011,24403012,24402936,+,224,24403012,24403236
5776,6,24775004,24775005,24774937,+,107,24775005,24775112
5777,6,24775008,24775009,24774940,+,103,24775009,24775112
5778,6,24935928,24935929,24935960,-,91,24935929,24935838
5779,6,24974475,24974476,24974505,-,38638,24974476,24974476
5780,6,25166502,25166503,25166534,-,124652,25166503,25166503
5781,6,25166518,25166519,25166550,-,124668,25166519,25166519
5782,6,25166523,25166524,25166555,-,124673,25166524,25166524
5783,6,25166528,25166529,25166558,-,124678,25166529,25166529
5784,6,25166531,25166532,25166563,-,124681,25166532,25166532
5785,6,25166539,25166540,25166570,-,124689,25166540,25166540
5786,6,25962854,25962855,25962802,+,0,25962855,25962855
5787,6,26020535,26020536,26020456,+,422,26020536,26020958
5788,6,26020537,26020538,26020453,+,420,26020538,26020958
5789,6,26021690,26021691,26021655,+,359,26021691,26022050
5790,6,26021714,26021715,26021651,+,335,26021715,26022050
5791,6,26021716,26021717,26021649,+,333,26021717,26022050
5792,6,26021718,26021719,26021653,+,331,26021719,26022050
5793,6,26027249,26027250,26027281,-,354,26027250,26026896
5794,6,26027257,26027258,26027283,-,362,26027258,26026896
5795,6,26027267,26027268,26027285,-,372,26027268,26026896
5796,6,26032068,26032069,26032100,-,480,26032069,26031589
5797,6,26032071,26032072,26032099,-,483,26032072,26031589
5798,6,26033584,26033585,26033616,-,493,26033585,26033092
5799,6,26033588,26033589,26033618,-,497,26033589,26033092
5800,6,26045462,26045463,26045384,+,406,26045463,26045869
5801,6,26056447,26056448,26056470,-,708,26056448,26055740
5802,6,26056450,26056451,26056475,-,711,26056451,26055740
5803,6,26103980,26103981,26103935,+,356,26103981,26104337
5804,6,26104017,26104018,26103933,+,319,26104018,26104337
5805,6,26123895,26123896,26123926,-,381,26123896,26123515
5806,6,26123901,26123902,26123923,-,387,26123902,26123515
5807,6,26124256,26124257,26124172,+,376,26124257,26124633
5808,6,26157861,26157862,26157891,-,-30848,26157862,26157862
5809,6,26158125,26158126,26158126,+,433,26158126,26158559
5810,6,26158190,26158191,26158123,+,368,26158191,26158559
5811,6,26158199,26158200,26158121,+,359,26158200,26158559
5812,6,26158206,26158207,26158122,+,352,26158207,26158559
5813,6,26158209,26158210,26158125,+,349,26158210,26158559
5814,6,26189078,26189079,26189110,-,369,26189079,26188710
5815,6,26189080,26189081,26189112,-,371,26189081,26188710
5816,6,26197251,26197252,26197285,-,468,26197252,26196784
5817,6,26197263,26197264,26197286,-,480,26197264,26196784
5818,6,26199269,26199270,26199293,-,321,26199270,26198949
5819,6,26199552,26199553,26199489,+,435,26199553,26199988
5820,6,26199557,26199558,26199516,+,430,26199558,26199988
5821,6,26199567,26199568,26199518,+,420,26199568,26199988
5822,6,26199571,26199572,26199487,+,416,26199572,26199988
5823,6,26199596,26199597,26199522,+,391,26199597,26199988
5824,6,26199604,26199605,26199520,+,383,26199605,26199988
5825,6,26204673,26204674,26204611,+,347,26204674,26205021
5826,6,26204683,26204684,26204610,+,337,26204684,26205021
5827,6,26216647,26216648,26216687,-,448,26216648,26216200
5828,6,26216656,26216657,26216688,-,457,26216657,26216200
5829,6,26217005,26217006,26216921,+,431,26217006,26217437
5830,6,26234968,26234969,26234989,-,757,26234969,26234212
5831,6,26234969,26234970,26234987,-,758,26234970,26234212
5832,6,26234973,26234974,26234990,-,762,26234974,26234212
5833,6,26240449,26240450,26240393,+,343,26240450,26240793
5834,6,26240455,26240456,26240395,+,337,26240456,26240793
5835,6,26250603,26250604,26250635,-,462,26250604,26250142
5836,6,26250606,26250607,26250639,-,465,26250607,26250142
5837,6,26251697,26251698,26251614,+,377,26251698,26252075
5838,6,26271381,26271382,26271413,-,464,26271382,26270918
5839,6,26273013,26273014,26272934,+,398,26273014,26273412
5840,6,26273015,26273016,26272931,+,396,26273016,26273412
5841,6,26285514,26285515,26285534,-,389,26285515,26285126
5842,6,26458015,26458016,26457955,+,126,26458016,26458142
5843,6,26474420,26474421,26474346,+,-9015,26474421,26465406
5844,6,27132773,27132774,27132795,-,249,27132774,27132525
5845,6,27133090,27133091,27133042,+,444,27133091,27133535
5846,6,27133127,27133128,27133043,+,407,27133128,27133535
5847,6,27139343,27139344,27139282,+,334,27139344,27139678
5848,6,27146821,27146822,27146852,-,461,27146822,27146361
5849,6,27146823,27146824,27146855,-,463,27146824,27146361
5850,6,27147186,27147187,27147106,+,375,27147187,27147562
5851,6,27473073,27473074,27473105,-,101,27473074,27472973
5852,6,27807897,27807898,27807929,-,419,27807898,27807479
5853,6,27808257,27808258,27808173,+,409,27808258,27808667
5854,6,27810123,27810124,27810051,+,412,27810124,27810536
5855,6,27814745,27814746,27814777,-,444,27814746,27814302
5856,6,27815106,27815107,27815022,+,382,27815107,27815489
5857,6,27824133,27824134,27824094,+,346,27824134,27824480
5858,6,27838337,27838338,27838369,-,458,27838338,27837880
5859,6,27838343,27838344,27838375,-,464,27838344,27837880
5860,6,27838631,27838632,27838547,+,406,27838632,27839038
5861,6,27838636,27838637,27838557,+,401,27838637,27839038
5862,6,27838650,27838651,27838578,+,387,27838651,27839038
5863,6,27838652,27838653,27838569,+,385,27838653,27839038
5864,6,27838657,27838658,27838573,+,380,27838658,27839038
5865,6,27865396,27865397,27865318,+,401,27865397,27865798
5866,6,27865396,27865397,27865319,+,401,27865397,27865798
5867,6,27867556,27867557,27867588,-,765,27867557,27866792
5868,6,27872313,27872314,27872345,-,469,27872314,27871845
5869,6,27872316,27872317,27872348,-,472,27872317,27871845
5870,6,27872327,27872328,27872346,-,483,27872328,27871845
5871,6,27873501,27873502,27873531,-,354,27873502,27873148
5872,6,27873503,27873504,27873534,-,356,27873504,27873148
5873,6,27890806,27890807,27890826,-,492,27890807,27890315
5874,6,27893153,27893154,27893185,-,455,27893154,27892699
5875,6,27893509,27893510,27893425,+,381,27893510,27893891
5876,6,28136813,28136814,28136844,-,-114744,28136814,28136814
5877,6,28658280,28658281,28658313,-,60557,28658281,28658281
5878,6,28729373,28729374,28729310,+,-203274,28729374,28729374
5879,6,28735474,28735475,28735506,-,137751,28735475,28735475
5880,6,28951114,28951115,28951070,+,148743,28951115,28951115
5881,6,29942616,29942617,29942532,+,9,29942617,29942626
5882,6,30061125,30061126,30061157,-,-14097,30061126,30075223
5883,6,30061319,30061320,30061265,+,69,30061320,30061389
5884,6,30489585,30489586,30489512,+,9,30489586,30489595
5885,6,30617214,30617215,30617243,-,-9,30617215,30617224
5886,6,30617924,30617925,30617840,+,18,30617925,30617943
5887,6,30617940,30617941,30617856,+,2,30617941,30617943
5888,6,30626955,30626956,30626874,+,36,30626956,30626992
5889,6,30626955,30626956,30626878,+,36,30626956,30626992
5890,6,30626959,30626960,30626876,+,32,30626960,30626992
5891,6,30672961,30672962,30672991,-,6,30672962,30672956
5892,6,30672974,30672975,30672996,-,19,30672975,30672956
5893,6,30690945,30690946,30690983,-,104,30690946,30690842
5894,6,30690952,30690953,30690984,-,111,30690953,30690842
5895,6,30720392,30720393,30720313,+,170,30720393,30720563
5896,6,30720410,30720411,30720345,+,152,30720411,30720563
5897,6,30720426,30720427,30720353,+,136,30720427,30720563
5898,6,30720431,30720432,30720352,+,131,30720432,30720563
5899,6,30720434,30720435,30720360,+,128,30720435,30720563
5900,6,30720439,30720440,30720355,+,123,30720440,30720563
5901,6,30720441,30720442,30720357,+,121,30720442,30720563
5902,6,30744515,30744516,30744547,-,207,30744516,30744309
5903,6,30908281,30908282,30908207,+,96,30908282,30908378
5904,6,30908283,30908284,30908199,+,94,30908284,30908378
5905,6,31272058,31272059,31272090,-,60,31272059,31271999
5906,6,31272075,31272076,31272092,-,77,31272076,31271999
5907,6,31357147,31357148,31357179,-,62,31357148,31357086
5908,6,31541933,31541934,31541970,-,-16,31541934,31541950
5909,6,31541965,31541966,31542000,-,16,31541966,31541950
5910,6,31541969,31541970,31542001,-,20,31541970,31541950
5911,6,31541973,31541974,31542005,-,24,31541974,31541950
5912,6,31541975,31541976,31542008,-,26,31541976,31541950
5913,6,31541983,31541984,31542003,-,34,31541984,31541950
5914,6,31616052,31616053,31615968,+,92,31616053,31616145
5915,6,31616078,31616079,31616001,+,66,31616079,31616145
5916,6,31616080,31616081,31615999,+,64,31616081,31616145
5917,6,31616081,31616082,31616017,+,63,31616082,31616145
5918,6,31616104,31616105,31616020,+,40,31616105,31616145
5919,6,31616127,31616128,31616043,+,17,31616128,31616145
5920,6,31652617,31652618,31652649,-,105,31652618,31652513
5921,6,31652629,31652630,31652659,-,117,31652630,31652513
5922,6,31664962,31664963,31664994,-,122,31664963,31664841
5923,6,31665830,31665831,31665862,-,-30,31665831,31665861
5924,6,31666157,31666158,31666080,+,50,31666158,31666208
5925,6,31736281,31736282,31736306,-,20,31736282,31736262
5926,6,31736284,31736285,31736309,-,23,31736285,31736262
5927,6,31736291,31736292,31736323,-,30,31736292,31736262
5928,6,31736481,31736482,31736513,-,-1,31736482,31736483
5929,6,31736534,31736535,31736566,-,-10,31736535,31736545
5930,6,31806796,31806797,31806828,-,42,31806797,31806755
5931,6,31827801,31827802,31827737,+,2452,31827802,31830254
5932,6,31834989,31834990,31834916,+,-4736,31834990,31830254
5933,6,31959213,31959214,31959175,+,0,31959214,31959214
5934,6,32154212,32154213,32154141,+,33,32154213,32154246
5935,6,32154213,32154214,32154144,+,32,32154214,32154246
5936,6,32178481,32178482,32178405,+,169,32178482,32178651
5937,6,32178498,32178499,32178434,+,152,32178499,32178651
5938,6,32178501,32178502,32178436,+,149,32178502,32178651
5939,6,32190148,32190149,32190179,-,454,32190149,32189695
5940,6,32843985,32843986,32844017,-,136,32843986,32843850
5941,6,32843990,32843991,32844021,-,141,32843991,32843850
5942,6,32843990,32843991,32844022,-,141,32843991,32843850
5943,6,32843992,32843993,32844023,-,143,32843993,32843850
5944,6,32843994,32843995,32844026,-,145,32843995,32843850
5945,6,32844001,32844002,32844019,-,152,32844002,32843850
5946,6,32844022,32844023,32844047,-,173,32844023,32843850
5947,6,32844203,32844204,32844119,+,70,32844204,32844274
5948,6,32844375,32844376,32844407,-,97,32844376,32844279
5949,6,32854253,32854254,32854192,+,35,32854254,32854289
5950,6,32972201,32972202,32972202,+,725,32972202,32972927
5951,6,32972272,32972273,32972201,+,654,32972273,32972927
5952,6,32972282,32972283,32972198,+,644,32972283,32972927
5953,6,33200626,33200627,33200658,-,385,33200627,33200242
5954,6,33200630,33200631,33200662,-,389,33200631,33200242
5955,6,33208559,33208560,33208500,+,84,33208560,33208644
5956,6,33271832,33271833,33271864,-,247,33271833,33271586
5957,6,33271844,33271845,33271876,-,259,33271845,33271586
5958,6,33272121,33272122,33272077,+,0,33272122,33272122
5959,6,33272121,33272122,33272084,+,0,33272122,33272122
5960,6,33272121,33272122,33272095,+,0,33272122,33272122
5961,6,33272121,33272122,33272111,+,0,33272122,33272122
5962,6,33289194,33289195,33289226,-,93,33289195,33289102
5963,6,33289206,33289207,33289238,-,105,33289207,33289102
5964,6,33289619,33289620,33289597,+,0,33289620,33289620
5965,6,33289619,33289620,33289601,+,0,33289620,33289620
5966,6,33289697,33289698,33289632,+,-70,33289698,33289628
5967,6,33289704,33289705,33289627,+,-77,33289705,33289628
5968,6,33314032,33314033,33314064,-,28,33314033,33314005
5969,6,33391890,33391891,33391830,+,106,33391891,33391997
5970,6,33391907,33391908,33391823,+,89,33391908,33391997
5971,6,33418032,33418033,33418058,-,-54,33418033,33418087
5972,6,33418082,33418083,33418114,-,-4,33418083,33418087
5973,6,33418085,33418086,33418107,-,-1,33418086,33418087
5974,6,33418139,33418140,33418171,-,53,33418140,33418087
5975,6,34425996,34425997,34426028,-,-35,34425997,34426032
5976,6,34425997,34425998,34426029,-,-34,34425998,34426032
5977,6,34426006,34426007,34426035,-,-25,34426007,34426032
5978,6,34757544,34757545,34757498,+,6,34757545,34757551
5979,6,34757550,34757551,34757494,+,0,34757551,34757551
5980,6,34757550,34757551,34757497,+,0,34757551,34757551
5981,6,34757550,34757551,34757505,+,0,34757551,34757551
5982,6,34757550,34757551,34757507,+,0,34757551,34757551
5983,6,34757550,34757551,34757510,+,0,34757551,34757551
5984,6,34757550,34757551,34757512,+,0,34757551,34757551
5985,6,34757550,34757551,34757514,+,0,34757551,34757551
5986,6,34757550,34757551,34757515,+,0,34757551,34757551
5987,6,34757550,34757551,34757517,+,0,34757551,34757551
5988,6,34757550,34757551,34757518,+,0,34757551,34757551
5989,6,34757550,34757551,34757519,+,0,34757551,34757551
5990,6,34757550,34757551,34757520,+,0,34757551,34757551
5991,6,34757550,34757551,34757526,+,0,34757551,34757551
5992,6,34757550,34757551,34757534,+,0,34757551,34757551
5993,6,35468438,35468439,35468401,+,0,35468439,35468439
5994,6,35468438,35468439,35468403,+,0,35468439,35468439
5995,6,35468438,35468439,35468404,+,0,35468439,35468439
5996,6,35468438,35468439,35468405,+,0,35468439,35468439
5997,6,35921063,35921064,35921095,-,20,35921064,35921044
5998,6,36027873,36027874,36027808,+,10,36027874,36027884
5999,6,36594402,36594403,36594368,+,78,36594403,36594481
6000,6,36594425,36594426,36594364,+,55,36594426,36594481
6001,6,36594425,36594426,36594367,+,55,36594426,36594481
6002,6,36639640,36639641,36639672,-,92451,36639641,36639641
6003,6,36874955,36874956,36874987,-,239,36874956,36874717
6004,6,36874962,36874963,36874994,-,246,36874963,36874717
6005,6,36874982,36874983,36875014,-,266,36874983,36874717
6006,6,36874987,36874988,36875020,-,271,36874988,36874717
6007,6,37354114,37354115,37354054,+,3,37354115,37354118
6008,6,37499858,37499859,37499890,-,37,37499859,37499822
6009,6,37499861,37499862,37499893,-,40,37499862,37499822
6010,6,38703077,38703078,38703109,-,107,38703078,38702971
6011,6,38703079,38703080,38703112,-,109,38703080,38702971
6012,6,38703096,38703097,38703114,-,126,38703097,38702971
6013,6,38703125,38703126,38703145,-,155,38703126,38702971
6014,6,39934430,39934431,39934462,-,136,39934431,39934295
6015,6,41073053,41073054,41072969,+,30,41073054,41073084
6016,6,41787765,41787766,41787681,+,59,41787766,41787825
6017,6,41787769,41787770,41787685,+,55,41787770,41787825
6018,6,41787771,41787772,41787687,+,53,41787772,41787825
6019,6,41787772,41787773,41787688,+,52,41787773,41787825
6020,6,41787779,41787780,41787695,+,45,41787780,41787825
6021,6,41921573,41921574,41921503,+,256,41921574,41921830
6022,6,41921576,41921577,41921499,+,253,41921577,41921830
6023,6,42217835,42217836,42217861,-,34,42217836,42217802
6024,6,42746061,42746062,42746093,-,1564,42746062,42744498
6025,6,42979177,42979178,42979215,-,909,42979178,42978269
6026,6,42979181,42979182,42979220,-,913,42979182,42978269
6027,6,43014292,43014293,43014250,+,55,43014293,43014348
6028,6,43014306,43014307,43014228,+,41,43014307,43014348
6029,6,43014311,43014312,43014239,+,36,43014312,43014348
6030,6,43014321,43014322,43014253,+,26,43014322,43014348
6031,6,43014322,43014323,43014247,+,25,43014323,43014348
6032,6,43014322,43014323,43014258,+,25,43014323,43014348
6033,6,43014326,43014327,43014249,+,21,43014327,43014348
6034,6,43059370,43059371,43059402,-,85,43059371,43059286
6035,6,43059373,43059374,43059405,-,88,43059374,43059286
6036,6,43059386,43059387,43059418,-,101,43059387,43059286
6037,6,43059390,43059391,43059411,-,105,43059391,43059286
6038,6,43059392,43059393,43059424,-,107,43059393,43059286
6039,6,43059396,43059397,43059428,-,111,43059397,43059286
6040,6,43059406,43059407,43059438,-,121,43059407,43059286
6041,6,43517155,43517156,43517089,+,22,43517156,43517178
6042,6,43635920,43635921,43635868,+,0,43635921,43635921
6043,6,43687769,43687770,43687791,-,102,43687770,43687668
6044,6,43687771,43687772,43687801,-,104,43687772,43687668
6045,6,44223640,44223641,44223595,+,0,44223641,44223641
6046,6,44247181,44247182,44247097,+,13,44247182,44247195
6047,6,44247182,44247183,44247098,+,12,44247183,44247195
6048,6,44247184,44247185,44247100,+,10,44247185,44247195
6049,6,44247185,44247186,44247101,+,9,44247186,44247195
6050,6,44247186,44247187,44247102,+,8,44247187,44247195
6051,6,44247190,44247191,44247106,+,4,44247191,44247195
6052,6,44247194,44247195,44247119,+,0,44247195,44247195
6053,6,44387771,44387772,44387704,+,96,44387772,44387868
6054,6,44387784,44387785,44387710,+,83,44387785,44387868
6055,6,44387788,44387789,44387715,+,79,44387789,44387868
6056,6,49463454,49463455,49463370,+,-2,49463455,49463453
6057,6,52284660,52284661,52284692,-,64,52284661,52284597
6058,6,52284675,52284676,52284707,-,79,52284676,52284597
6059,6,52284717,52284718,52284749,-,121,52284718,52284597
6060,6,52284728,52284729,52284760,-,132,52284729,52284597
6061,6,52671181,52671182,52671118,+,63,52671182,52671245
6062,6,52995704,52995705,52995620,+,56328,52995705,52995705
6063,6,53348886,53348887,53348918,-,70,53348887,53348817
6064,6,53348888,53348889,53348920,-,72,53348889,53348817
6065,6,53348907,53348908,53348939,-,91,53348908,53348817
6066,6,53348910,53348911,53348942,-,94,53348911,53348817
6067,6,57172379,57172380,57172306,+,430,57172380,57172810
6068,6,57317694,57317695,57317630,+,6,57317695,57317701
6069,6,63572611,63572612,63572549,+,107,63572612,63572719
6070,6,63572612,63572613,63572559,+,106,63572613,63572719
6071,6,73462022,73462023,73461959,+,48,73462023,73462071
6072,6,75243716,75243717,75243747,-,0,75243717,75243717
6073,6,75243731,75243732,75243763,-,15,75243732,75243717
6074,6,75243739,75243740,75243767,-,23,75243740,75243717
6075,6,75243739,75243740,75243771,-,23,75243740,75243717
6076,6,75243741,75243742,75243773,-,25,75243742,75243717
6077,6,75243743,75243744,75243774,-,27,75243744,75243717
6078,6,75243744,75243745,75243776,-,28,75243745,75243717
6079,6,75243749,75243750,75243780,-,33,75243750,75243717
6080,6,75243754,75243755,75243777,-,38,75243755,75243717
6081,6,75243755,75243756,75243787,-,39,75243756,75243717
6082,6,75243758,75243759,75243790,-,42,75243759,75243717
6083,6,75243759,75243760,75243789,-,43,75243760,75243717
6084,6,75243760,75243761,75243785,-,44,75243761,75243717
6085,6,75243768,75243769,75243800,-,52,75243769,75243717
6086,6,75243769,75243770,75243786,-,53,75243770,75243717
6087,6,75243769,75243770,75243792,-,53,75243770,75243717
6088,6,75243778,75243779,75243810,-,62,75243779,75243717
6089,6,75243780,75243781,75243812,-,64,75243781,75243717
6090,6,75243781,75243782,75243801,-,65,75243782,75243717
6091,6,75243789,75243790,75243807,-,73,75243790,75243717
6092,6,75243789,75243790,75243809,-,73,75243790,75243717
6093,6,75243808,75243809,75243840,-,92,75243809,75243717
6094,6,75284748,75284749,75284780,-,347,75284749,75284402
6095,6,78867623,78867624,78867547,+,267,78867624,78867891
6096,6,79078169,79078170,79078200,-,141,79078170,79078029
6097,6,79947519,79947520,79947551,-,340,79947520,79947180
6098,6,80004712,80004713,80004650,+,0,80004713,80004713
6099,6,80106739,80106740,80106671,+,149,80106740,80106889
6100,6,85678703,85678704,85678733,-,34767,85678704,85678704
6101,6,85678703,85678704,85678735,-,34767,85678704,85678704
6102,6,85678704,85678705,85678736,-,34768,85678705,85678705
6103,6,86171183,86171184,86171215,-,527247,86171184,86171184
6104,6,87473018,87473019,87472977,+,0,87473019,87473019
6105,6,87590191,87590192,87590128,+,0,87590192,87590192
6106,6,87590191,87590192,87590135,+,0,87590192,87590192
6107,6,87590191,87590192,87590136,+,0,87590192,87590192
6108,6,87590191,87590192,87590137,+,0,87590192,87590192
6109,6,87590191,87590192,87590139,+,0,87590192,87590192
6110,6,87590191,87590192,87590141,+,0,87590192,87590192
6111,6,87590191,87590192,87590148,+,0,87590192,87590192
6112,6,87590191,87590192,87590160,+,0,87590192,87590192
6113,6,89080817,89080818,89080751,+,155,89080818,89080973
6114,6,96897797,96897798,96897829,-,132,96897798,96897666
6115,6,96897822,96897823,96897846,-,157,96897823,96897666
6116,6,96897828,96897829,96897862,-,163,96897829,96897666
6117,6,96897838,96897839,96897863,-,173,96897839,96897666
6118,6,96897859,96897860,96897891,-,194,96897860,96897666
6119,6,99425254,99425255,99425284,-,40,99425255,99425215
6120,6,99425271,99425272,99425303,-,57,99425272,99425215
6121,6,99425276,99425277,99425308,-,62,99425277,99425215
6122,6,99515391,99515392,99515423,-,0,99515392,99515392
6123,6,99568596,99568597,99568628,-,101,99568597,99568496
6124,6,99568628,99568629,99568660,-,-89,99568629,99568718
6125,6,100881269,100881270,100881301,-,209,100881270,100881061
6126,6,105403050,105403051,105403082,-,204,105403051,105402847
6127,6,106521214,106521215,106521135,+,20080,106521215,106521215
6128,6,106521216,106521217,106521139,+,20078,106521217,106521217
6129,6,106521218,106521219,106521137,+,20076,106521219,106521219
6130,6,106629662,106629663,106629578,+,42,106629663,106629705
6131,6,106629665,106629666,106629581,+,39,106629666,106629705
6132,6,109382380,109382381,109382411,-,177,109382381,109382204
6133,6,109382436,109382437,109382467,-,233,109382437,109382204
6134,6,109382437,109382438,109382469,-,234,109382438,109382204
6135,6,110180511,110180512,110180427,+,121,110180512,110180633
6136,6,110874869,110874870,110874785,+,345,110874870,110875215
6137,6,110958771,110958772,110958706,+,54,110958772,110958826
6138,6,110982128,110982129,110982065,+,0,110982129,110982129
6139,6,110982128,110982129,110982080,+,0,110982129,110982129
6140,6,110982128,110982129,110982081,+,0,110982129,110982129
6141,6,110982128,110982129,110982084,+,0,110982129,110982129
6142,6,111873420,111873421,111873452,-,151,111873421,111873270
6143,6,112087696,112087697,112087612,+,12,112087697,112087709
6144,6,113971105,113971106,113971136,-,249,113971106,113970857
6145,6,113971106,113971107,113971137,-,250,113971107,113970857
6146,6,116279894,116279895,116279926,-,5037,116279895,116274858
6147,6,116279898,116279899,116279930,-,5041,116279899,116274858
6148,6,117602469,117602470,117602501,-,466,117602470,117602004
6149,6,118894236,118894237,118894152,+,285,118894237,118894522
6150,6,118894268,118894269,118894195,+,253,118894269,118894522
6151,6,118894268,118894269,118894200,+,253,118894269,118894522
6152,6,118894270,118894271,118894217,+,251,118894271,118894522
6153,6,118894270,118894271,118894218,+,251,118894271,118894522
6154,6,118894281,118894282,118894221,+,240,118894282,118894522
6155,6,118894294,118894295,118894220,+,227,118894295,118894522
6156,6,126340180,126340181,126340096,+,218,126340181,126340399
6157,6,126340198,126340199,126340115,+,200,126340199,126340399
6158,6,126340204,126340205,126340120,+,194,126340205,126340399
6159,6,126340232,126340233,126340148,+,166,126340233,126340399
6160,6,127343335,127343336,127343359,-,0,127343336,127343336
6161,6,127901026,127901027,127901058,-,185,127901027,127900842
6162,6,132814612,132814613,132814569,+,0,132814613,132814613
6163,6,135054787,135054788,135054819,-,139,135054788,135054649
6164,6,135181388,135181389,135181304,+,147,135181389,135181536
6165,6,135181392,135181393,135181308,+,143,135181393,135181536
6166,6,135181394,135181395,135181310,+,141,135181395,135181536
6167,6,135181399,135181400,135181315,+,136,135181400,135181536
6168,6,135181402,135181403,135181318,+,133,135181403,135181536
6169,6,136250278,136250279,136250308,-,15,136250279,136250264
6170,6,136250281,136250282,136250311,-,18,136250282,136250264
6171,6,136289800,136289801,136289832,-,88,136289801,136289713
6172,6,136289806,136289807,136289838,-,94,136289807,136289713
6173,6,136289814,136289815,136289846,-,102,136289815,136289713
6174,6,136289816,136289817,136289844,-,104,136289817,136289713
6175,6,136289824,136289825,136289841,-,112,136289825,136289713
6176,6,138988250,138988251,138988282,-,721,138988251,138987530
6177,6,139028829,139028830,139028745,+,45,139028830,139028875
6178,6,139028844,139028845,139028772,+,30,139028845,139028875
6179,6,139028864,139028865,139028799,+,10,139028865,139028875
6180,6,139374616,139374617,139374648,-,204,139374617,139374413
6181,6,142147341,142147342,142147263,+,57,142147342,142147399
6182,6,144095545,144095546,144095573,-,662,144095546,144094884
6183,6,149746472,149746473,149746504,-,97,149746473,149746376
6184,6,149749840,149749841,149749767,+,115,149749841,149749956
6185,6,149749843,149749844,149749779,+,112,149749844,149749956
6186,6,152983007,152983008,152983039,-,151,152983008,152982857
6187,6,152983009,152983010,152983041,-,153,152983010,152982857
6188,6,157323482,157323483,157323514,-,71,157323483,157323412
6189,6,159762125,159762126,159762045,+,16,159762126,159762142
6190,6,159789581,159789582,159789602,-,177,159789582,159789405
6191,6,159789654,159789655,159789686,-,250,159789655,159789405
6192,6,159789682,159789683,159789709,-,278,159789683,159789405
6193,6,159790028,159790029,159789947,+,610,159790029,159790639
6194,6,159790028,159790029,159789952,+,610,159790029,159790639
6195,6,159790060,159790061,159789990,+,578,159790061,159790639
6196,6,159790551,159790552,159790467,+,87,159790552,159790639
6197,6,159790552,159790553,159790468,+,86,159790553,159790639
6198,6,159790553,159790554,159790469,+,85,159790554,159790639
6199,6,166342513,166342514,166342545,-,95,166342514,166342419
6200,6,166382910,166382911,166382940,-,105,166382911,166382806
6201,6,166999450,166999451,166999397,+,63,166999451,166999514
6202,6,170553246,170553247,170553272,-,117,170553247,170553130
6203,6,170553249,170553250,170553279,-,120,170553250,170553130
6204,6,170553250,170553251,170553282,-,121,170553251,170553130
6205,6,170553254,170553255,170553280,-,125,170553255,170553130
6206,6,170553257,170553258,170553275,-,128,170553258,170553130
6207,6,170553262,170553263,170553294,-,133,170553263,170553130
6208,6,170553264,170553265,170553290,-,135,170553265,170553130
6209,6,170553267,170553268,170553299,-,138,170553268,170553130
6210,6,170553277,170553278,170553307,-,148,170553278,170553130
6211,7,816672,816673,816643,+,0,816673,816673
6212,7,2354932,2354933,2354869,+,183,2354933,2355116
6213,7,2403644,2403645,2403611,+,0,2403645,2403645
6214,7,5045937,5045938,5045860,+,20,5045938,5045958
6215,7,5530569,5530570,5530601,-,28,5530570,5530542
6216,7,6009343,6009344,6009274,+,34,6009344,6009378
6217,7,6009356,6009357,6009272,+,21,6009357,6009378
6218,7,6059143,6059144,6059175,-,178,6059144,6058966
6219,7,6374572,6374573,6374505,+,197,6374573,6374770
6220,7,6374575,6374576,6374507,+,194,6374576,6374770
6221,7,6484158,6484159,6484190,-,192,6484159,6483967
6222,7,6706915,6706916,6706947,-,484,6706916,6706432
6223,7,6729865,6729866,6729781,+,24308,6729866,6729866
6224,7,7157425,7157426,7157405,+,-227,7157426,7157199
6225,7,7640402,7640403,7640424,-,-320,7640403,7640723
6226,7,7640403,7640404,7640434,-,-319,7640404,7640723
6227,7,7640406,7640407,7640437,-,-316,7640407,7640723
6228,7,7640409,7640410,7640441,-,-313,7640410,7640723
6229,7,7640412,7640413,7640435,-,-310,7640413,7640723
6230,7,7640431,7640432,7640463,-,-291,7640432,7640723
6231,7,7640435,7640436,7640469,-,-287,7640436,7640723
6232,7,7640439,7640440,7640471,-,-283,7640440,7640723
6233,7,7640458,7640459,7640490,-,-264,7640459,7640723
6234,7,10940099,10940100,10940130,-,84,10940100,10940016
6235,7,10940102,10940103,10940132,-,87,10940103,10940016
6236,7,10940109,10940110,10940135,-,94,10940110,10940016
6237,7,10940111,10940112,10940143,-,96,10940112,10940016
6238,7,10940113,10940114,10940145,-,98,10940114,10940016
6239,7,10940119,10940120,10940151,-,104,10940120,10940016
6240,7,10940120,10940121,10940152,-,105,10940121,10940016
6241,7,10940132,10940133,10940159,-,117,10940133,10940016
6242,7,10940132,10940133,10940163,-,117,10940133,10940016
6243,7,10940133,10940134,10940165,-,118,10940134,10940016
6244,7,10940134,10940135,10940158,-,119,10940135,10940016
6245,7,10940134,10940135,10940161,-,119,10940135,10940016
6246,7,10940136,10940137,10940153,-,121,10940137,10940016
6247,7,10940137,10940138,10940169,-,122,10940138,10940016
6248,7,10940138,10940139,10940170,-,123,10940139,10940016
6249,7,10940139,10940140,10940171,-,124,10940140,10940016
6250,7,10940141,10940142,10940173,-,126,10940142,10940016
6251,7,10940143,10940144,10940175,-,128,10940144,10940016
6252,7,10940159,10940160,10940177,-,144,10940160,10940016
6253,7,10973956,10973957,10973872,+,367,10973957,10974324
6254,7,10973967,10973968,10973883,+,356,10973968,10974324
6255,7,10973986,10973987,10973903,+,337,10973987,10974324
6256,7,16646229,16646230,16646145,+,58,16646230,16646288
6257,7,16646231,16646232,16646147,+,56,16646232,16646288
6258,7,16646236,16646237,16646152,+,51,16646237,16646288
6259,7,16646238,16646239,16646154,+,49,16646239,16646288
6260,7,16646240,16646241,16646156,+,47,16646241,16646288
6261,7,16646244,16646245,16646160,+,43,16646245,16646288
6262,7,16646249,16646250,16646165,+,38,16646250,16646288
6263,7,18290513,18290514,18290449,+,1,18290514,18290515
6264,7,19708994,19708995,19709026,-,232,19708995,19708763
6265,7,19709005,19709006,19709037,-,243,19709006,19708763
6266,7,23299406,23299407,23299339,+,201,23299407,23299608
6267,7,23299410,23299411,23299341,+,197,23299411,23299608
6268,7,25125228,25125229,25125259,-,29,25125229,25125200
6269,7,25125229,25125230,25125260,-,30,25125230,25125200
6270,7,25125234,25125235,25125264,-,35,25125235,25125200
6271,7,25125270,25125271,25125304,-,71,25125271,25125200
6272,7,25125290,25125291,25125316,-,91,25125291,25125200
6273,7,26200713,26200714,26200743,-,142,26200714,26200572
6274,7,26200713,26200714,26200745,-,142,26200714,26200572
6275,7,26200719,26200720,26200748,-,148,26200720,26200572
6276,7,26200719,26200720,26200749,-,148,26200720,26200572
6277,7,26200729,26200730,26200746,-,158,26200730,26200572
6278,7,26200751,26200752,26200782,-,180,26200752,26200572
6279,7,26200758,26200759,26200775,-,187,26200759,26200572
6280,7,26200759,26200760,26200784,-,188,26200760,26200572
6281,7,26201804,26201805,26201755,+,21,26201805,26201826
6282,7,26201808,26201809,26201760,+,17,26201809,26201826
6283,7,26201813,26201814,26201749,+,12,26201814,26201826
6284,7,26201825,26201826,26201783,+,0,26201826,26201826
6285,7,27740260,27740261,27740182,+,8,27740261,27740269
6286,7,32490347,32490348,32490380,-,28,32490348,32490320
6287,7,35801269,35801270,35801219,+,0,35801270,35801270
6288,7,35801269,35801270,35801244,+,0,35801270,35801270
6289,7,37342741,37342742,37342768,-,129,37342742,37342613
6290,7,37342743,37342744,37342775,-,131,37342744,37342613
6291,7,37342807,37342808,37342839,-,195,37342808,37342613
6292,7,37920739,37920740,37920671,+,468,37920740,37921208
6293,7,38359099,38359100,38359131,-,85513,38359100,38359100
6294,7,38359103,38359104,38359135,-,85517,38359104,38359104
6295,7,40134585,40134586,40134617,-,357,40134586,40134229
6296,7,40134589,40134590,40134621,-,361,40134590,40134229
6297,7,40134600,40134601,40134619,-,372,40134601,40134229
6298,7,40134601,40134602,40134622,-,373,40134602,40134229
6299,7,42932134,42932135,42932166,-,17,42932135,42932118
6300,7,42932141,42932142,42932171,-,24,42932142,42932118
6301,7,42932141,42932142,42932173,-,24,42932142,42932118
6302,7,42932150,42932151,42932174,-,33,42932151,42932118
6303,7,42932150,42932151,42932181,-,33,42932151,42932118
6304,7,42932461,42932462,42932377,+,54,42932462,42932516
6305,7,42932466,42932467,42932382,+,49,42932467,42932516
6306,7,42932467,42932468,42932383,+,48,42932468,42932516
6307,7,43583174,43583175,43583110,+,274,43583175,43583449
6308,7,43729458,43729459,43729483,-,30,43729459,43729429
6309,7,43729464,43729465,43729491,-,36,43729465,43729429
6310,7,43729466,43729467,43729501,-,38,43729467,43729429
6311,7,43869475,43869476,43869507,-,19,43869476,43869457
6312,7,44044758,44044759,44044706,+,61,44044759,44044820
6313,7,44123519,44123520,44123536,-,9,44123520,44123511
6314,7,44573873,44573874,44573905,-,38,44573874,44573836
6315,7,44573879,44573880,44573908,-,44,44573880,44573836
6316,7,44606652,44606653,44606627,+,0,44606653,44606653
6317,7,44796741,44796742,44796682,+,51,44796742,44796793
6318,7,44796755,44796756,44796679,+,37,44796756,44796793
6319,7,44796762,44796763,44796678,+,30,44796763,44796793
6320,7,44796764,44796765,44796680,+,28,44796765,44796793
6321,7,44796766,44796767,44796681,+,26,44796767,44796793
6322,7,44848022,44848023,44848054,-,54,44848023,44847969
6323,7,44848048,44848049,44848080,-,80,44848049,44847969
6324,7,44848055,44848056,44848087,-,87,44848056,44847969
6325,7,44848077,44848078,44848106,-,109,44848078,44847969
6326,7,44978983,44978984,44979015,-,117,44978984,44978867
6327,7,44986554,44986555,44986584,-,7688,44986555,44978867
6328,7,44986583,44986584,44986615,-,7717,44986584,44978867
6329,7,44986585,44986586,44986617,-,7719,44986586,44978867
6330,7,44986590,44986591,44986622,-,7724,44986591,44978867
6331,7,44986605,44986606,44986637,-,7739,44986606,44978867
6332,7,44986618,44986619,44986650,-,7752,44986619,44978867
6333,7,44986621,44986622,44986653,-,7755,44986622,44978867
6334,7,45111665,45111666,45111697,-,2,45111666,45111664
6335,7,54759144,54759145,54759179,-,-13,54759145,54759158
6336,7,54759149,54759150,54759181,-,-8,54759150,54759158
6337,7,54759153,54759154,54759182,-,-4,54759154,54759158
6338,7,54759157,54759158,54759178,-,0,54759158,54759158
6339,7,54759163,54759164,54759195,-,2,54759164,54759162
6340,7,54759174,54759175,54759205,-,13,54759175,54759162
6341,7,54759176,54759177,54759208,-,15,54759177,54759162
6342,7,54759179,54759180,54759198,-,18,54759180,54759162
6343,7,54759185,54759186,54759211,-,24,54759186,54759162
6344,7,54759202,54759203,54759234,-,41,54759203,54759162
6345,7,54759203,54759204,54759235,-,42,54759204,54759162
6346,7,54759208,54759209,54759233,-,47,54759209,54759162
6347,7,55951929,55951930,55951904,+,0,55951930,55951930
6348,7,55951929,55951930,55951906,+,0,55951930,55951930
6349,7,55951929,55951930,55951916,+,0,55951930,55951930
6350,7,55951929,55951930,55951918,+,0,55951930,55951930
6351,7,56034138,56034139,56034171,-,178,56034139,56033961
6352,7,56051846,56051847,56051765,+,138,56051847,56051985
6353,7,56051881,56051882,56051810,+,103,56051882,56051985
6354,7,56051885,56051886,56051812,+,99,56051886,56051985
6355,7,56106447,56106448,56106476,-,84,56106448,56106364
6356,7,56106448,56106449,56106478,-,85,56106449,56106364
6357,7,56106470,56106471,56106492,-,107,56106471,56106364
6358,7,64314100,64314101,64314016,+,52,64314101,64314153
6359,7,64500708,64500709,64500666,+,165576,64500709,64500709
6360,7,64500723,64500724,64500665,+,165561,64500724,64500724
6361,7,64903357,64903358,64903273,+,61,64903358,64903419
6362,7,65373965,65373966,65373881,+,34,65373966,65374000
6363,7,72879441,72879442,72879357,+,443,72879442,72879885
6364,7,73308764,73308765,73308796,-,67,73308765,73308698
6365,7,73308774,73308775,73308806,-,77,73308775,73308698
6366,7,73308779,73308780,73308816,-,82,73308780,73308698
6367,7,73308780,73308781,73308808,-,83,73308781,73308698
6368,7,73578544,73578545,73578576,-,125,73578545,73578420
6369,7,73578561,73578562,73578579,-,142,73578562,73578420
6370,7,73683399,73683400,73683431,-,2482,73683400,73680918
6371,7,73683672,73683673,73683597,+,0,73683673,73683673
6372,7,73683672,73683673,73683601,+,0,73683673,73683673
6373,7,74890515,74890516,74890566,-,128,74890516,74890388
6374,7,75410399,75410400,75410352,+,-12138,75410400,75398262
6375,7,75486267,75486268,75486299,-,404,75486268,75485864
6376,7,75528088,75528089,75528121,-,42225,75528089,75528089
6377,7,75915178,75915179,75915157,+,0,75915179,75915179
6378,7,76048118,76048119,76048051,+,107,76048119,76048226
6379,7,76048143,76048144,76048067,+,82,76048144,76048226
6380,7,76048185,76048186,76048106,+,40,76048186,76048226
6381,7,76303623,76303624,76303561,+,103,76303624,76303727
6382,7,76303632,76303633,76303563,+,94,76303633,76303727
6383,7,76303744,76303745,76303673,+,-18,76303745,76303727
6384,7,87152531,87152532,87152453,+,23,87152532,87152555
6385,7,87876294,87876295,87876326,-,199,87876295,87876096
6386,7,87876299,87876300,87876331,-,204,87876300,87876096
6387,7,87876560,87876561,87876493,+,217,87876561,87876778
6388,7,88220004,88220005,88220036,-,29,88220005,88219976
6389,7,88220006,88220007,88220038,-,31,88220007,88219976
6390,7,90346773,90346774,90346715,+,0,90346774,90346774
6391,7,90346773,90346774,90346719,+,0,90346774,90346774
6392,7,92590315,92590316,92590345,-,48,92590316,92590268
6393,7,92590315,92590316,92590347,-,48,92590316,92590268
6394,7,92590331,92590332,92590348,-,64,92590332,92590268
6395,7,92623335,92623336,92623367,-,33068,92623336,92623336
6396,7,92626403,92626404,92626435,-,36136,92626404,92626404
6397,7,92626417,92626418,92626450,-,36150,92626418,92626418
6398,7,92626419,92626420,92626438,-,36152,92626420,92626420
6399,7,92836562,92836563,92836489,+,-307380,92836563,92836563
6400,7,93232454,93232455,93232376,+,45,93232455,93232500
6401,7,94004326,94004327,94004355,-,129,94004327,94004198
6402,7,94004330,94004331,94004362,-,133,94004331,94004198
6403,7,96709777,96709778,96709807,-,90,96709778,96709688
6404,7,96709780,96709781,96709812,-,93,96709781,96709688
6405,7,96709784,96709785,96709816,-,97,96709785,96709688
6406,7,96709805,96709806,96709837,-,118,96709806,96709688
6407,7,96709811,96709812,96709843,-,124,96709812,96709688
6408,7,96709819,96709820,96709849,-,132,96709820,96709688
6409,7,96709828,96709829,96709846,-,141,96709829,96709688
6410,7,96709832,96709833,96709864,-,145,96709833,96709688
6411,7,97972289,97972290,97972321,-,-17754,97972290,97990044
6412,7,99325982,99325983,99325910,+,21,99325983,99326004
6413,7,99374763,99374764,99374696,+,17,99374764,99374781
6414,7,99374780,99374781,99374730,+,0,99374781,99374781
6415,7,99466120,99466121,99466152,-,-8,99466121,99466129
6416,7,99466123,99466124,99466155,-,-5,99466124,99466129
6417,7,99466130,99466131,99466162,-,2,99466131,99466129
6418,7,99466134,99466135,99466166,-,6,99466135,99466129
6419,7,99466136,99466137,99466164,-,8,99466137,99466129
6420,7,99466146,99466147,99466167,-,18,99466147,99466129
6421,7,100015678,100015679,100015599,+,47,100015679,100015726
6422,7,100081691,100081692,100081723,-,57,100081692,100081635
6423,7,100101349,100101350,100101379,-,86,100101350,100101264
6424,7,100101365,100101366,100101397,-,102,100101366,100101264
6425,7,100336198,100336199,100336114,+,16279,100336199,100352478
6426,7,100436412,100436413,100436444,-,272,100436413,100436141
6427,7,100586097,100586098,100586129,-,217,100586098,100585881
6428,7,100875244,100875245,100875160,+,83,100875245,100875328
6429,7,100875261,100875262,100875177,+,66,100875262,100875328
6430,7,100875272,100875273,100875188,+,55,100875273,100875328
6431,7,101218215,101218216,101218181,+,1,101218216,101218217
6432,7,101218216,101218217,101218152,+,0,101218217,101218217
6433,7,101218216,101218217,101218163,+,0,101218217,101218217
6434,7,101218216,101218217,101218165,+,0,101218217,101218217
6435,7,101218216,101218217,101218168,+,0,101218217,101218217
6436,7,101218216,101218217,101218178,+,0,101218217,101218217
6437,7,101218216,101218217,101218179,+,0,101218217,101218217
6438,7,101218216,101218217,101218185,+,0,101218217,101218217
6439,7,101245033,101245034,101245065,-,74,101245034,101244960
6440,7,101245055,101245056,101245081,-,96,101245056,101244960
6441,7,101816088,101816089,101816008,+,4,101816089,101816093
6442,7,101816092,101816093,101816021,+,0,101816093,101816093
6443,7,102363963,102363964,102363883,+,447,102363964,102364411
6444,7,102478899,102478900,102478922,-,92,102478900,102478808
6445,7,103075224,103075225,103075140,+,186,103075225,103075411
6446,7,103075230,103075231,103075159,+,180,103075231,103075411
6447,7,103297519,103297520,103297435,+,38,103297520,103297558
6448,7,103297526,103297527,103297442,+,31,103297527,103297558
6449,7,103297530,103297531,103297456,+,27,103297531,103297558
6450,7,103347712,103347713,103347644,+,68,103347713,103347781
6451,7,103347716,103347717,103347643,+,64,103347717,103347781
6452,7,103347737,103347738,103347663,+,43,103347738,103347781
6453,7,103347738,103347739,103347669,+,42,103347739,103347781
6454,7,103347742,103347743,103347680,+,38,103347743,103347781
6455,7,103347745,103347746,103347664,+,35,103347746,103347781
6456,7,103347747,103347748,103347676,+,33,103347748,103347781
6457,7,103347748,103347749,103347674,+,32,103347749,103347781
6458,7,103347749,103347750,103347665,+,31,103347750,103347781
6459,7,103347750,103347751,103347672,+,30,103347751,103347781
6460,7,105268989,105268990,105269021,-,184,105268990,105268806
6461,7,105269021,105269022,105269022,-,216,105269022,105268806
6462,7,105269048,105269049,105269077,-,243,105269049,105268806
6463,7,107169026,107169027,107169003,+,0,107169027,107169027
6464,7,107744175,107744176,107744142,+,0,107744176,107744176
6465,7,107744175,107744176,107744145,+,0,107744176,107744176
6466,7,107744175,107744176,107744154,+,0,107744176,107744176
6467,7,107744175,107744176,107744159,+,0,107744176,107744176
6468,7,112450544,112450545,112450460,+,100,112450545,112450645
6469,7,113118530,113118531,113118554,-,3,113118531,113118528
6470,7,118184242,118184243,118184169,+,11,118184243,118184254
6471,7,123557766,123557767,123557804,-,-8,123557767,123557775
6472,7,123557772,123557773,123557807,-,-2,123557773,123557775
6473,7,123557783,123557784,123557815,-,9,123557784,123557775
6474,7,123557786,123557787,123557818,-,12,123557787,123557775
6475,7,123557800,123557801,123557830,-,26,123557801,123557775
6476,7,127585545,127585546,127585577,-,1395,127585546,127584151
6477,7,127652245,127652246,127652161,+,205,127652246,127652451
6478,7,127652249,127652250,127652165,+,201,127652250,127652451
6479,7,128739431,128739432,128739371,+,0,128739432,128739432
6480,7,128862914,128862915,128862856,+,147,128862915,128863062
6481,7,128862937,128862938,128862861,+,124,128862938,128863062
6482,7,129055079,129055080,129055111,-,429,129055080,129054651
6483,7,129055082,129055083,129055113,-,432,129055083,129054651
6484,7,133484121,133484122,133484153,-,402265,133484122,133484122
6485,7,133484219,133484220,133484238,-,402363,133484220,133484220
6486,7,133484240,133484241,133484273,-,402384,133484241,133484241
6487,7,134459066,134459067,134459098,-,70,134459067,134458997
6488,7,134646889,134646890,134646825,+,47,134646890,134646937
6489,7,135557971,135557972,135557917,+,0,135557972,135557972
6490,7,135557971,135557972,135557928,+,0,135557972,135557972
6491,7,135557971,135557972,135557931,+,0,135557972,135557972
6492,7,135662593,135662594,135662543,+,0,135662594,135662594
6493,7,135977335,135977336,135977359,-,307,135977336,135977029
6494,7,139109698,139109699,139109720,-,675,139109699,139109024
6495,7,139360014,139360015,139359945,+,307,139360015,139360322
6496,7,140479334,140479335,140479364,-,175,140479335,140479160
6497,7,140479485,140479486,140479517,-,326,140479486,140479160
6498,7,141014607,141014608,141014639,-,57,141014608,141014551
6499,7,141014617,141014618,141014648,-,67,141014618,141014551
6500,7,141014619,141014620,141014651,-,69,141014620,141014551
6501,7,141014631,141014632,141014663,-,81,141014632,141014551
6502,7,141014646,141014647,141014679,-,96,141014647,141014551
6503,7,141551433,141551434,141551410,+,0,141551434,141551434
6504,7,141551433,141551434,141551418,+,0,141551434,141551434
6505,7,141738409,141738410,141738358,+,0,141738410,141738410
6506,7,141738409,141738410,141738365,+,0,141738410,141738410
6507,7,141738409,141738410,141738368,+,0,141738410,141738410
6508,7,141738409,141738410,141738371,+,0,141738410,141738410
6509,7,141738409,141738410,141738372,+,0,141738410,141738410
6510,7,141738409,141738410,141738379,+,0,141738410,141738410
6511,7,142352902,142352903,142352819,+,-241096,142352903,142352903
6512,7,142560475,142560476,142560422,+,189048,142560476,142560476
6513,7,142560488,142560489,142560433,+,189035,142560489,142560489
6514,7,142560505,142560506,142560421,+,189018,142560506,142560506
6515,7,142560513,142560514,142560429,+,189010,142560514,142560514
6516,7,142560515,142560516,142560431,+,189008,142560516,142560516
6517,7,142560532,142560533,142560465,+,188991,142560533,142560533
6518,7,142560532,142560533,142560477,+,188991,142560533,142560533
6519,7,142560628,142560629,142560544,+,188895,142560629,142560629
6520,7,142560713,142560714,142560630,+,188810,142560714,142560714
6521,7,142563825,142563826,142563747,+,185698,142563826,142563826
6522,7,142787679,142787680,142787634,+,-16658,142787680,142771022
6523,7,142787685,142787686,142787629,+,-16664,142787686,142771022
6524,7,142796164,142796165,142796080,+,-25143,142796165,142796165
6525,7,148884248,148884249,148884290,-,85,148884249,148884164
6526,7,148941569,148941570,148941488,+,185085,148941570,148941570
6527,7,148963399,148963400,148963315,+,163255,148963400,148963400
6528,7,148987213,148987214,148987248,-,-41107,148987214,148987214
6529,7,150368882,150368883,150368822,+,58,150368883,150368941
6530,7,150514926,150514927,150514859,+,18,150514927,150514945
6531,7,150514934,150514935,150514857,+,10,150514935,150514945
6532,7,150514939,150514940,150514861,+,5,150514940,150514945
6533,7,150514944,150514945,150514872,+,0,150514945,150514945
6534,7,150514944,150514945,150514874,+,0,150514945,150514945
6535,7,150567436,150567437,150567370,+,0,150567437,150567437
6536,7,150567436,150567437,150567390,+,0,150567437,150567437
6537,7,150567436,150567437,150567393,+,0,150567437,150567437
6538,7,150632351,150632352,150632385,-,183,150632352,150632169
6539,7,150685768,150685769,150685705,+,16,150685769,150685785
6540,7,150737428,150737429,150737348,+,279,150737429,150737708
6541,7,150737440,150737441,150737368,+,267,150737441,150737708
6542,7,150737449,150737450,150737365,+,258,150737450,150737708
6543,7,150737459,150737460,150737376,+,248,150737460,150737708
6544,7,150737501,150737502,150737422,+,206,150737502,150737708
6545,7,152676108,152676109,152676140,-,68,152676109,152676041
6546,7,152676112,152676113,152676141,-,72,152676113,152676041
6547,7,152676112,152676113,152676143,-,72,152676113,152676041
6548,7,156893147,156893148,156893179,-,220,156893148,156892928
6549,7,156893152,156893153,156893183,-,225,156893153,156892928
6550,7,158663228,158663229,158663260,-,-26590,158663229,158663229
6551,8,2215338,2215339,2215259,+,-170171,2215339,2215339
6552,8,9003002,9003003,9002929,+,168,9003003,9003171
6553,8,9555989,9555990,9555914,+,622,9555990,9556612
6554,8,11802872,11802873,11802791,+,37,11802873,11802910
6555,8,17246826,17246827,17246857,-,152,17246827,17246675
6556,8,17246830,17246831,17246862,-,156,17246831,17246675
6557,8,17246833,17246834,17246865,-,159,17246834,17246675
6558,8,17923064,17923065,17922990,+,123,17923065,17923188
6559,8,17923068,17923069,17922988,+,119,17923069,17923188
6560,8,17923068,17923069,17922993,+,119,17923069,17923188
6561,8,18210179,18210180,18210109,+,0,18210180,18210180
6562,8,21919787,21919788,21919757,+,0,21919788,21919788
6563,8,22141885,22141886,22141907,-,435,22141886,22141451
6564,8,22604841,22604842,22604757,+,0,22604842,22604842
6565,8,22604841,22604842,22604763,+,0,22604842,22604842
6566,8,22669063,22669064,22669095,-,20,22669064,22669044
6567,8,22669089,22669090,22669121,-,46,22669090,22669044
6568,8,23600105,23600106,23600138,-,-82498,23600106,23600106
6569,8,26383150,26383151,26383068,+,79,26383151,26383230
6570,8,26578021,26578022,26577953,+,271,26578022,26578293
6571,8,26578022,26578023,26577945,+,270,26578023,26578293
6572,8,26578029,26578030,26577958,+,263,26578030,26578293
6573,8,27837778,27837779,27837810,-,69,27837779,27837710
6574,8,27837784,27837785,27837807,-,75,27837785,27837710
6575,8,27837784,27837785,27837816,-,75,27837785,27837710
6576,8,27837785,27837786,27837817,-,76,27837786,27837710
6577,8,27837786,27837787,27837806,-,77,27837787,27837710
6578,8,28889882,28889883,28889914,-,9,28889883,28889874
6579,8,28889888,28889889,28889920,-,15,28889889,28889874
6580,8,28890460,28890461,28890395,+,217,28890461,28890678
6581,8,30095484,30095485,30095410,+,43,30095485,30095528
6582,8,30156405,30156406,30156369,+,0,30156406,30156406
6583,8,31033921,31033922,31033837,+,51,31033922,31033973
6584,8,33485220,33485221,33485181,+,0,33485221,33485221
6585,8,33485220,33485221,33485182,+,0,33485221,33485221
6586,8,33485220,33485221,33485183,+,0,33485221,33485221
6587,8,33485220,33485221,33485186,+,0,33485221,33485221
6588,8,33513558,33513559,33513474,+,-28338,33513559,33513559
6589,8,33513559,33513560,33513475,+,-28339,33513560,33513560
6590,8,38105583,38105584,38105529,+,154,38105584,38105738
6591,8,41490612,41490613,41490562,+,0,41490613,41490613
6592,8,41529314,41529315,41529249,+,73,41529315,41529388
6593,8,41529332,41529333,41529248,+,55,41529333,41529388
6594,8,41529345,41529346,41529261,+,42,41529346,41529388
6595,8,42051960,42051961,42051987,-,60,42051961,42051901
6596,8,42271395,42271396,42271318,+,73,42271396,42271469
6597,8,42391922,42391923,42391869,+,5,42391923,42391928
6598,8,42391927,42391928,42391872,+,0,42391928,42391928
6599,8,42391927,42391928,42391877,+,0,42391928,42391928
6600,8,47960116,47960117,47960136,-,144,47960117,47959973
6601,8,47960999,47961000,47960928,+,14,47961000,47961014
6602,8,47961013,47961014,47960964,+,0,47961014,47961014
6603,8,48008469,48008470,48008431,+,0,48008470,48008470
6604,8,54135324,54135325,54135261,+,66,54135325,54135391
6605,8,56074440,56074441,56074472,-,60,56074441,56074381
6606,8,56074478,56074479,56074507,-,98,56074479,56074381
6607,8,56074487,56074488,56074506,-,107,56074488,56074381
6608,8,56211836,56211837,56211787,+,0,56211837,56211837
6609,8,56211836,56211837,56211789,+,0,56211837,56211837
6610,8,58553302,58553303,58553261,+,0,58553303,58553303
6611,8,59119040,59119041,59119071,-,155,59119041,59118886
6612,8,63038772,63038773,63038804,-,113,63038773,63038660
6613,8,66114261,66114262,66114183,+,13174,66114262,66127436
6614,8,67062097,67062098,67062129,-,244,67062098,67061854
6615,8,67062099,67062100,67062131,-,246,67062100,67061854
6616,8,67062109,67062110,67062139,-,256,67062110,67061854
6617,8,67062114,67062115,67062138,-,261,67062115,67061854
6618,8,67062116,67062117,67062133,-,263,67062117,67061854
6619,8,67062119,67062120,67062151,-,266,67062120,67061854
6620,8,73008948,73008949,73008864,+,256,73008949,73009205
6621,8,73746821,73746822,73746840,-,39,73746822,73746783
6622,8,73878793,73878794,73878825,-,-14,73878794,73878808
6623,8,73878807,73878808,73878833,-,0,73878808,73878808
6624,8,73972083,73972084,73972117,-,7,73972084,73972077
6625,8,73972234,73972235,73972267,-,-10,73972235,73972245
6626,8,73976276,73976277,73976195,+,214,73976277,73976491
6627,8,73976283,73976284,73976206,+,207,73976284,73976491
6628,8,80030225,80030226,80030257,-,172,80030226,80030054
6629,8,80030229,80030230,80030259,-,176,80030230,80030054
6630,8,80030233,80030234,80030263,-,180,80030234,80030054
6631,8,80030238,80030239,80030270,-,185,80030239,80030054
6632,8,80030240,80030241,80030260,-,187,80030241,80030054
6633,8,81686297,81686298,81686329,-,46,81686298,81686252
6634,8,85220320,85220321,85220352,-,15,85220321,85220306
6635,8,85220322,85220323,85220354,-,17,85220323,85220306
6636,8,85220326,85220327,85220356,-,21,85220327,85220306
6637,8,85220333,85220334,85220365,-,28,85220334,85220306
6638,8,85220340,85220341,85220372,-,35,85220341,85220306
6639,8,85220345,85220346,85220379,-,40,85220346,85220306
6640,8,86508623,86508624,86508655,-,132,86508624,86508492
6641,8,90001539,90001540,90001476,+,21,90001540,90001561
6642,8,90001541,90001542,90001477,+,19,90001542,90001561
6643,8,91070007,91070008,91070039,-,29364,91070008,91070008
6644,8,91070021,91070022,91070053,-,29378,91070022,91070022
6645,8,94553419,94553420,94553451,-,35,94553420,94553385
6646,8,94823368,94823369,94823295,+,-68,94823369,94823301
6647,8,94823370,94823371,94823290,+,-70,94823371,94823301
6648,8,94895166,94895167,94895201,-,-10,94895167,94895177
6649,8,96235499,96235500,96235536,-,-12,96235500,96235512
6650,8,96235511,96235512,96235533,-,0,96235512,96235512
6651,8,96235511,96235512,96235537,-,0,96235512,96235512
6652,8,96235511,96235512,96235542,-,0,96235512,96235512
6653,8,96235513,96235514,96235544,-,2,96235514,96235512
6654,8,96235520,96235521,96235552,-,9,96235521,96235512
6655,8,96235541,96235542,96235559,-,30,96235542,96235512
6656,8,98045479,98045480,98045511,-,-28,98045480,98045508
6657,8,98045482,98045483,98045514,-,-25,98045483,98045508
6658,8,98045493,98045494,98045526,-,-14,98045494,98045508
6659,8,98045519,98045520,98045551,-,12,98045520,98045508
6660,8,98045528,98045529,98045545,-,21,98045529,98045508
6661,8,98045568,98045569,98045590,-,61,98045569,98045508
6662,8,98117134,98117135,98117166,-,103,98117135,98117032
6663,8,99893614,99893615,99893647,-,-24,99893615,99893639
6664,8,99893636,99893637,99893663,-,-2,99893637,99893639
6665,8,99893638,99893639,99893656,-,0,99893639,99893639
6666,8,99893638,99893639,99893659,-,0,99893639,99893639
6667,8,99893638,99893639,99893664,-,0,99893639,99893639
6668,8,99893639,99893640,99893673,-,1,99893640,99893639
6669,8,99893647,99893648,99893679,-,9,99893648,99893639
6670,8,99893648,99893649,99893678,-,10,99893649,99893639
6671,8,99893651,99893652,99893676,-,13,99893652,99893639
6672,8,99893655,99893656,99893687,-,17,99893656,99893639
6673,8,99893657,99893658,99893674,-,19,99893658,99893639
6674,8,99893662,99893663,99893681,-,24,99893663,99893639
6675,8,99893664,99893665,99893684,-,26,99893665,99893639
6676,8,99893665,99893666,99893686,-,27,99893666,99893639
6677,8,99893675,99893676,99893707,-,37,99893676,99893639
6678,8,100150708,100150709,100150636,+,0,100150709,100150709
6679,8,100150708,100150709,100150638,+,0,100150709,100150709
6680,8,100150708,100150709,100150639,+,0,100150709,100150709
6681,8,100150708,100150709,100150656,+,0,100150709,100150709
6682,8,100150708,100150709,100150657,+,0,100150709,100150709
6683,8,100150708,100150709,100150658,+,0,100150709,100150709
6684,8,100150708,100150709,100150661,+,0,100150709,100150709
6685,8,100150708,100150709,100150670,+,0,100150709,100150709
6686,8,100150708,100150709,100150687,+,0,100150709,100150709
6687,8,100150708,100150709,100150689,+,0,100150709,100150709
6688,8,100951981,100951982,100952017,-,53,100951982,100951929
6689,8,100951987,100951988,100952019,-,59,100951988,100951929
6690,8,100952031,100952032,100952063,-,103,100952032,100951929
6691,8,101205616,101205617,101205648,-,182,101205617,101205435
6692,8,102412675,102412676,102412700,-,503,102412676,102412173
6693,8,102864140,102864141,102864163,-,258,102864141,102863883
6694,8,103021138,103021139,103021079,+,43,103021139,103021182
6695,8,103021148,103021149,103021083,+,33,103021149,103021182
6696,8,103415075,103415076,103415107,-,292,103415076,103414784
6697,8,103415078,103415079,103415104,-,295,103415079,103414784
6698,8,103415110,103415111,103415142,-,327,103415111,103414784
6699,8,108248678,108248679,108248708,-,66,108248679,108248613
6700,8,108248684,108248685,108248716,-,72,108248685,108248613
6701,8,108248691,108248692,108248723,-,79,108248692,108248613
6702,8,108248692,108248693,108248724,-,80,108248693,108248613
6703,8,108248696,108248697,108248717,-,84,108248697,108248613
6704,8,108248697,108248698,108248729,-,85,108248698,108248613
6705,8,108248698,108248699,108248730,-,86,108248699,108248613
6706,8,108248709,108248710,108248726,-,97,108248710,108248613
6707,8,108248712,108248713,108248733,-,100,108248713,108248613
6708,8,109334055,109334056,109334087,-,163,109334056,109333893
6709,8,109334090,109334091,109334121,-,198,109334091,109333893
6710,8,109334401,109334402,109334324,+,0,109334402,109334402
6711,8,109334401,109334402,109334326,+,0,109334402,109334402
6712,8,109334401,109334402,109334339,+,0,109334402,109334402
6713,8,109334401,109334402,109334347,+,0,109334402,109334402
6714,8,109334401,109334402,109334379,+,0,109334402,109334402
6715,8,109334405,109334406,109334332,+,0,109334406,109334406
6716,8,109334405,109334406,109334368,+,0,109334406,109334406
6717,8,109334405,109334406,109334375,+,0,109334406,109334406
6718,8,116755779,116755780,116755811,-,114,116755780,116755666
6719,8,116755951,116755952,116755955,-,286,116755952,116755666
6720,8,116755951,116755952,116755956,-,286,116755952,116755666
6721,8,116874745,116874746,116874776,-,135,116874746,116874611
6722,8,117520777,117520778,117520713,+,275,117520778,117521053
6723,8,119832803,119832804,119832834,-,101,119832804,119832703
6724,8,119832811,119832812,119832841,-,109,119832812,119832703
6725,8,120445076,120445077,120445105,-,9,120445077,120445068
6726,8,120445086,120445087,120445118,-,19,120445087,120445068
6727,8,120445088,120445089,120445120,-,21,120445089,120445068
6728,8,120445094,120445095,120445121,-,27,120445095,120445068
6729,8,120445096,120445097,120445125,-,29,120445097,120445068
6730,8,120445097,120445098,120445129,-,30,120445098,120445068
6731,8,120445098,120445099,120445127,-,31,120445099,120445068
6732,8,120445100,120445101,120445132,-,33,120445101,120445068
6733,8,120445120,120445121,120445150,-,53,120445121,120445068
6734,8,120445124,120445125,120445156,-,57,120445125,120445068
6735,8,120445127,120445128,120445159,-,60,120445128,120445068
6736,8,123042270,123042271,123042302,-,301,123042271,123041970
6737,8,123274254,123274255,123274286,-,38,123274255,123274217
6738,8,123396421,123396422,123396447,-,235,123396422,123396187
6739,8,123416838,123416839,123416774,+,17,123416839,123416856
6740,8,124539040,124539041,124539065,-,16,124539041,124539025
6741,8,124539052,124539053,124539084,-,28,124539053,124539025
6742,8,124539195,124539196,124539123,+,91,124539196,124539287
6743,8,124539228,124539229,124539144,+,58,124539229,124539287
6744,8,124998577,124998578,124998505,+,27,124998578,124998605
6745,8,129939779,129939780,129939808,-,172,129939780,129939608
6746,8,129939779,129939780,129939811,-,172,129939780,129939608
6747,8,133060229,133060230,133060261,-,130,133060230,133060100
6748,8,133060232,133060233,133060264,-,133,133060233,133060100
6749,8,133060264,133060265,133060296,-,165,133060265,133060100
6750,8,133060268,133060269,133060299,-,169,133060269,133060100
6751,8,133074995,133074996,133075027,-,14896,133074996,133060100
6752,8,135457527,135457528,135457456,+,426,135457528,135457954
6753,8,143558413,143558414,143558341,+,37,143558414,143558451
6754,8,143558418,143558419,143558348,+,32,143558419,143558451
6755,8,143597409,143597410,143597441,-,62,143597410,143597348
6756,8,143684541,143684542,143684481,+,0,143684542,143684542
6757,8,143829280,143829281,143829312,-,1,143829281,143829280
6758,8,143829297,143829298,143829315,-,18,143829298,143829280
6759,8,144104546,144104547,144104496,+,311,144104547,144104858
6760,8,144291663,144291664,144291605,+,210,144291664,144291874
6761,8,144291665,144291666,144291608,+,208,144291666,144291874
6762,8,144291666,144291667,144291610,+,207,144291667,144291874
6763,8,144428488,144428489,144428513,-,0,144428489,144428489
6764,8,144792339,144792340,144792371,-,-26,144792340,144792366
6765,8,144792343,144792344,144792379,-,-22,144792344,144792366
6766,8,144792355,144792356,144792389,-,-10,144792356,144792366
6767,8,144792363,144792364,144792395,-,-2,144792364,144792366
6768,8,144792365,144792366,144792394,-,0,144792366,144792366
6769,8,144792365,144792366,144792397,-,0,144792366,144792366
6770,8,144792391,144792392,144792421,-,26,144792392,144792366
6771,8,144792392,144792393,144792423,-,27,144792393,144792366
6772,8,144792397,144792398,144792420,-,32,144792398,144792366
6773,8,145052496,145052497,145052467,+,0,145052497,145052497
6774,8,145052496,145052497,145052475,+,0,145052497,145052497
6775,9,2158495,2158496,2158461,+,0,2158496,2158496
6776,9,2844047,2844048,2844064,-,3,2844048,2844045
6777,9,6015595,6015596,6015615,-,124,6015596,6015472
6778,9,6413273,6413274,6413205,+,369,6413274,6413643
6779,9,6413283,6413284,6413199,+,359,6413284,6413643
6780,9,6413285,6413286,6413201,+,357,6413286,6413643
6781,9,6413311,6413312,6413227,+,331,6413312,6413643
6782,9,7799755,7799756,7799787,-,295,7799756,7799461
6783,9,7799759,7799760,7799778,-,299,7799760,7799461
6784,9,15422949,15422950,15422876,+,243,15422950,15423193
6785,9,19380198,19380199,19380233,-,9,19380199,19380190
6786,9,19380205,19380206,19380236,-,16,19380206,19380190
6787,9,19380208,19380209,19380235,-,19,19380209,19380190
6788,9,32526292,32526293,32526323,-,232,32526293,32526061
6789,9,32573046,32573047,32573078,-,166,32573047,32572881
6790,9,32573056,32573057,32573088,-,176,32573057,32572881
6791,9,32573069,32573070,32573090,-,189,32573070,32572881
6792,9,32573085,32573086,32573117,-,205,32573086,32572881
6793,9,32573088,32573089,32573113,-,208,32573089,32572881
6794,9,32573093,32573094,32573125,-,213,32573094,32572881
6795,9,32573104,32573105,32573121,-,224,32573105,32572881
6796,9,32573106,32573107,32573138,-,226,32573107,32572881
6797,9,32573110,32573111,32573140,-,230,32573111,32572881
6798,9,32573125,32573126,32573159,-,245,32573126,32572881
6799,9,33001578,33001579,33001608,-,12,33001579,33001567
6800,9,33025339,33025340,33025273,+,43,33025340,33025383
6801,9,33025348,33025349,33025275,+,34,33025349,33025383
6802,9,33025360,33025361,33025285,+,22,33025361,33025383
6803,9,33076640,33076641,33076671,-,58,33076641,33076583
6804,9,33076667,33076668,33076691,-,85,33076668,33076583
6805,9,33265095,33265096,33265021,+,51,33265096,33265147
6806,9,33265095,33265096,33265032,+,51,33265096,33265147
6807,9,33265100,33265101,33265020,+,46,33265101,33265147
6808,9,33265110,33265111,33265038,+,36,33265111,33265147
6809,9,33265133,33265134,33265049,+,13,33265134,33265147
6810,9,33290596,33290597,33290546,+,0,33290597,33290597
6811,9,34048857,34048858,34048887,-,-20,34048858,34048878
6812,9,34048865,34048866,34048885,-,-12,34048866,34048878
6813,9,34126617,34126618,34126649,-,264,34126618,34126354
6814,9,34126621,34126622,34126653,-,268,34126622,34126354
6815,9,34179104,34179105,34179050,+,135,34179105,34179240
6816,9,34179108,34179109,34179045,+,131,34179109,34179240
6817,9,34179109,34179110,34179046,+,130,34179110,34179240
6818,9,34329598,34329599,34329553,+,0,34329599,34329599
6819,9,34329598,34329599,34329558,+,0,34329599,34329599
6820,9,34329598,34329599,34329565,+,0,34329599,34329599
6821,9,34329598,34329599,34329569,+,0,34329599,34329599
6822,9,34612065,34612066,34612097,-,2,34612066,34612064
6823,9,34620443,34620444,34620474,-,75,34620444,34620369
6824,9,34620450,34620451,34620471,-,82,34620451,34620369
6825,9,34620452,34620453,34620484,-,84,34620453,34620369
6826,9,34620460,34620461,34620494,-,92,34620461,34620369
6827,9,34620463,34620464,34620495,-,95,34620464,34620369
6828,9,35072536,35072537,35072568,-,200,35072537,35072337
6829,9,35072554,35072555,35072597,-,218,35072555,35072337
6830,9,35072567,35072568,35072598,-,231,35072568,35072337
6831,9,35072593,35072594,35072625,-,257,35072594,35072337
6832,9,35096530,35096531,35096580,-,-30,35096531,35096561
6833,9,35103096,35103097,35103128,-,47,35103097,35103050
6834,9,35103098,35103099,35103126,-,49,35103099,35103050
6835,9,35103100,35103101,35103131,-,51,35103101,35103050
6836,9,35650896,35650897,35650928,-,143,35650897,35650754
6837,9,35650901,35650902,35650931,-,148,35650902,35650754
6838,9,35650903,35650904,35650934,-,150,35650904,35650754
6839,9,35657986,35657987,35658018,-,-7045,35657987,35665032
6840,9,36191003,36191004,36190919,+,269,36191004,36191273
6841,9,36191007,36191008,36190923,+,265,36191008,36191273
6842,9,36191016,36191017,36190932,+,256,36191017,36191273
6843,9,36191030,36191031,36190946,+,242,36191031,36191273
6844,9,36191044,36191045,36190963,+,228,36191045,36191273
6845,9,36572973,36572974,36572895,+,33,36572974,36573007
6846,9,37592538,37592539,37592570,-,127,37592539,37592412
6847,9,37592543,37592544,37592575,-,132,37592544,37592412
6848,9,37592545,37592546,37592577,-,134,37592546,37592412
6849,9,37592547,37592548,37592579,-,136,37592548,37592412
6850,9,37785031,37785032,37785063,-,311,37785032,37784721
6851,9,37785034,37785035,37785064,-,314,37785035,37784721
6852,9,37785036,37785037,37785068,-,316,37785037,37784721
6853,9,37785037,37785038,37785069,-,317,37785038,37784721
6854,9,37785039,37785040,37785070,-,319,37785040,37784721
6855,9,37904321,37904322,37904353,-,254,37904322,37904068
6856,9,68780146,68780147,68780065,+,5419,68780147,68785566
6857,9,70259039,70259040,70258978,+,223,70259040,70259263
6858,9,71911161,71911162,71911193,-,528,71911162,71910634
6859,9,71911704,71911705,71911639,+,131,71911705,71911836
6860,9,71911718,71911719,71911645,+,117,71911719,71911836
6861,9,72365174,72365175,72365205,-,479,72365175,72364696
6862,9,72365179,72365180,72365208,-,484,72365180,72364696
6863,9,72365182,72365183,72365214,-,487,72365183,72364696
6864,9,73151922,73151923,73151865,+,1,73151923,73151924
6865,9,75088623,75088624,75088557,+,102,75088624,75088726
6866,9,79572007,79572008,79571948,+,827,79572008,79572835
6867,9,79572046,79572047,79571965,+,788,79572047,79572835
6868,9,83980178,83980179,83980208,-,26,83980179,83980153
6869,9,83980183,83980184,83980215,-,31,83980184,83980153
6870,9,83980541,83980542,83980572,-,39,83980542,83980503
6871,9,83980542,83980543,83980579,-,40,83980543,83980503
6872,9,83980564,83980565,83980599,-,62,83980565,83980503
6873,9,89311279,89311280,89311195,+,71,89311280,89311351
6874,9,89311282,89311283,89311198,+,68,89311283,89311351
6875,9,89311292,89311293,89311208,+,58,89311293,89311351
6876,9,92293657,92293658,92293689,-,47,92293658,92293611
6877,9,92293702,92293703,92293734,-,92,92293703,92293611
6878,9,92325319,92325320,92325350,-,2,92325320,92325318
6879,9,92404535,92404536,92404566,-,40,92404536,92404496
6880,9,94374653,94374654,94374569,+,273,94374654,94374927
6881,9,96418327,96418328,96418359,-,715,96418328,96417613
6882,9,97013561,97013562,97013593,-,-24356,97013562,97013562
6883,9,97915744,97915745,97915690,+,-59028,97915745,97915745
6884,9,97983387,97983388,97983342,+,221,97983388,97983609
6885,9,97983396,97983397,97983322,+,212,97983397,97983609
6886,9,99222361,99222362,99222277,+,4,99222362,99222366
6887,9,99222365,99222366,99222282,+,0,99222366,99222366
6888,9,99222365,99222366,99222315,+,0,99222366,99222366
6889,9,99222365,99222366,99222317,+,0,99222366,99222366
6890,9,101398569,101398570,101398599,-,69,101398570,101398501
6891,9,101398571,101398572,101398604,-,71,101398572,101398501
6892,9,101398586,101398587,101398618,-,86,101398587,101398501
6893,9,104094385,104094386,104094314,+,62,104094386,104094448
6894,9,104094387,104094388,104094309,+,60,104094388,104094448
6895,9,104094401,104094402,104094317,+,46,104094402,104094448
6896,9,104094405,104094406,104094321,+,42,104094406,104094448
6897,9,104094408,104094409,104094336,+,39,104094409,104094448
6898,9,104094408,104094409,104094339,+,39,104094409,104094448
6899,9,104094408,104094409,104094345,+,39,104094409,104094448
6900,9,104094408,104094409,104094348,+,39,104094409,104094448
6901,9,104747790,104747791,104747737,+,61,104747791,104747852
6902,9,107283308,107283309,107283269,+,0,107283309,107283309
6903,9,107283308,107283309,107283279,+,0,107283309,107283309
6904,9,107283368,107283369,107283284,+,-60,107283369,107283309
6905,9,110148675,110148676,110148591,+,-23080,110148676,110148676
6906,9,110148702,110148703,110148625,+,-23107,110148703,110148703
6907,9,110256474,110256475,110256506,-,63,110256475,110256412
6908,9,110256477,110256478,110256507,-,66,110256478,110256412
6909,9,110256477,110256478,110256509,-,66,110256478,110256412
6910,9,110256496,110256497,110256528,-,85,110256497,110256412
6911,9,110256504,110256505,110256536,-,93,110256505,110256412
6912,9,110256529,110256530,110256561,-,118,110256530,110256412
6913,9,113275541,113275542,113275572,-,160,113275542,113275382
6914,9,113275550,113275551,113275582,-,169,113275551,113275382
6915,9,113275552,113275553,113275570,-,171,113275553,113275382
6916,9,113275552,113275553,113275584,-,171,113275553,113275382
6917,9,113410342,113410343,113410374,-,115,113410343,113410228
6918,9,114387950,114387951,114387982,-,91,114387951,114387860
6919,9,114587828,114587829,114587754,+,91,114587829,114587920
6920,9,114587882,114587883,114587804,+,37,114587883,114587920
6921,9,114587882,114587883,114587809,+,37,114587883,114587920
6922,9,114587889,114587890,114587818,+,30,114587890,114587920
6923,9,114587902,114587903,114587824,+,17,114587903,114587920
6924,9,120843168,120843169,120843084,+,-49247,120843169,120843169
6925,9,122913292,122913293,122913313,-,42,122913293,122913251
6926,9,124415395,124415396,124415427,-,32,124415396,124415364
6927,9,124415411,124415412,124415440,-,48,124415412,124415364
6928,9,124415411,124415412,124415443,-,48,124415412,124415364
6929,9,124415413,124415414,124415445,-,50,124415414,124415364
6930,9,124415414,124415415,124415437,-,51,124415415,124415364
6931,9,124415422,124415423,124415439,-,59,124415423,124415364
6932,9,124415425,124415426,124415442,-,62,124415426,124415364
6933,9,124861892,124861893,124861925,-,-17,124861893,124861910
6934,9,124861899,124861900,124861931,-,-10,124861900,124861910
6935,9,124861902,124861903,124861934,-,-7,124861903,124861910
6936,9,124861902,124861903,124861937,-,-7,124861903,124861910
6937,9,124861915,124861916,124861946,-,6,124861916,124861910
6938,9,124861926,124861927,124861956,-,17,124861927,124861910
6939,9,124861926,124861927,124861957,-,17,124861927,124861910
6940,9,124861928,124861929,124861960,-,19,124861929,124861910
6941,9,124861940,124861941,124861962,-,31,124861941,124861910
6942,9,124861952,124861953,124861988,-,43,124861953,124861910
6943,9,125241301,125241302,125241333,-,297,125241302,125241005
6944,9,125241316,125241317,125241343,-,312,125241317,125241005
6945,9,127720328,127720329,127720244,+,-4166,127720329,127716163
6946,9,128322387,128322388,128322418,-,88,128322388,128322300
6947,9,128322409,128322410,128322441,-,110,128322410,128322300
6948,9,128322411,128322412,128322428,-,112,128322412,128322300
6949,9,128322415,128322416,128322447,-,116,128322416,128322300
6950,9,128371414,128371415,128371352,+,0,128371415,128371415
6951,9,128371414,128371415,128371353,+,0,128371415,128371415
6952,9,128456230,128456231,128456152,+,24,128456231,128456255
6953,9,128504781,128504782,128504719,+,122,128504782,128504904
6954,9,128552663,128552664,128552590,+,32,128552664,128552696
6955,9,128656664,128656665,128656696,-,124,128656665,128656541
6956,9,128656668,128656669,128656700,-,128,128656669,128656541
6957,9,128689314,128689315,128689262,+,340,128689315,128689655
6958,9,128689318,128689319,128689267,+,336,128689319,128689655
6959,9,129111472,129111473,129111388,+,158,129111473,129111631
6960,9,129111496,129111497,129111418,+,134,129111497,129111631
6961,9,129824083,129824084,129824115,-,176,129824084,129823908
6962,9,130693853,130693854,130693775,+,59,130693854,130693913
6963,9,130693855,130693856,130693773,+,57,130693856,130693913
6964,9,130693860,130693861,130693780,+,52,130693861,130693913
6965,9,132079836,132079837,132079866,-,195,132079837,132079642
6966,9,132079840,132079841,132079868,-,199,132079841,132079642
6967,9,132079843,132079844,132079867,-,202,132079844,132079642
6968,9,133031061,133031062,133031000,+,102,133031062,133031164
6969,9,133376028,133376029,133376060,-,107,133376029,133375922
6970,9,136245780,136245781,136245812,-,305,136245781,136245476
6971,9,136410738,136410739,136410658,+,0,136410739,136410739
6972,9,136483008,136483009,136483040,-,71,136483009,136482938
6973,9,136808004,136808005,136807947,+,321,136808005,136808326
6974,9,136886540,136886541,136886516,+,0,136886541,136886541
6975,9,137070535,137070536,137070567,-,646,137070536,137069890
6976,9,137241365,137241366,137241292,+,51,137241366,137241417
6977,9,137241366,137241367,137241288,+,50,137241367,137241417
6978,9,137241371,137241372,137241287,+,45,137241372,137241417
6979,9,137241374,137241375,137241290,+,42,137241375,137241417
6980,X,12975148,12975149,12975110,+,19,12975149,12975168
6981,X,12975176,12975177,12975107,+,-9,12975177,12975168
6982,X,12975178,12975179,12975108,+,-11,12975179,12975168
6983,X,16870300,16870301,16870332,-,254,16870301,16870047
6984,X,18354654,18354655,18354686,-,63,18354655,18354592
6985,X,19799741,19799742,19799773,-,108,19799742,19799634
6986,X,20141803,20141804,20141835,-,179,20141804,20141625
6987,X,24055030,24055031,24054946,+,6,24055031,24055037
6988,X,24693985,24693986,24693921,+,0,24693986,24693986
6989,X,24694003,24694004,24693950,+,0,24694004,24694004
6990,X,38561620,38561621,38561536,+,6,38561621,38561627
6991,X,38561623,38561624,38561547,+,3,38561624,38561627
6992,X,38561626,38561627,38561542,+,0,38561627,38561627
6993,X,38561626,38561627,38561544,+,0,38561627,38561627
6994,X,38612364,38612365,38612297,+,-50738,38612365,38612365
6995,X,38612603,38612604,38612531,+,-50977,38612604,38612604
6996,X,40097926,40097927,40097958,-,-4,40097927,40097931
6997,X,41334246,41334247,41334162,+,50,41334247,41334297
6998,X,47144662,47144663,47144694,-,180,47144663,47144483
6999,X,47144672,47144673,47144702,-,190,47144673,47144483
7000,X,47144674,47144675,47144692,-,192,47144675,47144483
7001,X,47144690,47144691,47144722,-,208,47144691,47144483
7002,X,47145305,47145306,47145221,+,179,47145306,47145485
7003,X,47145340,47145341,47145268,+,144,47145341,47145485
7004,X,47190929,47190930,47190845,+,20,47190930,47190950
7005,X,47190931,47190932,47190847,+,18,47190932,47190950
7006,X,47193890,47193891,47193829,+,133,47193891,47194024
7007,X,47233085,47233086,47233009,+,133,47233086,47233219
7008,X,47233087,47233088,47233026,+,131,47233088,47233219
7009,X,47233089,47233090,47233011,+,129,47233090,47233219
7010,X,47233091,47233092,47233024,+,127,47233092,47233219
7011,X,47659117,47659118,47659137,-,3,47659118,47659115
7012,X,47659894,47659895,47659896,-,780,47659895,47659115
7013,X,48476250,48476251,48476176,+,145,48476251,48476396
7014,X,48521906,48521907,48521859,+,0,48521907,48521907
7015,X,48574552,48574553,48574477,+,20,48574553,48574573
7016,X,48574563,48574564,48574487,+,9,48574564,48574573
7017,X,48574565,48574566,48574491,+,7,48574566,48574573
7018,X,48574568,48574569,48574484,+,4,48574569,48574573
7019,X,48574572,48574573,48574515,+,0,48574573,48574573
7020,X,48897970,48897971,48897931,+,43,48897971,48898014
7021,X,48897991,48897992,48897926,+,22,48897992,48898014
7022,X,48911614,48911615,48911646,-,69,48911615,48911546
7023,X,48918992,48918993,48919024,-,219,48918993,48918774
7024,X,49073970,49073971,49074002,-,162,49073971,49073809
7025,X,49235576,49235577,49235496,+,109,49235577,49235686
7026,X,51803116,51803117,51803076,+,0,51803117,51803117
7027,X,53225175,53225176,53225207,-,436,53225176,53224740
7028,X,53422623,53422624,53422654,-,132,53422624,53422492
7029,X,53434333,53434334,53434365,-,15,53434334,53434319
7030,X,53434343,53434344,53434370,-,25,53434344,53434319
7031,X,54440476,54440477,54440404,+,25,54440477,54440502
7032,X,54530301,54530302,54530238,+,0,54530302,54530302
7033,X,64976425,64976426,64976450,-,101,64976426,64976325
7034,X,65534706,65534707,65534739,-,-11,65534707,65534718
7035,X,65534739,65534740,65534756,-,22,65534740,65534718
7036,X,65667727,65667728,65667654,+,125,65667728,65667853
7037,X,65667731,65667732,65667655,+,121,65667732,65667853
7038,X,65667766,65667767,65667736,+,86,65667767,65667853
7039,X,70289879,70289880,70289910,-,20,70289880,70289860
7040,X,71111521,71111522,71111551,-,97,71111522,71111425
7041,X,71111521,71111522,71111553,-,97,71111522,71111425
7042,X,71111523,71111524,71111555,-,99,71111524,71111425
7043,X,71111525,71111526,71111557,-,101,71111526,71111425
7044,X,71111526,71111527,71111556,-,102,71111527,71111425
7045,X,71111530,71111531,71111560,-,106,71111531,71111425
7046,X,71111534,71111535,71111566,-,110,71111535,71111425
7047,X,71111541,71111542,71111571,-,117,71111542,71111425
7048,X,71111542,71111543,71111574,-,118,71111543,71111425
7049,X,71111545,71111546,71111575,-,121,71111546,71111425
7050,X,71111548,71111549,71111579,-,124,71111549,71111425
7051,X,71111555,71111556,71111577,-,131,71111556,71111425
7052,X,71283712,71283713,71283635,+,8,71283713,71283721
7053,X,71533177,71533178,71533101,+,158,71533178,71533336
7054,X,71533177,71533178,71533105,+,158,71533178,71533336
7055,X,71533179,71533180,71533104,+,156,71533180,71533336
7056,X,71533191,71533192,71533109,+,144,71533192,71533336
7057,X,72181792,72181793,72181754,+,35,72181793,72181828
7058,X,72277199,72277200,72277218,-,7,72277200,72277193
7059,X,72277218,72277219,72277248,-,26,72277219,72277193
7060,X,73944413,73944414,73944339,+,360620,73944414,73944414
7061,X,73944413,73944414,73944342,+,360620,73944414,73944414
7062,X,73944413,73944414,73944344,+,360620,73944414,73944414
7063,X,73944413,73944414,73944345,+,360620,73944414,73944414
7064,X,73944413,73944414,73944346,+,360620,73944414,73944414
7065,X,77895390,77895391,77895422,-,82,77895391,77895309
7066,X,77899508,77899509,77899464,+,84,77899509,77899593
7067,X,77899547,77899548,77899463,+,45,77899548,77899593
7068,X,77899552,77899553,77899468,+,40,77899553,77899593
7069,X,77899559,77899560,77899475,+,33,77899560,77899593
7070,X,77899564,77899565,77899480,+,28,77899565,77899593
7071,X,77899569,77899570,77899485,+,23,77899570,77899593
7072,X,77899575,77899576,77899491,+,17,77899576,77899593
7073,X,77899579,77899580,77899495,+,13,77899580,77899593
7074,X,77899584,77899585,77899500,+,8,77899585,77899593
7075,X,78104300,78104301,78104256,+,104,78104301,78104405
7076,X,78104325,78104326,78104245,+,79,78104326,78104405
7077,X,78104330,78104331,78104246,+,74,78104331,78104405
7078,X,78104332,78104333,78104248,+,72,78104333,78104405
7079,X,78104339,78104340,78104255,+,65,78104340,78104405
7080,X,78139594,78139595,78139626,-,34,78139595,78139561
7081,X,79144755,79144756,79144671,+,461,79144756,79145217
7082,X,79144756,79144757,79144672,+,460,79144757,79145217
7083,X,79144757,79144758,79144673,+,459,79144758,79145217
7084,X,79144758,79144759,79144674,+,458,79144759,79145217
7085,X,79144759,79144760,79144675,+,457,79144760,79145217
7086,X,79144760,79144761,79144676,+,456,79144761,79145217
7087,X,79144762,79144763,79144678,+,454,79144763,79145217
7088,X,79144763,79144764,79144679,+,453,79144764,79145217
7089,X,79144763,79144764,79144682,+,453,79144764,79145217
7090,X,79144764,79144765,79144680,+,452,79144765,79145217
7091,X,79144768,79144769,79144684,+,448,79144769,79145217
7092,X,79144772,79144773,79144688,+,444,79144773,79145217
7093,X,79144777,79144778,79144695,+,439,79144778,79145217
7094,X,79144781,79144782,79144697,+,435,79144782,79145217
7095,X,79144783,79144784,79144700,+,433,79144784,79145217
7096,X,79144785,79144786,79144711,+,431,79144786,79145217
7097,X,79144794,79144795,79144709,+,422,79144795,79145217
7098,X,79144795,79144796,79144726,+,421,79144796,79145217
7099,X,79144800,79144801,79144731,+,416,79144801,79145217
7100,X,79144802,79144803,79144718,+,414,79144803,79145217
7101,X,79144804,79144805,79144723,+,412,79144805,79145217
7102,X,79144806,79144807,79144739,+,410,79144807,79145217
7103,X,79144807,79144808,79144734,+,409,79144808,79145217
7104,X,79367267,79367268,79367287,-,163,79367268,79367105
7105,X,79367282,79367283,79367314,-,178,79367283,79367105
7106,X,79367283,79367284,79367312,-,179,79367284,79367105
7107,X,79367285,79367286,79367316,-,181,79367286,79367105
7108,X,79367285,79367286,79367317,-,181,79367286,79367105
7109,X,79367288,79367289,79367320,-,184,79367289,79367105
7110,X,79367295,79367296,79367325,-,191,79367296,79367105
7111,X,79367297,79367298,79367318,-,193,79367298,79367105
7112,X,79367304,79367305,79367333,-,200,79367305,79367105
7113,X,79367305,79367306,79367330,-,201,79367306,79367105
7114,X,79367306,79367307,79367336,-,202,79367307,79367105
7115,X,79367308,79367309,79367328,-,204,79367309,79367105
7116,X,79367308,79367309,79367331,-,204,79367309,79367105
7117,X,79367311,79367312,79367334,-,207,79367312,79367105
7118,X,79367328,79367329,79367348,-,224,79367329,79367105
7119,X,79367330,79367331,79367359,-,226,79367331,79367105
7120,X,79367335,79367336,79367362,-,231,79367336,79367105
7121,X,79367335,79367336,79367367,-,231,79367336,79367105
7122,X,79367344,79367345,79367375,-,240,79367345,79367105
7123,X,81121608,81121609,81121638,-,74,81121609,81121535
7124,X,85244063,85244064,85243991,+,127,85244064,85244191
7125,X,86047518,86047519,86047554,-,35,86047519,86047484
7126,X,100820473,100820474,100820411,+,0,100820474,100820474
7127,X,101098233,101098234,101098204,+,0,101098234,101098234
7128,X,101348683,101348684,101348713,-,151,101348684,101348533
7129,X,101348688,101348689,101348718,-,156,101348689,101348533
7130,X,101407893,101407894,101407925,-,184,101407894,101407710
7131,X,101407905,101407906,101407933,-,196,101407906,101407710
7132,X,101408287,101408288,101408216,+,31,101408288,101408319
7133,X,101408289,101408290,101408214,+,29,101408290,101408319
7134,X,101408291,101408292,101408222,+,27,101408292,101408319
7135,X,101408291,101408292,101408226,+,27,101408292,101408319
7136,X,101408293,101408294,101408244,+,25,101408294,101408319
7137,X,101408294,101408295,101408230,+,24,101408295,101408319
7138,X,101408295,101408296,101408238,+,23,101408296,101408319
7139,X,101617944,101617945,101617976,-,60,101617945,101617885
7140,X,101623201,101623202,101623127,+,74,101623202,101623276
7141,X,101623235,101623236,101623151,+,40,101623236,101623276
7142,X,102155939,102155940,102155971,-,81,102155940,102155859
7143,X,102155943,102155944,102155977,-,85,102155944,102155859
7144,X,103064142,103064143,103064171,-,47,103064143,103064096
7145,X,103064142,103064143,103064174,-,47,103064143,103064096
7146,X,103215192,103215193,103215108,+,45,103215193,103215238
7147,X,103255139,103255140,103255170,-,62,103255140,103255078
7148,X,103255146,103255147,103255173,-,69,103255147,103255078
7149,X,103255146,103255147,103255177,-,69,103255147,103255078
7150,X,103255151,103255152,103255185,-,74,103255152,103255078
7151,X,103255154,103255155,103255175,-,77,103255155,103255078
7152,X,103255171,103255172,103255203,-,94,103255172,103255078
7153,X,103356545,103356546,103356461,+,60,103356546,103356606
7154,X,103356547,103356548,103356463,+,58,103356548,103356606
7155,X,103356554,103356555,103356470,+,51,103356555,103356606
7156,X,103356562,103356563,103356478,+,43,103356563,103356606
7157,X,103356564,103356565,103356480,+,41,103356565,103356606
7158,X,103356565,103356566,103356481,+,40,103356566,103356606
7159,X,103376612,103376613,103376538,+,0,103376613,103376613
7160,X,103686666,103686667,103686696,-,36,103686667,103686631
7161,X,103686673,103686674,103686705,-,43,103686674,103686631
7162,X,103686681,103686682,103686699,-,51,103686682,103686631
7163,X,103686683,103686684,103686715,-,53,103686684,103686631
7164,X,103686693,103686694,103686722,-,63,103686694,103686631
7165,X,103688028,103688029,103688047,-,40,103688029,103687989
7166,X,107628563,107628564,107628490,+,186,107628564,107628750
7167,X,107628593,107628594,107628511,+,156,107628594,107628750
7168,X,107628594,107628595,107628510,+,155,107628595,107628750
7169,X,107628596,107628597,107628515,+,153,107628597,107628750
7170,X,107628597,107628598,107628513,+,152,107628598,107628750
7171,X,108091506,108091507,108091538,-,100,108091507,108091407
7172,X,108091508,108091509,108091540,-,102,108091509,108091407
7173,X,108091509,108091510,108091542,-,103,108091510,108091407
7174,X,108091509,108091510,108091544,-,103,108091510,108091407
7175,X,108091835,108091836,108091784,+,0,108091836,108091836
7176,X,108091835,108091836,108091788,+,0,108091836,108091836
7177,X,111681254,111681255,111681170,+,44,111681255,111681299
7178,X,111681262,111681263,111681179,+,36,111681263,111681299
7179,X,115702823,115702824,115702793,+,-63055,115702824,115702824
7180,X,119468580,119468581,119468496,+,45,119468581,119468626
7181,X,119565350,119565351,119565382,-,119,119565351,119565232
7182,X,119565352,119565353,119565384,-,121,119565353,119565232
7183,X,119565377,119565378,119565409,-,146,119565378,119565232
7184,X,119693127,119693128,119693157,-,52,119693128,119693076
7185,X,119693127,119693128,119693159,-,52,119693128,119693076
7186,X,119693138,119693139,119693168,-,63,119693139,119693076
7187,X,119791572,119791573,119791625,-,-1,119791573,119791574
7188,X,119791573,119791574,119791600,-,0,119791574,119791574
7189,X,119791573,119791574,119791618,-,0,119791574,119791574
7190,X,119791574,119791575,119791605,-,1,119791575,119791574
7191,X,119791577,119791578,119791598,-,4,119791578,119791574
7192,X,119791591,119791592,119791608,-,18,119791592,119791574
7193,X,119791619,119791620,119791652,-,46,119791620,119791574
7194,X,119871951,119871952,119871877,+,61,119871952,119872013
7195,X,119871952,119871953,119871879,+,60,119871953,119872013
7196,X,119871957,119871958,119871880,+,55,119871958,119872013
7197,X,119871959,119871960,119871886,+,53,119871960,119872013
7198,X,120469264,120469265,120469296,-,159,120469265,120469106
7199,X,120604141,120604142,120604064,+,105,120604142,120604247
7200,X,120604180,120604181,120604101,+,66,120604181,120604247
7201,X,120604182,120604183,120604110,+,64,120604183,120604247
7202,X,123961819,123961820,123961738,+,36,123961820,123961856
7203,X,124346366,124346367,124346282,+,119,124346367,124346486
7204,X,124346369,124346370,124346285,+,116,124346370,124346486
7205,X,124346398,124346399,124346314,+,87,124346399,124346486
7206,X,124346404,124346405,124346324,+,81,124346405,124346486
7207,X,124346615,124346616,124346531,+,-130,124346616,124346486
7208,X,124346617,124346618,124346533,+,-132,124346618,124346486
7209,X,124346634,124346635,124346550,+,122,124346635,124346757
7210,X,124346636,124346637,124346552,+,120,124346637,124346757
7211,X,124346639,124346640,124346555,+,117,124346640,124346757
7212,X,124346647,124346648,124346563,+,109,124346648,124346757
7213,X,124346662,124346663,124346578,+,94,124346663,124346757
7214,X,124346664,124346665,124346580,+,92,124346665,124346757
7215,X,129779988,129779989,129779916,+,165,129779989,129780154
7216,X,129780047,129780048,129779963,+,106,129780048,129780154
7217,X,129780050,129780051,129779966,+,103,129780051,129780154
7218,X,129780052,129780053,129779968,+,101,129780053,129780154
7219,X,130165829,130165830,130165859,-,279,130165830,130165551
7220,X,136648269,136648270,136648185,+,134,136648270,136648404
7221,X,136648295,136648296,136648231,+,108,136648296,136648404
7222,X,136648304,136648305,136648220,+,99,136648305,136648404
7223,X,136648314,136648315,136648230,+,89,136648315,136648404
7224,X,136779534,136779535,136779566,-,-1183,136779535,136780718
7225,X,136780853,136780854,136780885,-,136,136780854,136780718
7226,X,136780857,136780858,136780883,-,140,136780858,136780718
7227,X,136780865,136780866,136780897,-,148,136780866,136780718
7228,X,136780866,136780867,136780886,-,149,136780867,136780718
7229,X,136780874,136780875,136780906,-,157,136780875,136780718
7230,X,136780882,136780883,136780914,-,165,136780883,136780718
7231,X,136780900,136780901,136780932,-,183,136780901,136780718
7232,X,136780919,136780920,136780945,-,202,136780920,136780718
7233,X,136880702,136880703,136880722,-,106,136880703,136880597
7234,X,148052052,148052053,148052012,+,-70374,148052053,148052053
7235,X,150983375,150983376,150983358,+,0,150983376,150983376
7236,X,152830667,152830668,152830727,-,-40,152830668,152830708
7237,X,153724320,153724321,153724352,-,-13,153724321,153724334
7238,X,153724322,153724323,153724354,-,-11,153724323,153724334
7239,X,153724342,153724343,153724380,-,9,153724343,153724334
7240,X,153724342,153724343,153724381,-,9,153724343,153724334
7241,X,153794682,153794683,153794609,+,71,153794683,153794754
7242,X,153794736,153794737,153794672,+,17,153794737,153794754
7243,X,153794737,153794738,153794676,+,16,153794738,153794754
7244,X,153794741,153794742,153794657,+,12,153794742,153794754
7245,X,153971786,153971787,153971818,-,1139,153971787,153970648
7246,X,154371192,154371193,154371217,-,320,154371193,154370873
7247,X,154398388,154398389,154398310,+,5,154398389,154398394
7248,X,154428745,154428746,154428687,+,107,154428746,154428853
7249,X,154428746,154428747,154428677,+,106,154428747,154428853
7250,X,154437220,154437221,154437154,+,78,154437221,154437299
7251,X,154437221,154437222,154437165,+,77,154437222,154437299
7252,X,154546813,154546814,154546845,-,25,154546814,154546789
7253,X,154546816,154546817,154546846,-,28,154546817,154546789
7254,X,155027070,155027071,155027041,+,0,155027071,155027071
7255,X,155051353,155051354,155051286,+,20296,155051354,155051354
7256,X,155216533,155216534,155216474,+,41,155216534,155216575
7257,X,155216534,155216535,155216460,+,40,155216535,155216575
